,Renta variable EE.UU. (mercado),Prima Value (HML),Prima Tamaño (SMB),Consumo básico,Industria,Energía,Materiales / Químicas,Tecnología,Comunicaciones,Utilities,Consumo discrecional,Salud,Financiero,Otros sectores,Metales preciosos (mineras),Inmobiliario,Semiconductores,Prima Momentum,Petróleo WTI (spot),Cesta de producción (PPI),Hipotecario 30 años (aprox.),Treasury 2 años,Treasury 10 años,Treasury 30 años,Crédito Baa (aprox.),Crédito Aaa (aprox.),TIPS 10 años (aprox.),Liquidez (letras 3m),Desarrollados ex EE.UU. (French),Emergentes (French),Oro (lingote),Plata,Materias primas (índice),Cobre,Treasury 1-3 años (SHY),Treasury 7-10 años (IEF),Treasury 20+ años (TLT),Crédito Investment Grade (LQD),Crédito High Yield (HYG),Crédito ultracorto plazo (ICSH),Deuda emergente (EMB),TIPS (TIP),Renta variable emergente,Renta variable internacional,Small caps,Renta fija EE.UU. (mercado)
1959-01-31,-2.667988375213445,1.0003256657437096,-1.3311535097748621,-1.4576488189301713,1.496152871850116,-1.7160108461223311,1.4405578792011682,2.4292145515640207,-5.033861960848748,6.067856837070259,4.001218286473005,-5.980094099125264,6.669227100005488,1.6421305617623052,2.8402143396863595,-1.050421603699975,0.47378411800477394,10.25769659391248,,,,,,,,,,0.007691260088767582,7.351604883007981,-3.429404442011253,4.272435455490266,-0.2318662215892512,-1.577375811849003,2.5586067149547316,-0.5055659058873735,-1.6716478124340464,0.3702885654189132,,,-2.517922121838696,-3.620547180875967,,8.840728496765646,1.8975441597145424,-0.058495181407005714,1.9643525036947622
1959-02-28,3.6713992341528225,-1.4374114160218867,-0.019637190368340385,4.8082990471835005,0.2152425001160581,-1.6756274963240905,1.971379474086584,-2.3884495410222537,2.9870939364841704,2.464700406360861,-3.5733152725502615,-1.9198495092913737,-1.0210803601673772,3.8456299575211963,-0.9738861618152377,2.342948650965888,4.755105406911696,1.426950263207457,0.19935468843725263,-0.39170579870305205,-1.5740624012087208,-0.08680866368039786,-1.0944048908660489,-1.8500710404564285,-0.4439624933041242,2.511641198581137,-3.706496235924395,0.023092501788089914,2.4662465822022366,1.6668807046169756,-1.872413926575794,-0.6756349092928193,-3.213592893495603,4.31984861874304,1.6554688831818851,2.0920223067930888,4.659193947392585,-0.4439624933041242,,0.4378230203528351,-3.6677895006201258,,3.4623022222334683,-3.2413472522551565,3.9944724580185893,4.377322861329386
1959-03-31,5.450305936394619,0.8512246658836085,3.623812650633607,0.0323579964801215,6.825962189641464,5.217115225545407,-1.1170876446449662,4.694082663801621,2.9514850630400016,2.8152248701346623,2.6898260255173945,4.7224341035243675,-0.579979643514742,-2.3159127127660044,0.9304061202274423,-3.5188190439017815,7.779476954203388,6.544742418688733,-0.35078865967711836,-0.5645697558979514,0.571335957442226,-0.2679940972998462,-0.8855335559304994,-1.335146770599893,0.029911360068231252,-4.898572831497705,-1.427163059305949,0.00886775712574428,2.2613069124756984,1.7969891291439595,-2.2801548154624376,1.2875004827654055,4.625902309874129,-5.989835977474688,1.4613077886964243,8.696231876830428,-0.9890799399063002,0.029911360068231252,,-1.8250393356846648,3.4936134255009237,,-3.902912321269958,-1.7112401564692448,1.5021256933833516,0.18793840322247146
1959-04-30,-0.8085112992704819,6.027300484071947,3.301503292586135,3.280950700791617,-2.552869372715593,-3.6501218813426184,9.254775131594181,-1.7775025718025277,-2.8348477186220387,-1.2675517802994527,2.856106969784188,-1.466106215507347,3.991647093443666,5.019853007282083,4.716001578068274,5.6448480132829015,0.4291288506971226,2.003325731332653,-0.450594553075199,-0.20283231480221298,-2.5547824449359116,-0.17161027755196592,-0.3108547267448353,-2.3327259609191136,-1.7772029079237037,0.23168697384378623,0.3594878603304378,-0.0011696641018627552,-6.583027037564561,6.653716011596097,1.712461901400288,3.0043850145234314,0.2067765894057606,0.0077679003116903345,2.853292973273718,0.39680562556018006,2.401996936434306,-1.7772029079237037,,0.824522166911012,2.1883458209453757,,-4.364261656924911,3.919192695058016,-3.859272145365587,-3.1792646095302173
1959-05-31,3.268922032136742,-0.9409347280061775,3.484731244550991,-2.8801115762965397,-4.627830291554986,4.427876801158827,-2.933500349868442,-1.6552367516438695,-5.387821070765196,2.1503573227663315,2.833691277256582,8.60513315863958,-1.9141858382916064,-4.506595270907595,-2.95549927159938,-0.9704187100455013,4.038693747290517,-0.2906508191137993,0.5379127361789122,-0.3279568032293916,1.4638943855745,-0.2325851989049566,-0.9935928625436073,-1.981887020655919,0.006862551952060814,-3.3950578167882774,-2.264959876481414,-0.006009138610831355,0.3751098104957358,0.8307535090021696,4.4222576875072805,-3.7389520615263017,5.763986522562647,-0.5801912750504099,-0.7437767009144978,-6.330628703893534,3.845429256610333,0.006862551952060814,,0.5056728356586809,0.7976876911564459,,-3.607160479143354,-1.0415957547968806,-1.403249832111796,-0.04099057775520287
1959-06-30,-0.05407989648564615,6.243102284086959,-2.5951038595479226,0.15023206931862365,1.5273153984685561,-0.534224646146809,-3.9734735226736655,4.481193607548313,0.8900131774135283,-0.2630259085639648,-3.8782326267988445,-5.116868703484009,4.950844103665524,-4.3767060501555015,0.7169526722033821,0.6864495111389719,5.385782602031311,7.919180677724054,0.7382489738018996,-0.17028436243049816,-3.1491606146835904,-0.28106131634830817,-0.966366019328751,-1.4967074606660837,-0.7755385337863445,0.8076653904338003,-6.420434839132033,0.013787365025693055,-3.140751999961261,1.3948051062930333,-0.4693774308241837,-1.2363382360136836,4.805667068031594,0.837172796595183,-0.05061282569673031,3.325144955066256,2.2573474810768013,-0.7755385337863445,,1.3449930217380075,-2.22802269405968,,-0.5970210574860229,1.4187792582484873,2.492740867268219,-2.351119275080104
1959-07-31,1.1104935035352619,3.4582881802719148,2.477637462824244,-1.6592793197546185,3.315401621902207,0.6943319362659497,-0.5424909473332111,2.0082332348424923,1.5833784157891164,-1.4942722936009942,-4.862326829819679,1.6034359023095532,3.7645966876253056,8.320227968041802,-1.424369742772607,-2.963790319552769,8.946208798047415,4.2317482935565796,-0.3518048032786632,0.4542596793421975,1.2958558154585702,-0.08243812393364025,-0.5179966529828853,-0.7977492444859344,-4.352089321041406,-0.8112632404682838,5.110844111338369,0.0039806278059066336,2.511884299957406,0.5383352962733359,-0.6455470346154137,1.1270729699330249,0.050352413557863296,-0.054373980652720866,0.0889203412033654,3.0148312070838696,-7.458307629833955,-4.352089321041406,,-1.2540744307127758,2.4481534258165913,,3.634686838173976,-3.8216650037001267,1.5596861497737393,-0.06073122817578913
1959-08-31,-4.8693623996116,2.4621440353980795,-8.197902494970771,-0.0696737289914991,3.4420867793765955,-3.6615472958002897,-3.457760995341041,5.811150296115352,-4.450222276550734,0.39187087371124946,-1.3556521543111428,1.2392608825992504,0.46862789679114897,-2.1491001127941796,2.126127422489483,2.5224695611030463,0.6849328564264094,2.9954755627139282,0.26970336933779665,-0.4200254615403702,-1.2048768594461625,-0.16518113208172713,-0.14422245434593406,-2.051275767083471,1.5333484600164082,3.000914690339902,-0.3180609845036046,0.010131468488726869,-0.28057017866980316,8.259856631604572,-2.3143095948024794,3.025923776584195,1.7914637874482207,3.2339214985796882,2.236810442978368,1.2946786697474508,-4.071957310210984,1.5333484600164082,,2.578445339108316,0.08348200415289597,,-7.492743422794839,-0.5658488233272738,2.612027742836794,5.122544787413265
1959-09-30,-6.730231699984777,-2.2374783981787902,-3.59019614616576,-1.2023695472952203,0.07965754615312187,-0.2606369691804239,5.021112495482856,5.027580098873986,-2.171679698045387,2.223891598105457,0.4980560536464933,3.7254530210784065,4.628507342889408,-0.9252481419004911,5.57368172618528,-3.49549962551838,2.308479208121594,3.4206300809848704,0.7270234679555491,0.12581277984733774,1.874446069351026,-0.15578154692298718,-0.7656937093219183,0.1696094409697736,-0.5610251710209002,-2.166348636737158,-1.2172511198769729,-0.010001679986905432,-3.2333190073466773,-0.7673356704504115,3.0842881504032977,2.1472858736837614,3.475178621043221,0.036013324205156794,-4.249534594172079,1.4711604894766879,-3.0162753716995,-0.5610251710209002,,-1.1222472716836611,-0.645007888880205,,-2.776084669665066,1.8978459972816406,1.5490980278162136,3.5023582557735704
1959-10-31,-1.5218705790401073,-1.4118990456060612,-1.6905143251995751,1.7410186631156694,-1.6479738725284503,-1.826311026781875,-1.0644096571232098,2.4886186718260044,2.550538331431787,0.8844551051198396,2.286084325660002,2.0594266870391538,4.030289246854679,3.326923557729016,2.118582095565115,0.7599691610448122,-0.399923133642789,-0.1164034458387011,0.24062321566671063,0.5128879659431292,-1.7366858472393383,-0.07284818939291698,0.30065696681659937,0.11966863389922844,0.745969564367397,-0.15330202593137202,-3.5494764117007334,0.013445553464981663,1.8844933457486333,-1.9185208879421576,-2.4207444916636622,-0.17079472264549378,-5.406601377697411,-1.5214025237167879,-1.7391963480236394,1.935313613132609,-2.4891845604304073,0.745969564367397,,-0.8897965325571081,-3.756607024443421,,-0.945151840855562,2.075536982963907,0.026185817552595803,-1.7147757576510227
1959-11-30,1.7540213725024678,2.3576620561595614,0.21517626618490815,-2.105069066523196,-5.019134992285782,0.917647742721086,7.654564267113192,2.5869415409733967,1.6697871558359951,6.415751361892173,1.1047382200674911,-1.5544596131156916,-1.0230370327833298,8.87444809234131,1.7294928200831539,5.565995251663211,2.0725451636202883,3.5844961119213026,0.6601512472149581,-0.036498038299047963,0.5082815201944888,-0.06994701865146102,-0.4486758491655573,-0.6137911378003909,-0.8280954215394958,1.3076240073749492,1.4154776055347207,0.02667701671585948,-1.1957481721681193,-1.4858506436605268,0.7952841452495706,1.8955876575718902,-4.099796179095159,3.8261556613719603,-2.6441184935585595,-0.5725466640027167,-0.8466448000104975,-0.8280954215394958,,0.9903557358530602,0.7117051458502192,,-3.298493246723593,-3.1674337110280812,-2.5760062827840327,-1.820154832071832
1959-12-31,-0.2222919269367155,6.150411765169567,1.4641900930205476,-1.054019271919903,0.7923884188876749,3.346269944892606,3.583480803756505,-0.8507005329738695,-0.6126049474685746,0.7888197640330681,-4.983011113915819,5.0674360061955115,5.826422400407324,2.3003033251017246,2.9284483139730706,3.8349166952720233,1.8759823176306347,-5.62027310957304,-0.03146169359222967,0.4119000039484821,1.3418562093450426,0.010379669159233218,-0.06555457829587902,1.0397164518170985,-0.0300361820422671,-1.7820435252760292,-0.39346847221926823,0.004019954889707189,-1.3323003364714836,3.2263193846271085,-2.2559563251582864,1.5425086840357118,0.1225266772249633,-4.363379403476597,2.5067829780554933,1.6252054761752455,1.8471439010423856,-0.0300361820422671,,-3.05966436742527,1.3417628545665088,,0.5825442182625145,7.743893193998005,-2.5727406674721975,1.1526289017242655
1960-01-31,0.6689821965423706,-8.764045715092212,-0.17534326484526436,-1.9739182404582278,6.53713911354701,1.8949537790713724,-1.0810021307305069,1.9297830268977392,1.1309431371954926,2.0549569095049702,2.388432018310617,-2.6411758311360227,-1.3379255609869105,0.26743683602726387,2.0677938412747143,6.258580494653248,-3.6705542937931805,7.092894058336761,0.46615485190469386,-0.20132333188806406,-0.5892832122218543,-0.10501048080948394,-0.0647257622762088,-0.4476945215758554,-0.2393805528070609,1.4005338992256282,0.7795259629200917,0.0226581810474471,5.751491349329918,3.2837390289313957,0.28948831941427344,4.080838885887684,3.1968752920266814,7.816821328423676,-0.24721338872796522,-1.6267901839206196,0.5166217715935152,-0.2393805528070609,,3.405138861019363,-0.1318810378770155,,0.13410921382312796,1.4056349005340874,-0.7632270688635767,-0.17539140063597514
1960-02-29,4.071758483693804,-0.6229247484387909,5.014333759924012,-2.5130234408987837,-1.5899323302835984,-1.6701285866595743,4.48627597981447,-6.115975904903143,-0.3593234871986295,-4.235368869535261,-3.0579148756399226,-3.937345981577733,1.7708574375892803,-5.889988144199763,-2.3823993376374037,4.328702233374405,0.44639847398534394,-0.5552361613285419,0.38547912677471086,-0.3027285726676894,-0.5284679706836345,-0.04157360045756725,0.5565357869520828,0.08120083287275859,0.9018805585534615,0.13488564046068396,-2.2341814567444613,0.0009855603510440791,1.7199103723198736,1.9722656839382973,1.7807697464543928,-4.668537122259014,-2.8596377140456917,1.962473136163283,-1.4136739601103034,1.367214236682011,-1.8232984930697993,0.9018805585534615,,-3.9018793275869426,0.4998514068024056,,-7.686114054768541,2.702546653393446,1.674294990090365,-4.768294440501132
1960-03-31,0.4821703335371134,1.048108729254745,-3.239508442738614,1.4389750849157723,-3.991449965867461,3.3192371578754623,0.2502656208818161,-5.765940341137896,1.5652410105901327,0.5838324972073816,-1.5091206494755909,-2.464804274583899,-1.811342643370418,-3.0894271452984206,-4.726983895507434,-6.236235276158122,-1.0958764059363268,4.124274208277083,0.26955708160559183,-0.35967296864241677,0.8214161497062735,0.04834610418098062,0.28498291215497423,0.7497292462901157,0.3240886212235102,0.5078151115760665,1.973880669178711,0.009598015233716728,-1.667450200465894,-0.7169986349130345,-2.9463460401722936,4.229157042538862,4.270769960128124,-0.22190603021564925,-3.4323948076262556,-3.678622702982708,3.000972073144481,0.3240886212235102,,-1.910985945012785,2.734813743886009,,4.592596002178522,-0.15015090025285613,1.3357070106428335,-1.462158502841956
1960-04-30,0.7962927382080444,-6.032757209370448,-0.555140965874013,4.270238511629363,1.507423390624826,3.0557472880184604,-3.8044115836484447,3.915788399647438,-4.941682150158744,4.417798725508886,5.68851364318252,-0.08659253720004234,-3.5251376823157035,-3.097168765433772,5.310612897735274,-1.7939423024457546,-6.189492540124259,-5.917418706433206,0.270562813314693,-0.1321787935585429,1.524675717128967,0.08864900215004207,0.3005261008709844,0.09221133148043054,0.25157778859063107,-3.190061464668827,1.7793774861114886,-0.004896548190308603,0.20282348498187697,-2.475591982105611,1.7387657674791162,-1.5535332087538083,0.4339762655401824,-0.5811541734438339,-2.2423469229855546,-1.2351405373207782,0.7682894528402512,0.25157778859063107,,0.06961701830737421,-1.019362341642896,,4.77812007074956,-1.7515662108049046,3.1379884480900073,3.3628750519205393
1960-05-31,-1.1287231920222482,0.7594116480445436,0.16379884749410706,1.0599314021545596,4.218638694355485,-3.841399969928094,0.4334791829723487,2.808766951517211,-0.8096086968261573,1.1924424539265215,2.6744821805933636,3.6146916613642426,-1.5705588734692109,2.3941573387004333,-4.180210039583884,5.813650596803236,-0.05198069586968823,5.464200583695535,-0.6161868165680691,0.5373558623934698,0.2690933008048965,-0.057457957963136796,0.7340835962571255,1.4662700543311784,4.318486869202141,2.1368231593461466,-0.8561648490312663,-0.01064914583406118,-0.17507109044964797,0.04559950773777538,-2.213933203943395,-3.522303541246075,3.28937704772412,1.1572879852275104,4.8656874335965385,-0.47991148165526437,3.1834974311101045,4.318486869202141,,3.037776755434623,-1.5202481584425143,,0.07753601483851413,3.681914212803917,-0.010986358246604211,2.348825395660691
1960-06-30,2.9682468088389653,-7.7721662715144575,1.941415280610129,7.144906551174687,-2.7618878152691577,5.770682390544662,1.6474137239292959,1.7641484924414743,-1.8557076985916,-4.263985422365174,-4.417972674369651,2.3313138816104444,-2.318294456494132,0.43338354169890647,1.2041355635001032,-1.0567976972638535,1.0262727172313875,1.7600420809033817,0.08893738485144231,0.5495255093388356,1.3079017576703234,0.03790603313360075,0.2552105253014161,1.4826534056191039,-1.0413907553113166,3.079879104337116,-2.44504899271835,-0.00675316236756851,0.7114591085831992,4.193815875493041,-2.7777666587999206,-0.586215238152929,5.9178279963775555,1.4959900439231926,-4.210329582241515,-6.158511406322894,-2.1548718057147176,-1.0413907553113166,,-0.43744978281546076,-1.9498958620059765,,4.6358821215186925,-1.3906956865143072,0.9410597214295913,-0.21081086400491184
1960-07-31,-1.9524378583258317,7.963456466469039,3.230734415135184,5.309909461737033,-3.7814586306957034,-1.0353833957406255,1.2270450254576941,10.162904250177327,-4.054276881070252,-6.3413970093124306,4.263060531311484,1.2035223180238481,1.441808966872212,-6.145412632375662,-0.19950683594118185,-3.7075375388847585,0.9566541067243173,-0.989906069794084,1.1579952679765357,0.7069066067115379,-1.278288245009056,0.115780641565567,0.3638237893833693,0.1297639670523814,-0.04553486887081959,-2.2069444587272025,3.9234004364402457,0.01809529426055112,2.0926622712276943,-3.8420626260221886,0.6004719981387807,-0.1265030623699016,-1.4747144667927383,0.5287145936232134,-2.871632163880908,0.2561193355958678,-1.5651153279167707,-0.04553486887081959,,-0.3813312109940476,6.142259366410254,,-2.176644634714649,-3.3603874995840775,-1.1440955471908991,4.742482360344959
1960-08-31,3.2361708808549947,-4.637341484486068,1.8111107546671166,-4.0893341713057,1.2191728608209678,2.7522258787795173,-1.7025207798630413,-1.5649402770475749,1.1028794118228635,1.0406220650862505,6.68415291685601,0.926976112314069,0.581310949183105,0.8574408678751202,-0.2077635031723044,1.3725599294542419,-8.186179103927701,-3.215659780956474,0.04046863797156813,0.22722839103333964,2.0160154747518733,0.06804878382745277,0.2312568238546125,1.064828382922897,3.6314140468447933,5.566525236347687,0.5260435693704268,0.008222265840675813,-3.0654681287333347,-2.177412709136529,-0.8508435082504837,1.0728849674277736,3.933519632614059,0.10745774652767309,-2.956013022684577,1.2901145260909566,1.0638080352546748,3.6314140468447933,,1.1044609230518687,0.22029516376787656,,3.073140818625986,-4.888937170661301,-2.00677177117758,-2.6018855063421054
1960-09-30,1.0186303526595182,3.6075963001256186,0.037825301936901035,-1.5418439171770557,1.6826188667733533,-3.032489006261411,-7.660793423638803,7.080798515165258,-1.1977387883997532,4.534474469305717,0.8201057047457923,4.359737093865192,-4.558066091252694,0.1308527635830587,2.251283461834457,-1.0388693689043942,4.527072792713198,0.5241028765057735,-0.020493658869023434,0.24841439167078327,1.5483876585835177,0.0508065077690682,0.07787320569005785,0.9247730511852057,1.9315951428380966,-3.6760021483162286,0.5812471931282613,0.0028591020096198627,-6.830197031794165,-7.472470624123659,1.0199120900260528,3.707485113926496,0.6145866214973017,1.7266730334809623,2.3824017860336535,-0.3895816538083555,-1.8066515815541737,1.9315951428380966,,-1.7443642125457206,0.8678259606621825,,0.8246284228732852,-1.647437931267246,3.0555122219505604,4.368267870723516
1960-10-31,-0.9766248368384742,2.685554120780496,-3.9842298424157834,-4.5134932543869954,0.18200848810623166,0.6265203406201552,1.243686769364807,2.0926505387678542,-0.05799719002713016,2.0559962390910034,2.236936203670905,4.422247210042428,-3.286842326158223,2.532684161210149,-0.049647835152266895,-7.173505975151163,1.350958338967353,3.8585971061668296,0.017490308037289293,0.22682723554579703,-2.0751215120082525,-0.03201693765254676,0.6467876008537168,0.8827716509273378,-4.5447974753101565,1.7705906970946723,2.7199603865107425,0.011751190011587254,3.5790219341364318,-0.2220607043251317,3.6733975486913155,4.882734282111057,-0.7517259520189101,-0.8599908155827729,-2.3847856223867328,-0.8967248181227416,-0.05684653679426016,-4.5447974753101565,,1.8136069758374351,0.16223214889886134,,-2.3829193598186733,3.0106394738430535,-1.0153236080024326,3.113293835983086
1960-11-30,2.4735622772092056,-4.2379695380225835,1.2708949583797933,-0.8288314141320989,1.4585855785735125,-1.2094094536067863,1.8385165667780043,2.372889544437788,2.4156965674294613,5.418554170266422,3.970652234082647,3.8641924264550163,0.13582582993488285,-0.9742151353645381,3.74911775617727,-3.558215586328277,-1.2968266362474918,-0.9697784365317157,0.28992820189836627,0.5380251533034519,2.144333479043884,0.15200205828320046,0.2869777213199454,-0.6052410760907934,4.167609802902964,1.712986910898389,-5.862141184288227,0.033259786987239415,3.4985477984602036,-6.192891120958118,1.451902340144636,-0.49005494731653526,-5.027638263922169,6.540940607051895,0.3932114356880641,-3.0928009342433467,-2.4597563324732716,4.167609802902964,,-1.350859223584019,-0.07955860206025947,,3.6942241382623315,0.7026202901689078,-1.7328717402529583,-3.3195495075904273
1960-12-31,4.039434749939859,2.306460354958897,1.4740247112805767,-6.319879404859791,-1.2206243786010127,-2.4055834851343474,0.565724682870748,-1.7888808245527912,3.496930415318984,-0.6059079787318477,2.190912869762817,-2.1628759255843373,0.6953990018425381,3.1128200963927544,2.031253854277741,0.8763969474468821,2.4742572537046783,-0.9205318804307607,0.44068693729657105,0.21532997541277743,-0.7032448104484375,-0.018308630620487987,0.4021063751513555,1.096416181270241,-0.1565268406092584,1.1197158263381475,8.133332521983267,0.046013435853565376,-0.8625261380322531,0.9527286140660617,-0.33009934872213437,4.365267595682447,0.4462673017199251,-0.35920162424139,-1.219264657087844,-2.446654365966754,1.3613235702754212,-0.1565268406092584,,-5.786935330242173,3.202982526656031,,-5.773614343103451,2.4147020418161773,-3.117355245068408,-0.34114763077527965
1961-01-31,-2.4713715446875453,6.182582055549658,0.5672292550359896,3.7108178984165945,-4.328564445737888,3.5187872726582836,-5.263164298759203,0.16862886705443847,-0.7212280377222644,-0.253174954351376,-0.5450600146079814,-2.1353731421889366,-1.9221779571448696,2.9327207253633083,0.7166829450660848,1.058293267518074,2.1527016378591926,0.13250495757730035,0.3259639415112095,-0.06672040908004523,1.4438488298076755,-0.08190748570241846,-0.3266966498502922,0.19881404056899027,-1.9381615298431376,-0.9689424734663008,-4.994740008978378,0.004127729098180155,-0.5339077218956103,8.367312095313011,2.866857509646588,1.394146452255493,3.2746501774977363,10.276141999681947,-0.23444964052954448,0.926808726209966,0.26154769544056694,-1.9381615298431376,,4.0291305603870144,-3.140365655835585,,1.4198885091299418,7.731098190840226,2.1366456667486364,-0.7865759703784305
1961-02-28,-2.157043611119665,3.0962544601378825,3.7925766435950994,8.39763671597915,-1.1425030094083244,-5.190907703924992,4.322975955063559,4.22299409117126,0.5676112354222544,-4.030146038149111,3.779379043918084,7.930372912049164,-4.539009462302261,-2.395040849853395,-0.6784024669598727,0.8598113698306085,4.741252119019485,1.5093616554767157,0.35136533544682097,-0.517621592249426,2.2061678656309835,0.07180638511201176,0.23321038253183618,0.6862069014869749,5.596436195020288,0.964512638515143,-1.625437608850612,-0.0033763893013082358,2.8665386475131176,-0.8759992008150306,5.478720073901535,-0.9380107435146556,-3.1332192558411602,6.109336615945024,2.483684612390009,-0.024533347674722372,3.0706754316696343,5.596436195020288,,0.6395523252878017,0.9301635509837478,,2.9563720080460603,-6.267407413930956,0.6376187635089015,-0.441647788325692
1961-03-31,-5.469331225350333,1.4599380077163537,2.463983411555815,-1.5629067027158838,-0.7282938201075151,1.2528950379464188,4.589370749743987,-7.331631369919752,-0.3618902764787471,-3.6098374251707583,2.934699511129841,2.326707995537893,4.67019885299536,6.667421719666401,0.5846241004934707,1.4273208832965942,3.24861902307041,-0.6775131343180132,0.04788133815294787,1.0471994488362928,-1.7456298244685093,-0.08397255337316725,0.3739785940152846,0.009821927750874315,-2.5868461771024425,0.8821287907465489,2.576215968284771,0.02194462532926511,-0.2311162578991569,1.0347125142216256,0.5904156750855205,-0.16199981053779539,-0.3699389357391301,-0.9803097761470745,-3.2684371678947057,1.5204732119718392,2.9972810272413684,-2.5868461771024425,,-3.1638771221642727,3.249031747731169,,2.325289398054746,0.39995285392628416,-5.6164891576804035,-3.698032092710155
1961-04-30,-4.0347052769747025,3.253542753305817,0.058841726530868166,1.9639861333511193,-0.03741436261725517,-2.7445087521136955,-2.0680424176997145,2.0910981697026383,3.3760772415437144,6.835402766917098,-2.396369253251356,4.985728177000594,-2.6726787048924785,-11.806382649065807,-3.907651291530776,-0.819950159773966,-2.182978492478189,-0.4687331757607741,0.20013701757491986,1.154311735319669,0.6594964379629951,0.03974774975112488,-0.5095846563046214,-0.46382633494518516,0.2246068258069247,-1.000563205462118,-0.9238182940496131,0.005153434920050104,-1.0327605005035758,-2.142805600527512,0.7581358583877157,-7.368032013634768,-3.053106757981282,-2.477166007983696,1.1169113469717202,-2.466551273399262,-5.062565060862321,0.2246068258069247,,0.5796530532785068,3.3238546552899764,,-0.15053738447431692,-2.687778691548432,1.776222813141156,-0.4407623076677394
1961-05-31,2.8910052034477145,-2.9634504107828397,5.7222712186609614,-3.2600655053842607,-2.1910962577075184,-6.315380480928249,-3.4298593288719266,4.83821587647649,-8.789257421343603,-2.067789811427655,1.5615934244930614,-0.4015050317732125,2.1233290026655305,2.147488728896515,5.759937826089106,0.8352373840650494,-1.5566316011341348,2.089265148126419,0.9849592493586236,1.0630925245970024,0.6433842552845673,-0.040742757853158784,0.07925052066209742,-0.041621217887208795,-0.18019955446030522,2.0518580367894126,4.500794680635385,0.010697651679288156,4.01615608227699,9.03960236892254,1.5303819016851752,3.1959856400373505,-2.426034719513428,-2.2088531629382726,-1.6313897515926685,0.8056794390918948,0.49132350371165856,-0.18019955446030522,,-1.256829967745369,-2.5116246425505313,,-0.5672434108442455,-2.5111644736565397,-3.655472005374045,-1.4983155593232649
1961-06-30,6.123064110821053,-1.08386355523237,-5.642422376150266,1.0231138671027988,1.1983108159208375,0.7718637642421584,8.947139037783012,2.4150475130810074,2.4315930922681463,-0.37684050893064275,-0.13024093690302835,6.173377635993903,8.763979184519485,-1.3083710591945423,0.14050866018277852,-8.763205173682168,2.364152989209828,3.342568908123807,0.27570500823258187,0.1611723036132851,0.7299112789474742,-0.14143393119420122,0.1656775039472247,0.2981786936900464,0.8167577497776741,-2.6970966778207943,-3.03101583787698,-0.026356909657184402,-0.06051613417627655,-2.4847833809155406,3.229440305431697,-1.8895513020958106,-4.598586003934787,-1.911596414596474,-2.362640765972464,1.3797584486828658,-1.2087512590641274,0.8167577497776741,,3.927951581863728,0.7140568788811879,,-0.05702604971050401,5.352976022868793,3.9708400975671365,0.13204284709479502
1961-07-31,-5.6297579429032,0.5137171581995674,-2.814851640599101,6.08204710064734,-0.8315978571450301,-1.9377462825969962,-6.133355468080271,-3.05010900356302,-6.803337758693822,2.730316467506068,-2.313734576234695,-2.8884598145887743,0.1161998157955067,0.2704282950025749,4.828322431010266,-7.8376190069569285,7.373047327577133,4.100767703461011,-0.17383948837003804,0.517492788060063,0.14091380940121934,0.01937002436497398,-0.3844295395327606,-1.0694825819779783,2.0776298564790547,0.2958157725602991,0.5468147588051111,0.0006032052675603028,4.554975189709467,0.47266232034372724,-3.110763001797662,3.593715769500788,-6.070087658752688,2.165092950379374,-0.5027674039903994,4.6827641328542144,-3.841772306860771,2.0776298564790547,,2.219600193455279,5.193506513375604,,-3.3380926653598717,-0.9320364645060822,2.5478403561388046,2.294420920373253
1961-08-31,4.3825338392274125,4.496224377148957,-0.58852769646168,1.0364023047952065,0.048514195498466695,2.1793678224659114,1.5183806757501173,3.2979516574663865,-7.7546429741134455,2.2508966084118622,0.07225733724545419,0.9237199298899683,-0.8716240088578606,0.06035732849972397,1.8637485531234665,6.334419117435153,-2.526159282045846,-6.6169713075881145,-0.5481347786571302,0.5380854072974259,-1.65144575275675,-0.0709086793148872,-0.449469491906886,0.13681069707478555,-2.672169472890017,-0.3983243566533089,-2.0352902218523026,-0.001562556612749344,4.532711779882614,3.1199294178014103,1.7254682552775729,-1.4396036902570213,-1.329325117854454,-1.0594860439417386,4.389847199471137,-1.100404366445419,-4.642275590344109,-2.672169472890017,,-2.984982706100787,4.435954014651842,,3.544605042123684,-0.2331172477041359,1.7758794574837384,-5.194534931398586
1961-09-30,-0.17823782817763023,1.8010261532009242,-3.9915773709301856,-1.1587995858369815,-3.432837680552105,-5.347915436989353,-5.283304517905161,-3.035109819099891,1.351622395642209,-1.31914415910287,-2.6205481631399303,0.1493452241215481,0.8779990420614932,0.9013470621387623,4.239129059961221,-6.424208378497743,2.4056061760622045,-0.13729096730781526,0.32360143121787305,0.9523607399918914,0.26561127256393274,-0.02335222889417249,0.5628441453055424,-0.145321921482599,-2.585050307534949,1.5407739502136923,-0.7082950000553114,-0.0009520422026810804,6.277599660557098,2.541940045536703,3.121781334419389,2.755691494414314,1.5581987305105138,2.7141254429160453,1.1590232697061138,-1.0841083455309801,-1.011450209959379,-2.585050307534949,,2.48589641788367,1.042033446539421,,-3.406713149882138,0.8885474235554824,3.621686015997652,-1.836973387479972
1961-10-31,1.5680824857784388,1.0463868304176749,0.5360963057416077,4.26701192868815,-4.961796204739599,2.4712104654234848,-3.5663813678788054,-4.176285762356579,1.461035444749211,-1.8105971313893725,-6.125350952719362,-6.837733913444824,8.108101117406557,4.252242640333891,2.091838522397351,3.501333463922707,-2.0468102730935405,7.5418816333669225,0.2727120970974744,0.468388066539041,1.5316369783022479,-0.13383567623845524,-0.28394334222548856,0.25948501096529114,3.71599430602226,-0.37934543447502406,-1.0561555169384857,-0.008610177215447434,-9.124284804698227,3.063060989722711,-1.1303508504260629,-0.3374889284886939,-2.210349157871902,3.544311011481549,-0.7696002402519493,-4.093796159027655,-1.1165657291521698,3.71599430602226,,-1.4677695107463289,-4.829535687638207,,1.7357105446399514,4.292094341847662,-0.45568956611437533,1.5910198940635654
1961-11-30,-2.021744692804992,-0.448770314419532,2.1634059156580476,0.34321500511366637,-0.27508041492102114,-4.765764590230438,-0.8449550903520118,4.048456777306926,2.661295843584348,2.3901291343563775,-0.10226022863382911,0.8017777459552997,-0.14595485808305414,3.183116784193585,-1.427646860985924,5.108111242999024,0.6560142413192538,-2.5253981018416636,-0.41756437085595083,0.16509136425756227,0.9620690012342814,0.17157178649040006,0.6304686466756961,0.06378710011724664,-0.22956456947831733,0.011871794151246784,3.067025323677054,0.007168731532088635,3.490506214507379,0.6655979281623203,-1.3871462906081227,3.2385367424315064,-1.2079340917962997,-5.305862079270983,-1.0625432665766745,4.463126811547951,-1.7920111425940433,-0.22956456947831733,,1.0464882242654099,1.3387268105422974,,-3.9996827019855115,0.665791541493042,1.0884803085647243,2.116934007874432
1961-12-31,-0.9333142256056713,-2.3572295064470987,-1.0856005079332445,0.08779030635546331,-1.1740866579549478,4.734483726957916,1.4238171025269992,3.323185470305642,6.062270781143761,4.911843346014055,5.586812124684003,-3.6559302631375283,0.33144615484804074,2.3233836596849455,-2.343028241865235,3.2307286653370095,-2.779619553310603,0.11380793404829959,-0.07065692150849556,0.20558787463933315,-0.8049867045039614,-0.07546058898835456,-0.15114994567602813,0.5089893517659911,1.6487739036868407,-0.25782308365306933,-3.5583047993214203,-0.015260672002481879,3.0554092017515737,-1.8000172832485988,2.401727299747086,-1.1746841657040663,-1.8059463806932385,-3.4076482901026353,1.6894726729884988,-3.217591259468267,-1.6641727297043525,1.6487739036868407,,-0.4221425936439418,-7.026947412090746,,-3.050292496730515,1.6892675883077324,0.6550330899952878,0.8374178318295751
1962-01-31,2.4278098028394037,-2.8300075252749743,1.2464326457009025,-0.07007169547031128,-2.841820800347936,0.7991533431012484,0.1283457722178012,0.9519913235381233,-7.318884752898226,3.820703045283506,-2.362430877519447,-4.062791248812207,0.7344101982716814,0.007099618492780846,5.013839966952695,3.1056723797652617,1.3936899868630035,-3.7340610125892946,-0.3435352473986629,0.4305327739693833,1.4990843082684315,0.0840000001339602,0.2625057498956761,0.7666685927730509,2.0236811883381467,3.9327959428007517,3.066109217030454,-0.02239021494785004,4.788115082354853,-0.840278625016182,1.6380210914879534,-0.9316219979773598,1.3857390742683773,-0.682938951233321,1.759800062887118,4.737171354554704,-1.2529317249255194,2.0236811883381467,,-0.5391697880074783,-0.14460957486470882,,-1.5972908266725705,-1.7497223397476205,-1.2546764495163587,1.2566736309850488
1962-02-28,-0.975902519466114,0.5774042082422195,3.0146693833001565,2.2437076794379953,-4.6022511645923165,-0.48836752832264374,-1.755715265942702,1.9530402825763153,-2.8894093649583605,-2.419894310274625,-4.272726302405492,0.27259913157256677,-1.9446014916070964,1.21069465824407,4.759514239279271,-1.8297650887449866,-2.2721028902056792,-1.7952456504845489,-0.1942571579123179,0.413346370542785,-0.909556505153846,-0.005080994961595531,0.0533047613465496,0.986145000795963,1.6514467435528877,-2.1312370558621763,-2.835033641621111,0.0016913472118155748,-2.123403710982326,2.945692287947895,-0.00080143979221875,2.1839901241632487,3.8081632949175472,-0.3690911272617496,0.010503311424837292,-3.5021763745532573,1.4335515506785894,1.6514467435528877,,3.6477237031438827,-1.6173462438222268,,-6.186172504602702,0.7840849508149278,-1.7337161256508398,-3.164521246241363
1962-03-31,0.5623479402457037,6.093896910437271,-0.13794819078712955,2.8349899592223373,-2.2571126918965683,-2.484794050103924,-2.4793966742638247,-4.564160483928463,-7.138082830156097,1.9257826107796503,2.9380464753663533,2.6919578375542046,0.10757922067455544,-4.44529533614646,2.316908270576594,-3.6248793912520845,-9.144921023175261,0.20861660546327593,0.3727755968845266,0.5414134562121404,1.991861063140853,-0.020544075495168956,0.8000911840493052,-0.23214920782908038,-0.5816864553607575,0.41836021667029605,3.3573258774657138,-0.007998360489337553,-2.7377215877414494,4.409734734249148,-1.524376619841315,2.748037128659782,-7.077252241056159,-3.1256738147863796,-2.58395525239761,0.973926848751562,1.7636910506956367,-0.5816864553607575,,-2.4505564662706893,-4.470462436276532,,-2.284475937139216,0.06169675374932726,4.282090429576878,-4.420218719369013
1962-04-30,6.270437940056807,1.6079758503482577,3.5477517552490743,5.581975633989271,-2.3263473424828796,-0.05307506955515648,-1.467351423631498,1.6558396334210892,-0.2237641304796119,-1.7360863465607317,-3.0755932434154505,2.534402656905208,0.9729698759948904,-0.9854619486881511,-0.3444320534210941,3.7284181536871728,0.611919622645333,0.7047585274878718,-0.11993137891457212,1.3932565898244327,-1.1263530860518267,0.061223156171398785,0.21040671457560428,0.816381415530891,1.2412019735844342,-0.6740597597987767,-0.3169168148912618,0.004069469002060511,4.690794679545246,-0.008078788876517473,0.7087267673796973,-0.46574801082340034,-0.8805316560872767,-3.6436000710203014,2.7864118936980913,-0.6671247911379162,0.9616621738626676,1.2412019735844342,,-2.4284092591960587,-1.2491159189596355,,-2.5536003261278553,1.909489793723025,1.9639935179264223,8.198328797478954
1962-05-31,-5.436960328486426,-3.5723257574620204,2.268451421098289,-3.030611812170975,-2.318078685603043,5.976375419897091,-3.3318054541509596,-0.9033427317118969,4.415914189074658,2.6967676883374936,2.9200204782794685,1.013557634683924,2.730843438896009,2.553366055934294,-1.5771442748525772,1.8323360026417148,-2.708952705609221,-1.3430913749028424,-0.48193896523427443,0.2369892717057563,0.5577323535681424,0.2411321922274336,0.9075694819684743,2.672500403965025,0.02600905177315077,6.034904159679106,0.9306673764337423,-0.009046520853422946,-2.0879069445835157,-0.7005548131059129,4.520519284608033,3.5520446410169297,-0.6239411091506966,-0.7726130540814702,-0.3516422494980615,1.0545300880718342,3.719563050360834,0.02600905177315077,,-1.0431554965085903,-1.6081277161826752,,5.081711403872848,0.2624728584753649,1.367934565465404,-0.5290446834322347
1962-06-30,-0.12123126447537713,4.536869393022026,-0.841070581303883,-0.07660025839259327,-4.333838638553124,4.395826874077019,-5.428699130242073,-1.4717401150613538,6.272289787163803,1.0585524744781507,-0.20324199765030915,-1.9418578323965043,3.37322233145293,-0.9505996262695282,-5.89729762819907,-5.606164538723903,-3.75957707346179,2.8341848810846586,0.3599756021214619,0.7391847565608702,2.3794983798831773,0.20007830674086213,0.24608652498219058,1.3455811807796845,0.7175209931149749,-2.7684102328146167,2.8852333970623594,0.0030883266646619667,-0.45049667137495397,-2.7284963566488947,-5.302197683933521,-2.1051502095264167,-0.6986309943498719,5.932809381669815,1.3297969250994965,3.352335512674975,0.2127539068391952,0.7175209931149749,,-4.475482065506727,0.9918069419879432,,3.82859880434686,-1.5610558510494683,3.021296850382116,-3.7479651388855193
1962-07-31,1.6050234665538146,-6.63116016740844,-5.51780118061386,-3.9513925468889033,-5.321917136015384,0.7457758421894642,-0.4845438101869311,5.524593277953238,-1.6789602468506737,6.5200735023648555,3.9790930238024043,-0.33281105643488984,3.5663521320296345,4.551044244090295,-0.26316307538378086,-0.1192070138058933,1.0999242662585298,3.620227824709893,-0.23037062488722992,1.125815092184293,2.648611341089122,0.1814977912540035,1.25083118930276,1.1515594580700363,1.5755956723139555,4.557325893715476,1.1664129009682975,-0.002992876536510869,-3.867096203597609,-0.03385531574275491,-1.0867797227967855,5.1430956010750455,1.4713413988056108,-1.1503532537985057,-3.7671164721655073,-4.559073923521958,-1.0237442539917008,1.5755956723139555,,2.311360410254408,-0.4121098397803418,,1.0690972764801339,1.4481957077947205,-0.09123852736834082,-3.8973061585491298
1962-08-31,6.513609086071302,4.612610768415756,4.133014633991959,-1.0582150377067754,-6.823883234698029,5.76955940324263,2.2717382901142935,-0.29057778686288405,-4.875738690386214,-1.290831549873098,4.0348061746864055,-2.664436013373838,-1.4950174496537736,3.210862688040616,-3.7580300954242065,-0.21850087077244126,-4.897581175016378,-2.6328787001416116,-0.6870760151455856,0.6001711910435493,0.35062139133049985,0.11367645727620843,1.109676373472292,1.6337141037962561,-1.1898615232478646,-2.353703841656726,-0.3831921518061031,-0.02346398374284936,2.7707209207617547,1.0743278093301072,-2.4697675203060085,-6.470243575662382,5.951419700707383,-0.42190148177200415,1.895290606954892,-1.1470586801998257,0.0957495397894432,-1.1898615232478646,,0.18094324027395955,-3.3801362500907275,,7.377846090548855,-0.544738671713357,1.7046587111940907,2.0960325566458446
1962-09-30,-0.43205418158326714,-4.0874586171874645,2.4669513530743563,-3.5305172583404616,-2.2551680210844993,-3.045544876547752,4.62437452100892,-4.926636072363856,0.38123391689818986,-0.558736409641097,0.3185541848895943,2.058627303784175,5.276645361787081,0.13112501618482572,1.6709808205150314,-3.1623065528666454,-3.9739717850283385,-1.140341118889004,-0.2189929684390267,0.1711447745481022,2.5582801293724273,0.27027578346443615,0.7848978137798818,3.550449392880686,2.0261411734630763,2.2287140842748445,-1.1965813501850087,0.006274958586866469,0.8279004152560651,2.9657051196608046,-2.706657560745333,-2.9688483442125326,-4.406985548771703,-2.9301123799520408,-2.71197443516455,-2.5586593130656863,0.3090278477514893,2.0261411734630763,,-1.0417853956201368,-1.1078798109840593,,2.8432368032494675,2.860882388009245,2.581192424822353,-3.742473474619444
1962-10-31,-6.780853878649191,-5.1984375982696385,-0.5329789909161604,0.7438029839937711,2.16523197852908,0.8745007894778424,1.9321699302625843,-6.304257775062431,-0.6094812259121802,4.81997042851587,-0.05956227708081199,4.692056280550194,-2.7152658666110745,-3.2993909979141853,3.4808746937524497,-1.4625210198264977,-3.397701672946802,-3.3682065753558437,-0.19659996264593813,1.022220235509974,0.26881071977909077,0.12649734894699852,1.0994337865257908,1.4204285828757066,5.006770496584168,3.15533199241054,4.009396455792729,0.030603650500381635,-0.30088183883954134,1.1526634978506478,1.7139009317313558,-2.710728294246077,-0.7339166262618569,1.0603214715742624,-3.008309690347604,0.7623800154167135,0.28763323189518564,5.006770496584168,,0.9848346555938859,-2.137541507251823,,-0.09110633943553907,1.945110669413321,0.8850822776299675,2.2566143109480494
1962-11-30,4.99534423819626,0.10348516620114528,-2.0448741420853187,3.535525291438512,8.23687372122936,1.435817627822856,12.261370659051808,-4.617631641041212,1.4045349641471039,-0.635582134570395,0.7293299979277967,-2.541859233288736,4.646103821852813,0.7793158976333167,-0.4537326026298755,-3.073487468009863,3.363700718630423,-2.65830204885451,-0.5052446460135037,-0.08884942531407558,1.0911169232729798,0.3154224448807781,0.4792885290157739,2.1829300573775674,-1.2540078692327685,2.6849348958959682,-2.013192914788356,-0.00510985106698536,-4.5012521769391025,-1.66468244834269,1.217811919807981,3.2485825688761056,0.5954032019224297,3.751670719672418,-1.8587689658978923,-0.9252421282551376,7.1813797850822585,-1.2540078692327685,,1.8656021085676664,2.4443274861473525,,-0.37955907693166624,-5.461419269021603,-1.9391562085285998,0.552232004164772
1962-12-31,9.198683417483874,1.578168517558541,-1.1486932099050904,-8.85131543779248,-0.9838951141349226,7.453731010184421,0.8784301882530359,-0.9482330037917743,-5.736651219101596,1.3685083554547122,-4.424450132517452,1.9278774275350916,-0.7371561910200659,-4.279930281606008,-3.820881323566799,0.8688374219329993,-9.08792721779223,3.702361145953857,-0.38675263308636576,-0.1300352700166185,-0.8135893190788173,0.12688415294795966,0.6622409196157004,1.3214320960948243,3.882485402721257,2.089548283772223,5.410877682079839,0.003970416473953298,4.7733216766823165,-3.1045773421538634,3.758916845073066,2.7640281430933578,0.9856250504415778,-1.3620201231991105,-2.1731970646656946,5.559374792891776,-1.6522476586438708,3.882485402721257,,1.410990559523177,-0.5040686929229129,,3.684953096396006,-3.8932905027259648,7.557099453544311,-6.409311171029774
1963-01-31,1.032996178101374,-5.141558013995054,6.859639582462054,1.7298618336620994,0.25791467935874,2.24105951122775,0.3286098578711598,-2.0920708422687415,-0.17338439988572257,0.4214871514531433,-1.4935829047572067,-1.1333860910648368,-0.9556220135913409,4.495003267235521,4.514302406908227,-8.222645880360712,3.945591493480422,1.8026722192799018,-0.05446975826463141,0.3976558813733144,1.9666723700950886,0.24964555406562783,1.4037425589287191,2.3008162187712218,3.791756489804947,0.6894994357799936,1.064326226239885,-0.005275795504308206,-2.074126377643574,4.761914313352474,0.7765079858523365,5.937884873644146,1.5842549992240762,-2.1405323964457157,-0.3667052899582698,-0.34114404530418907,-4.032719198777459,3.791756489804947,,-1.5653098334584465,-2.977279334783394,,-1.0924355706417144,3.3598214956360586,-0.9454039988783214,4.929197545216886
1963-02-28,3.0807403908313296,-4.380567673922808,0.40005419047992086,-1.987221074765747,-1.7984778622957818,-2.7518705785241897,1.0093969527541757,-6.111304289489851,-0.7061643774808809,6.321617939543928,-0.6484886738882301,5.628495146605313,0.023025288001826016,7.670846943234018,-1.4785070459945324,2.8574307940244985,1.401070982194153,-0.556988981122847,-0.5207056021824938,-0.015282553571040802,1.7762816858407864,0.13907090419203672,0.5566534268243425,2.8293239601385727,1.9849239250304522,2.4784375289875182,3.341104093087168,0.0006195612116696447,-2.3350234433212416,-1.3332557953058506,-1.008561523747184,-1.622419870055497,-4.792823885933087,-0.05500941533853132,1.6029885488137439,-0.7681331729908689,0.7950532429177676,1.9849239250304522,,-3.391617794110096,4.572080363871454,,0.8061100418471145,-1.564324011539255,0.32381382129647535,-2.071031553301842
1963-03-31,-0.8755218687141186,4.557342666587625,6.5541025787171225,1.658535148217937,7.312746855266296,-0.89623585239455,5.257572206324206,-3.561027284634255,5.334283083512173,0.22378820478945963,7.2263193884705155,1.265174157250595,1.1659448835302542,-6.106866753325439,4.186881545341653,1.1674639795546522,1.6871358294911072,5.363447986383366,-0.22532151846864631,0.2834720269971003,3.2037123980773776,0.1862017815451439,0.7357704962765163,1.5651512736463893,-2.7107266622719237,4.115455877718445,1.582975221775186,-0.008343368320630595,-0.7108161092107101,0.72117159413785,-6.164695418079447,-0.6345560288244189,1.3784572953445764,-0.6070725883028342,0.5467596309137625,-0.2892643406280062,3.465326825450378,-2.7107266622719237,,-5.527071943567299,-1.0845856668581408,,5.14762204286954,1.9399683454984928,-1.9756129841961347,-4.3294718731614354
1963-04-30,1.4057289256178518,3.1897103530085356,-0.5658260095569139,-0.29510210806963477,1.1825706078784228,2.928978406279755,-0.5754903920650377,1.6923117394884009,1.9373288335578125,6.453551786393854,0.6978955963571933,0.05422014721051838,-4.7906062288705815,-1.0910839734178812,8.279257756800945,1.684448667798741,0.5055051825249122,-1.1995246285175893,-0.3066776710779293,-0.5774404990613466,0.33990619042711295,0.23514420530758562,1.1618295190300985,1.1225157089954192,0.6118345699560253,-3.484108545119981,-1.4161995576577757,-0.009555838689160795,-1.5347897592889534,-0.7300261318256231,-2.100369002874555,-0.05401142186930438,-4.087580174250889,-1.9996830849877196,-2.525995283645883,0.31295652609353275,0.7040842729983088,0.6118345699560253,,0.9462355044839046,1.4489031001682506,,-4.812062223558396,0.6513211693827271,-0.42084096642486235,-2.800571848082041
1963-05-31,-5.361789064614034,5.158791009861998,6.484672552458802,4.793726728594604,1.2463348875063773,11.978695030565806,4.838951992103498,-1.9452095024679217,-0.6008859461495247,2.217048375457312,3.2059005145679818,1.768141278986942,2.874613592267404,7.113457097891324,-1.8441246747973445,-0.6063787869946502,0.23131264270042762,6.258283301174815,-0.15935653068442523,-0.17181939531310697,-0.7558810890129748,0.2534840191087272,0.33224417983055843,0.4634961684747464,4.633266297454708,1.6283833218822825,1.600397812253275,0.01733988036526471,-5.283567656452915,-6.402466385172122,1.219824262783797,-1.5550537784494942,2.1108768347229905,-2.124968227462354,-6.151406104890432,5.213399549476502,5.165087392868831,4.633266297454708,,0.7090639113732661,-0.7504724800437831,,2.025020290749019,-1.5733565046424451,-2.1805731697529716,-6.345467451755148
1963-06-30,4.534747327309423,-1.745486573705166,0.07392781799439122,0.4600633640093197,3.095970528053188,5.351452870681756,0.07650049280285001,-4.981620141284098,1.5302199398120264,1.6221489021548048,-4.334428825291667,4.631980176453838,-2.1592908241601014,-0.26276018701527637,-1.0077099981493647,-3.951914140229844,3.556781156680692,0.8565704263821043,-0.2886577294221485,-0.2753309571265964,0.320729652025213,0.0625191866766456,0.022005824059458556,1.2206684558159195,-0.4359895751898083,0.7212618415932791,1.4620520851044747,-0.020444107709735967,4.828340801721866,3.241001247577354,-0.01303247058806331,2.293065418312082,2.2922633728861603,2.454852605879437,1.3590019840723317,-5.402691779728722,0.16496670952060524,-0.4359895751898083,,-1.87364074378794,-2.7974112680199497,,3.2658273825037822,2.8552262201812413,6.707640340187671,-5.272952452881468
1963-07-31,1.8173135586434548,-5.223835379018095,1.8872505732719227,4.786646203978771,-1.4714423964131798,0.9714895376006234,0.5378034649865022,0.9564316466974567,0.9198426580440742,-5.797466747833973,-3.0236582237195915,0.7932636226360856,2.86207221924322,-2.1444737486408423,1.148426979874868,4.6272240144166865,0.8744981513045496,-3.372554579857951,-0.02917674844318524,0.6007990026877881,1.1319662962005952,0.04642895080753609,0.7042121673428028,0.35713365109517897,3.157426358948784,2.77817478239883,-3.425063858683406,-0.002404673370293875,-2.07287810506475,-7.086557097091172,-1.6124855825215707,-1.6901185115125557,0.6996711830052817,-1.52632968908855,-2.8736687546808595,-0.1974960048821191,-1.1278008267072395,3.157426358948784,,-0.9348199912267559,0.744968762057302,,-5.029729518224769,-0.21392122996710355,-1.6798460143727976,-2.107630585885285
1963-08-31,6.975410172851339,-2.6853134229974334,2.630455074851081,3.239835048526612,6.6862951387539,1.032791444417002,-0.9646713913143694,-0.5868328054081039,2.817002500241319,-2.552192847754869,1.6967113742711566,-4.7945125617716515,-6.855079407272636,3.6999099450551154,1.4071079216650009,2.049550072384123,1.6055088228441792,1.4308833388280717,-0.19186790419783842,0.9613411716863378,0.5830253148601519,0.16842832090491996,0.04066301461079233,0.47373089973789884,-3.4376918747444427,1.923204491924449,0.3605222180168044,0.009770574917613364,0.6802988255564546,-5.637543163513411,4.380658742052862,1.0764812670952641,-0.7877745744678186,-0.3265520954126637,-0.7945879513138738,-0.020883602028664988,0.9094999305828284,-3.4376918747444427,,-1.3264076422101887,-4.256801366221358,,0.9850504809713996,0.23603090072643448,0.947049135618883,-6.340710494805796
1963-09-30,-4.635598738570457,1.431044594662679,-2.4230325267070296,2.7376261898764653,6.324707383725472,2.1520424563212024,-1.010826189995394,0.2019922192348925,-1.8417336006425744,0.7900236407730926,0.2073139557339573,-1.6739032234795292,5.589031136532823,0.9962140919854151,2.5578326492849492,2.514244355290271,4.964249497371314,2.0460380928971387,-0.8271642607473749,-0.25014494244149243,2.4225511933345985,-0.05284099038135893,0.8118786264989485,0.19735698002673338,0.6923058651234125,-2.137213092354418,-1.348657982893159,-0.015223534861629459,1.091316790904372,4.628338408124545,2.2453034759007533,6.392544384206268,0.8597961172293281,-3.3722450405956987,1.9588845948570244,1.845797206057891,-1.4393104707147868,0.6923058651234125,,-7.309814811858459,3.188245182974266,,-0.8842983534505805,2.301884170795911,1.9360391681690157,-0.3120471937193442
1963-10-31,-4.855556344990896,-1.8111280909958598,2.7893670801192796,1.776697766258524,1.266506777961555,1.2761788826353262,-3.106836119537771,-0.16753296458516287,0.29610884134360743,3.697821277539119,6.288812233822144,-4.065044204468879,-9.145556665278441,-3.4031694650768074,0.2551265433190247,4.357873062331854,-1.9290687143845349,-0.503960804492555,-0.550062793687655,0.3222881537178097,-1.935615544394,0.06564368990892636,-0.18290356710058098,-1.1944400668422526,-0.3323863835132638,-0.35654389762513106,3.1226537034165727,0.030033216508925042,5.125992379971395,-1.8687875906582554,-1.843675800424921,0.3281045774328761,-1.6136494932074832,-0.7529150346592444,1.6441781077020392,-0.2389733545823316,-0.00941918907800765,-0.3323863835132638,,-4.697110805599786,-2.041529490960796,,2.308906272943841,0.7278226226450456,-0.40356828389873456,0.06516925295164794
1963-11-30,1.5190257671563385,6.608885468438532,0.4093670620892049,1.8829755484411352,3.389255711731676,-0.54085469711136,3.161923426566305,-1.9147831893283735,3.443551767091227,-4.586435976986882,-0.5851775659673275,-3.5831699412128644,-4.526264533177984,1.3134190376101804,4.976954876723618,3.5354017557031603,-4.654003311308735,-2.0535716712611043,-0.9562776686453046,0.6119001075001028,-1.431077881638802,-0.0036311620463552463,-0.8319838662714608,0.7350544097045183,0.27018797287624474,0.3709854019746607,-0.39573889292806297,0.01775028883396712,2.077490623262247,1.2597411196773827,-2.0683816576335188,5.494966433828318,-2.633706016476971,2.465350107654833,2.824334397362275,0.45483988020550026,-0.6254173310475813,0.27018797287624474,,-6.144091988551163,-3.4948376396637983,,3.7993095473155463,-0.2350170884858865,7.270236901744501,2.915087443443731
1963-12-31,0.9789919622170582,-1.4577664925569453,-2.4114109308341605,3.6038106020702307,-0.9510113597549812,-1.8338064958798965,-5.871088561779425,-3.3713492590843654,3.2656228115768644,4.819717973824588,3.468318390156661,0.9527586895664302,5.503649734135397,-3.536068548199179,-4.723570990921305,-5.455621588469029,2.3065133601537777,1.1356482268956885,-0.36301207739266045,-0.7343991288213447,1.161373187808786,-0.10519691563590565,-0.39536176592701106,-1.732785344345546,2.4065301356341307,-1.225619447689155,1.1796116340038127,0.008876445070769096,-0.9369563328705726,4.633828412784574,2.0851382898719755,1.727940742364822,4.216850055692803,-1.1932474991934447,2.100917414587332,2.290053656754094,4.84829601942592,2.4065301356341307,,-1.3586115497944342,-2.088468103426865,,-0.40632474623390663,0.4301590193372378,1.5677419718253691,1.361257126029467
1964-01-31,0.891398631589897,-1.79806056342335,2.7453104580709025,-4.069773996224324,4.030340776018811,-2.299057652019286,5.121231194497824,3.880946596305706,0.02556815717960728,3.6908723528972462,4.651531045626527,-0.9482278541672471,0.407340956379719,0.7317146022364329,4.356241331203655,-7.47187323693519,7.080610888285644,1.472320767732581,-0.24452782121981917,0.33232074731861583,-1.9079073209833197,-0.11024153244084395,-0.09859712741805157,-0.47292547102867033,-3.231394059338742,2.8442463187155647,-5.412832228176356,0.00917286046003063,2.2914965311832627,4.043325758179997,4.776583492317483,-1.4597856037326296,-0.5426789794132512,1.4785579468493495,1.1976506202320534,-0.10274281970736762,1.8466618818788705,-3.231394059338742,,0.6675264499498066,5.7995195703885845,,-0.45138847364988566,5.415119666531456,4.047869126673962,-1.3575420101080378
1964-02-29,-1.5120355115549198,1.8377226211125819,5.395907531549936,1.8053820342599398,5.094797725994486,-2.0946292798883483,0.3222760260372045,0.8960140244690116,0.5718693448424471,1.8394812847992617,0.9473804069549847,0.10909971950814079,5.933767925882222,0.3502211307217306,2.6656229076088307,3.5116416101844576,6.083042529739933,-2.264645818533505,-0.1448874455599265,0.1141378666351005,1.6186417823150825,-0.047385599495295264,-0.771797581325553,-0.9423878971554785,-1.5977848180400074,-2.725437296977693,3.4292586790866175,-0.007248322800805396,7.215612701392907,4.03947802534114,-1.651777592327317,0.562305240825599,-2.156697884057084,-2.774349251987244,0.049052908412498375,0.4617081074707824,-2.1144686319344617,-1.5977848180400074,,0.14291577354226437,1.965649232941888,,1.3112051371125917,-0.6838668693534221,2.949174062908769,4.31431895254153
1964-03-31,2.510047750268581,2.290734924827435,4.551427334146027,8.908829950655866,2.8374358667905653,1.1042490905226332,0.6194330639394958,-0.06830141180694876,-1.7422187115037193,-2.171233799609998,-1.1783124196885306,1.884140436781352,0.7552769251255729,-0.6056670656267671,4.137608180772627,-2.4902464940063465,2.6212624675725644,4.587703192379896,-0.8900323870798994,-1.2318498339323654,-0.6484120551477299,-0.015612069516586613,-0.230591371004993,-2.0885664129359336,0.8713192948952451,0.23112177971617642,-2.6042688021465272,0.010558176952501275,2.583652150899438,4.899658242216417,1.6322209021274714,1.8116832309837072,-1.4828133321786963,0.16036258476494686,-1.4849767344815548,3.907505889560372,3.5293774810723297,0.8713192948952451,,-1.7912301119198633,4.029439067599469,,-1.5375264102077066,0.4273858568797068,-0.021628029943532356,-3.8601927591543195
1964-04-30,1.7768319744131191,-6.569057962019363,1.2037771868573222,-1.9032989134150722,6.251753303462134,-0.3452122833041297,0.9297884671794426,0.9639518133226671,1.428748739006361,3.1936335895758408,-2.1260503726029167,5.1156412426497555,4.0215311248331975,11.295160003740538,1.6470974545638166,2.5227551617892705,-0.43360413809109966,-4.3687208336292525,-1.264877872639435,-0.0842755621274994,-0.6409540172381719,-0.1711341098659061,-0.6509161860313555,-0.4495707084338183,-0.2688860764405096,-3.7302486454992105,-1.6552359818022966,-0.0052574119181917345,1.2390073279542668,2.5074518337691645,7.194994798074316,0.5035549765218025,5.714790593683477,0.9278629373700616,-0.20609898753021724,1.3558178496557922,0.2345543481812519,-0.2688860764405096,,1.990593456768502,2.9184626920415226,,-2.7740282939417935,-0.5598264788739602,1.4766165333157784,2.9610850092533334
1964-05-31,6.23700926950972,3.0383675557525898,1.0948689991387537,7.422891165189065,3.634347944945198,1.7449380879359089,0.9840577708355248,3.317116185919568,1.88288096411783,3.6082292900958888,1.808395687117378,-0.28380818738215463,0.7438046188006752,0.755212771611926,-2.651624701256781,-2.3436168361356975,4.758702268784282,0.5114106868990159,-0.7028636029910461,-0.003208476274287747,1.2429181037733228,-0.22003583881678304,-0.1770891565426132,-1.3330900386800297,-3.0668409291812146,1.5479693191176853,1.2102053714345427,0.014322404747612844,-2.347227621700394,0.4315540534162686,2.9860327424653685,-1.141951545305282,0.614337764240413,1.3663917421536493,3.4868099464380102,-1.270039841134043,8.035953587733983,-3.0668409291812146,,-2.930859525863894,-2.260080265578345,,1.8248813243997357,3.4972717253374337,0.06923242964997114,0.9897082257247932
1964-06-30,3.6952008736649034,-0.4266274269290402,-0.9382183260228025,12.460776755578552,3.256611442448333,1.4207259804768966,2.401909881265057,9.99507232875204,-2.963807671453302,5.370030250034379,-6.205406711713584,2.0186946051171804,5.5104299615888515,-2.133232654081806,6.598675226654041,-4.794488317097834,-0.8227152062829752,8.507350302449117,0.12782860906759153,-0.9453503261308018,-2.0837321398055613,0.011231706092066113,-0.7513441347561364,-0.5936560969131786,2.3988209034470667,-3.9749720934656074,-3.9752769945389113,-0.004707649644388967,-1.1059125544876456,2.8699784919928417,-0.8666908001029315,-1.271918062432721,2.6337567403455933,1.5664106481488282,-1.6255335776026865,-0.335992794450685,-4.476137093022777,2.3988209034470667,,-1.356759176919954,0.7296153136603046,,1.8982854733490746,-5.757242169935292,-1.6957062685568505,1.879600639960604
1964-07-31,-3.369982789843258,-1.6235031060893703,-9.078389616836368,3.2308293088347844,0.12936661702627988,-1.8588989208931934,2.0145641509323537,7.899386951018485,0.854405814645167,-2.2172644894859155,7.548825054363066,-7.3428538997267045,2.649832018485416,-3.07776871091258,7.034781746965964,0.22668403826815792,5.390098949203201,0.4754167410281564,-0.21594132018745144,0.19301500096136087,-0.17688582559717902,-0.2478934923910886,0.26554808179231404,-1.3502563689653375,-2.3181674754870896,2.418175026685785,-3.533020843694247,0.005851833676988133,-3.9566496787362126,-1.9132685033855759,1.183605389160931,-2.8451415586363793,-0.687838086868032,0.050538902406153385,-1.0342518684311832,3.307144085302316,-1.3169729760100608,-2.3181674754870896,,2.037595682707047,1.3623141013118438,,-1.6476460558647654,0.6442984642363645,0.6291843914757678,4.5094467610675455
1964-08-31,3.6628327548677824,-1.797557099731224,1.8481761164448662,-1.6015177844978858,-1.0525473462258872,-3.1602643646368684,-0.9902619473570471,2.1264381777416914,-2.655037703722653,6.2645445748913655,4.853091526672489,2.539329968472828,1.668495673718299,4.725021565672503,4.8789820187501,0.7640944290271061,1.4390878433791034,1.8060236383802866,0.31682275431725276,-0.399012822605799,-0.13857040871206724,-0.03277876901808233,-1.0365033289419858,-1.8411470444759277,4.6445250898488695,-0.8109335332934635,4.423480025419127,0.011956244445370273,3.374917888918317,-7.33379902362774,3.5941776309971734,-0.9234510821870459,0.9702453581426644,-1.7062947089749383,-1.6333983620377042,6.044825300097996,2.1064439306589953,4.6445250898488695,,-7.322433333638986,0.4780005180576273,,-0.8716940326415707,-5.101879005024599,1.1657278796865662,3.0776603715152775
1964-09-30,-2.5875844529789345,-4.6153554627490765,0.5217263708542242,0.07222647695869858,1.7773565013613437,-2.9501824184845984,4.123814938232773,10.577780493548413,0.007912542236549164,-5.546583917145427,1.4041859617847428,0.9501492495740433,-1.477889240631092,5.273600196721172,0.9184160389042262,-1.7573936788878772,-2.6700503839288108,-0.5401732038888084,-0.07762601543109457,-1.0709140834211448,1.5159168580788474,0.02458981071205285,-0.8171076446268043,-0.4980697909778904,-1.768243483440398,-0.8279372488483165,-3.177022156097774,-0.021254167957604347,2.2681223528233945,1.674718641186022,1.6196888505429201,-0.9161841442012064,3.528415662562037,-1.6918199146462802,1.3986262420351232,5.199338642958192,-4.752323765991963,-1.768243483440398,,0.8315518714071333,-4.131628196429535,,3.609557745844797,4.380089031731182,0.6608537368398388,1.3604254480730107
1964-10-31,3.744799901910512,0.49274603264907735,-6.57520986312154,-0.8997231123692164,4.636241950004703,1.8976051640201728,1.337046403671624,2.5861012911982644,3.6353125291354647,-0.006191294526216112,-2.2761215693705927,-2.677594507895349,-3.054300687625148,-2.4773731614100942,-3.5397192371471795,4.180307429325252,1.1200716405204971,3.6735288563951682,0.03844824141732797,0.37824021093880256,-2.5979593194533686,-0.22139481420030613,0.694177579873535,-1.6751773112034598,-4.816636852749653,-3.6167158009239824,-1.308749730295654,-0.013225173121011208,3.467311800839615,-5.076048206619468,5.7251810155689835,-0.5466997848229711,-0.8049967369215782,-1.5084890250170868,-0.22311878627725898,0.04490543942037664,-2.673440190075544,-4.816636852749653,,-3.8808346699124803,0.002855318290682224,,-0.6256729968159613,-0.6155232919566773,-4.040014817967704,2.4422781824305697
1964-11-30,1.7945282161480143,-5.216432406296055,4.237307780458202,5.958943742054312,3.4060606932936928,2.234672502474186,0.6298642783792341,-0.12352869833027841,2.7502565448208953,2.4473575147056237,0.17237474887876875,-0.5210547854073386,0.5817992799403466,-1.7519379669996458,0.9997046973922474,3.774203028633378,2.3204675507830443,-4.795697275262547,-0.056544397463078544,-0.9038740293097391,1.894317105059394,-0.07305207644430284,-0.4797927798798849,1.0701977285190365,1.6557400386358372,1.0124717920039141,-3.5872171567044635,-0.009660537660157453,2.8724299170468535,0.4043310345953957,3.122991047525981,0.8285342678440815,-7.930163054083054,1.5263044653998057,2.1118343997342266,0.254793241656609,4.983391140952035,1.6557400386358372,,0.6083865153865484,-1.4225303646488956,,-4.43262354777328,2.4030618200387015,4.505714031843801,2.0847104794814926
1964-12-31,-2.0714726316301633,-2.2238602265956287,-3.5154253526435446,-2.9271704650270327,0.5884158028627651,-0.7389234049726184,3.6062711308370647,4.185537537788585,3.4970072176468756,-1.7963931575138494,0.804886702158022,1.079269041216805,-6.174003629024996,5.136847336097458,3.227089706831698,5.498823471630248,1.8697577545654538,-0.5851433231119628,0.554406476102398,-1.1750507544903035,-0.6174318758904623,0.006293001172386153,-0.9396944857171817,-1.0242731930306592,1.3776002792477973,-0.7800083605595413,1.2679347603551636,0.02090717863288663,0.4152195952973943,-1.9501437419264316,0.3006502973936902,0.8286021043759088,0.8615297955847397,-4.134895755259183,2.1112837707003265,-0.8295754042715219,4.068360420261941,1.3776002792477973,,5.498441142025559,0.19234223160256322,,-4.38205238802632,3.384134088797718,0.26860979635491955,-0.6512874579606419
1965-01-31,-3.2416418140533088,-6.319156342687457,-0.6247570674360153,-3.952518034681314,-1.507194279848603,-2.5811423424256947,4.520623794541287,0.5978173943032782,2.4690269506750218,3.583024735423934,-1.7481770030238715,-1.6395825416390757,0.5744270969550506,8.915570461431642,2.0069202426828987,-1.1675486176174337,-0.29669577490941157,6.221784118661379,0.4257508652174685,-0.38194294392801365,-0.8572291471152711,-0.025408403468146323,0.1754381546904393,-0.9598647260616257,-3.6821989555932184,0.6811077914616547,0.3195319497978385,0.02394337315330672,4.093949371044473,2.4924980936659127,3.7005692545429327,1.0977541437722564,-1.3063538487951913,4.519879322581201,1.3957039942921425,2.239875633167172,1.5317535494285175,-3.6821989555932184,,-3.4982996105842945,-0.9450880995704917,,2.936338285403174,1.1645012656624576,-2.425161355891087,-2.8946258283594726
1965-02-28,0.9328818739087485,-1.4090520476594945,0.9357964419832132,4.9168751716949375,-2.179842586212321,5.706771060497059,1.9036644971850902,2.1793215983122654,7.191405893999629,3.53239068300671,2.889704857177928,-0.7241092221511407,2.2392913766433233,-0.2606710494140506,2.4028238274929734,2.5544807858222205,0.79245913504486,0.7324933087535286,1.0045932861558031,-0.27595041224079364,0.8042184879376804,-0.14913151338432865,-0.019411478443358055,-0.5334134263125418,2.310235827123625,1.4238239942835338,-1.0734989080115995,0.021087104145845137,0.3422418840806474,7.822830194192881,6.094625423039881,2.529558297102951,-6.592346763162083,-2.004576577900857,-3.450731035913422,-1.386957186470742,-2.04173812737123,2.310235827123625,,2.2376805350060716,1.9204852713721439,,1.6395964707969946,3.6064124671142936,-1.9797823988899825,0.7695183652788105
1965-03-31,2.554987514643085,-0.8308712322826995,-7.590899110693195,-3.363994676263375,-0.47376405796948373,1.475554613438783,2.802881904985017,1.2539322395417545,2.333323905015955,-2.6493612297763303,-1.9856041303704908,0.22264837109067928,4.668501605735814,1.3279835634522044,2.922521798468659,3.8185955263757014,-0.32742768376222753,-1.0573177264154268,0.8233619335870158,-0.0495019145022956,0.4321270023884525,-0.013326687451144847,0.04639560135615403,0.008121267387821679,2.1616109746112646,-1.3314540876218166,1.0727663275350787,-0.0017356772699188838,3.3785159450346995,-2.9233140537577675,-1.6748670806066674,0.7140117510215568,-1.6515461700301928,2.1999595682958866,1.6874542014686433,3.6219259004689794,6.630567014279538,2.1616109746112646,,1.1777317797005968,0.6746511504369559,,0.13583207683797885,4.216506510157575,-1.3843711848477436,0.014532751899070856
1965-04-30,0.3584084015936253,1.5136636219107322,0.9466274495319322,0.2023227736964542,-4.684152057518015,-0.23904352544892296,-0.05724758852319625,-0.46279997488650926,-3.5582612163885075,4.3460069597050905,-1.68684961168692,5.921639202192524,3.448048528085679,7.722064707989388,-2.3619124005043974,-4.123485711181995,3.907401490360391,0.7334368461372907,-0.635387420199079,-0.22580804024420711,-1.152771107212221,0.08156301153786652,0.2544497612325445,0.580417811110759,-0.5878183037315726,-1.9317543516124145,0.4832791557115752,-0.016657911362310235,-1.5613980314011497,-2.7596074123642054,-6.79573091521842,0.15167626090397765,-3.0545792564187293,-0.5467219736654007,3.0748460168124625,0.46673749234111017,1.64183530226465,-0.5878183037315726,,2.2433472477031775,5.925649213148819,,2.7772996627436974,7.574646296655759,-0.4931950245254474,-0.6313861056138722
1965-05-31,3.7147006703795666,-2.6020060023277862,3.626594580486277,-0.02638102361369815,-0.009448251547075459,8.012881142663925,-3.7338250031931906,2.8308947091019734,0.1070806637475537,-0.2206091877450378,0.8243553078300365,-2.1832396974138812,-1.1343356731158143,0.6683643820913481,3.574335133721601,1.8266597432673226,-1.4078603537514205,0.16165126574302524,-0.9305791227193709,-0.00011924598776680284,1.0735264086037766,-0.06129453816294686,-0.38926168438995806,-0.726877919977638,-1.3467895448610707,3.3449706874721254,-1.7528146101902875,-0.052423755342447476,1.935829790600005,8.377244478434992,0.6363134895175918,-2.505427879072366,-0.669350105859298,-2.4798712789669937,-7.1914896597443585,1.2624964216953953,-1.416945532256328,-1.3467895448610707,,2.8651389349745298,2.027726662626476,,1.1888080145656135,-2.532610027476329,-1.5554484328018092,4.230916577488582
1965-06-30,4.216223184053441,1.3245077372361773,2.909500756742835,-4.844371976205135,1.7708798187476906,-2.3905257956225365,-1.511932055300633,0.8740300032052519,-0.454157875239789,8.324419947964728,3.4737534094020446,0.569493975804502,2.5414500260328525,2.9077051502269984,9.514925929553058,1.0151336554102828,0.6108025746588026,-0.7396323714455951,0.5088510979181053,-0.7320217626300536,-0.28076248714522173,0.014723833239072698,0.5048669205382759,0.4641163989213105,2.673594631299598,-0.5556387930100445,0.46418997593518785,0.03053822936092712,4.389933984470611,-2.0502627188819504,2.650008000413915,-4.237067322271168,-4.939739479620373,2.080937507903186,0.6503971330743964,-0.4713025060699887,0.21125966650610603,2.673594631299598,,2.899579970112061,1.4482809115102537,,3.3356144316303284,-0.29660448262692085,2.0535096919865086,-3.4910462486428706
1965-07-31,8.941037394354098,-1.2126712709788436,5.654675266940936,3.9543507428296367,6.115388307326403,2.7631733358766555,0.6057764094201636,6.059083007634196,-2.773037566625067,1.8299686595122568,-1.6472091385734549,0.7833631101709266,6.199081719693693,-1.0240880938163681,4.687619614486194,3.048676697427581,2.620895906351615,0.20352090234107598,0.42117104989242105,-0.42448091550760836,2.708253757959641,0.09465208199085481,-0.20009989532983888,0.4483261263120557,1.1924880707850292,0.5291511552692563,-1.933476026387154,0.0111392433805734,0.4880503145637305,6.525064840106556,3.50310915424168,-0.6369106386950393,-0.7508575393528542,0.6291557107817762,1.3963769309786125,-2.168994480377248,0.9906359001291567,1.1924880707850292,,1.6817620860824456,-3.2802328491705497,,-0.13177461682137218,-0.403213704854831,-1.0253507037623901,2.5284159712642307
1965-08-31,2.6663467454541716,-4.795915570926733,-3.9858674145532786,1.9862303520759061,1.6883802722877088,2.8704779289937923,0.9589407527889556,1.4661948066798889,-0.3470738124816255,0.4152395708396188,-8.879034282403488,1.087899556200865,-4.418269956551345,0.7456553736942984,-4.176575157440917,-1.2857010191903542,-5.1480052517848724,1.512120011597485,0.5653257850289438,-0.23067104296077623,-1.7434245443266336,-0.16641244884817194,-0.0708095445328,-0.627688980231041,-0.20811608575548557,-0.37475849590481813,3.2362902100289523,0.018072436419240667,3.1531921469405533,5.580527597475194,-0.45609179018103974,-0.7416361794270069,1.6906451050708795,0.6571693195652202,6.051589653276207,-0.8812768921365987,5.269041760736077,-0.20811608575548557,,0.510770276192988,3.3334548268895787,,-0.56792024139875,0.2548096331247639,-1.8957269354972852,-0.29080765351065263
1965-09-30,3.1361112905936688,4.903466171706178,6.953680613362502,-3.4211397938870087,1.7498100575630804,1.377100665065896,-3.3095987249607868,-0.1310735192818437,-1.0473071804907392,-2.882117631615152,2.3723149999069038,2.6504812526585817,-7.54616526018882,-1.3868028534156893,3.379443006711137,-4.249435346543322,2.158172725232229,-1.9622857245142733,-0.20454658384339935,0.017414590704180888,-0.8946876606090373,0.03720099272269756,0.07695695406157155,0.9755939361898229,-2.0700558025144895,-1.0150447325790395,-1.0611329359516508,0.006870109039599781,-3.0347743189077643,-1.363676350737859,2.3687507201527347,5.889567171252693,-2.508552775670916,0.7363229922905938,1.1896754615438427,-1.6694699201069432,-3.952932660367334,-2.0700558025144895,,-2.137276300893719,3.6602758898189762,,-2.1132537881504785,1.5392644384781116,-3.339006532691651,4.438144160242258
1965-10-31,-1.7019455822139458,-3.181396124916586,-7.93274577047587,-4.6718613461918075,-0.23678150341975207,1.70946661255929,-6.442417509036641,-3.034439699521017,4.861013037324504,-5.977047289902512,2.0886970784578005,3.0221327351140355,4.8272007463451985,1.8705527883721762,-3.037511029725125,-0.6426602434630972,-1.2586832552531229,-4.27326310940399,0.6041319775474123,-0.5569985374834381,1.9375286817521198,-0.07282247176485973,-0.10861042600595461,-0.2098241737882502,0.5080332819052857,1.035563061116215,0.9212127577757367,-0.002239429897081646,5.284898418134598,-1.6918637473593026,-1.2124855107128585,0.1721141480072153,-1.1963685118148146,-1.1706443320466338,-4.112840554826003,-0.4546978500731192,-1.8027337770906036,0.5080332819052857,,3.096815429588039,-3.247192856973273,,-2.883737957958607,2.100381423556345,4.3781597971174655,-4.6399195659806285
1965-11-30,0.7705700279267107,4.245249270428985,-2.8910539490624796,0.1947512109703014,1.574466646163721,-2.3780526090824545,4.959138962978699,-1.3951542042984941,-7.957707766598387,6.134987829165391,3.7338181664347623,-4.1231375140803985,1.0437543061229992,1.8520237723582194,-2.354273820207957,-4.285941214866176,-4.71823953648417,0.8180519823727199,0.25829688115481336,-0.2384689343137228,0.38539342956635453,0.03283185352210488,0.20206223985682203,-1.1500527675583854,1.8868251184508498,0.08430824848406265,-6.168831336536247,-0.0011505724209852908,0.7089165081654256,0.1161845424725848,-1.5435728938390596,-1.756773222599385,6.342374616212923,4.52406268626793,0.6199089601190046,1.811429771524567,-3.9337091846899166,1.8868251184508498,,-2.573627647582533,-1.7474129899280872,,0.5538875792834423,4.248792604955482,3.4738291213272867,-4.052408576466124
1965-12-31,4.5544283025661105,0.8205912916011928,2.5771404448080397,3.1154802986203505,3.9017814825845636,5.232122223825646,1.877167750691084,1.551561792987323,-2.9221451273927577,2.8024890304666017,6.003152278261359,4.474035345998647,-5.433159359061696,8.592528421062035,0.16866130749679437,2.9832083190536496,-0.8853721531571027,0.9504570136560058,0.04425646069492872,-0.32214977992333793,0.7063873000337034,-0.04632332384779014,-0.4756534538358934,-0.08786249832163892,0.9410247997884678,-0.3264835631728078,5.303868376772618,-0.010033438348815954,-1.7403119166356122,-2.6817853436430443,-0.2891867885087286,1.443540211973666,-3.524609131748187,-0.36634456719593744,2.503290210629833,-3.7234174933372706,-4.753997531102501,0.9410247997884678,,-0.9146774887978648,6.185192146368035,,-4.066738349033438,-1.562177833438261,-0.0427094528869727,6.536883475341101
1966-01-31,1.6867525806647046,-1.0365304533630062,-7.4746573645347345,-1.7665204598719404,0.9153119991840682,-0.685523811749865,5.3559390189519585,1.8306507112126478,2.584629056872842,-0.12665055945836534,4.557610683894465,-1.8124786374248028,3.030025724552282,-1.011118744623996,-0.5914938679034031,5.336426050196807,0.09483831718039304,-6.938405765111494,-0.054673862751781654,0.7611738614874565,-2.5590711320664106,-0.07685578225675516,-0.3247761269945436,-0.346910279720575,-1.9028564248834674,0.7292288147410261,-1.6170969324327862,-0.02614361449572422,-1.671539162529498,-2.5385058764025263,4.0444458408440065,-2.6296331595885625,-1.0094302467138734,3.0126535150101064,0.29524055854318587,-1.9271111466626833,-4.045776117961219,-1.9028564248834674,,-1.2666812895611517,3.3275442105875155,,0.7303565127832906,0.44741865773576583,-5.5344573283800935,-0.42470796153748824
1966-02-28,-4.90705250851851,4.237492606864268,-2.6337732081170384,-0.4576984404837458,-1.4825555148207563,-3.803036551736398,3.803587941177955,0.07328789331485724,-0.5705986465292601,0.01499698571275404,2.6475137908607986,-2.5370387356356185,5.857665149735083,0.08791690520052947,2.2814397652315703,2.1883522280604226,2.5332474432666134,2.9847790097043343,0.1593517509388644,-0.3324425557730147,0.8040314849297716,-0.1320429779044414,-0.31889759577851795,-0.6584804804835196,-3.1632998270965387,-0.32772350319436816,-0.17332532184052002,-0.0040669170380608355,-0.9553830301576764,-0.36001318003811655,-0.9127479526112223,0.19698373554610848,-3.6942624984648513,-4.922693379873893,2.434494630574611,-3.2386575371592703,0.8362953121604377,-3.1632998270965387,,1.544074384303089,5.765448482894237,,-1.1142024436337246,-4.506985727222567,-0.302063443947658,-2.8096818972362083
1966-03-31,7.293833482017977,6.04975500586338,0.5546046932468809,5.881578786539013,0.028937457823778767,-2.5755642960604743,2.491037636812863,-1.3303360732442135,3.509165822795237,2.9554779599499423,4.033600289637301,2.4175750696241227,4.017819897469643,1.8380073110202573,-0.2315227744446614,-4.37368346759232,-1.0053295518444072,-1.0924262702997423,-0.10804030943812792,0.13842733581203115,0.5575113853869069,-0.024276019374421004,-0.3268635571547036,-1.0304856981362835,1.8861008082194335,-0.7942404568244205,-0.2714866358055589,0.015980509710090685,3.0823428695723223,1.936593117259441,-3.0035385812455,-5.46116732858075,-2.7784477109290258,4.919630352450387,-1.92117752128939,3.5025057711071947,-1.4939214958190616,1.8861008082194335,,4.4658276990394725,0.8490149212913018,,2.9032783444372394,5.306409528880216,-1.0645044318370886,-1.877771002436866
1966-04-30,-1.9218690323914158,-1.2248032710401755,-2.858606653257723,0.3685923361249807,2.2948722497201035,-3.0526270770710036,2.414448579220306,6.106035081299419,3.501934280181184,-0.2399241258135542,7.247916863672843,-1.4098446032523588,-3.0325535279260922,6.428562565320552,2.819643101902628,-1.3138268486124172,-0.6566922528119135,1.5526935847280214,0.6377417899055877,-0.3486240064276896,0.2835304315420793,-0.1491023189558338,-0.3453197698795758,-1.909188619575463,-1.7212236707078679,1.159627594048509,-1.4639262130509427,0.005538128488545679,0.3011651684674343,1.342870567781884,1.2661324287874969,2.6396371610581575,-2.344425530028224,-3.1696156633581944,0.8969208470949925,-2.669890803760434,3.0707451109822643,-1.7212236707078679,,-1.383456974186425,0.6943862361744768,,-2.7251179725853785,6.890170191799319,-2.1070525301182648,3.4285239563529197
1966-05-31,2.883618064343054,-0.45043035150638006,6.69190854913369,-6.066909207348524,2.387461897368826,-4.588801745220454,-6.782583526751733,1.6807578982163007,-6.689612453531451,-2.840965664419751,4.565765496168313,-6.132132520989652,8.03129526200195,2.9194657520885916,-4.140932049390719,-0.112696795056555,1.327680115983426,-0.7928806341011123,0.6138974168900826,-0.2011801043804859,-0.7756385297758636,-0.13862996640224598,-0.6540022237909711,-0.11739705427159827,-0.9586953678935124,-3.641216824414177,-3.6628133747279112,-0.03697472736136859,1.4768697071582664,3.6331201980238506,0.8603159990043672,7.963768711001832,6.527037088994572,6.697359366701969,-5.566535303379251,-0.20377339774208986,-0.5473157783800533,-0.9586953678935124,,-0.7618492952198661,-1.1794268729314443,,2.5470067604694195,-1.5689557631849302,-3.66957449224597,3.5808521283783703
1966-06-30,1.880334973749161,-1.541918572647776,0.16671312025941937,2.784030402779114,-2.2706130395565562,1.6388569585407426,4.592176957389544,-6.080350852275452,2.8356326415403004,4.5035904213946445,-0.3522880574189042,3.5566796056514987,-1.0781330894270413,2.3739463465713975,3.03342616634123,5.864640257615946,-4.4922452140941225,-3.9876919053195747,-0.47392087327730587,0.30209567108858143,-2.044895627585048,-0.23450126712606545,-0.4055512843413223,-0.9796858571644536,0.8637951596306861,0.6058380383228508,1.2463632856785851,0.017646711273234528,-5.123667308221815,2.5439359910189,0.22246802621973855,2.4674008982053923,3.0013209356244905,-2.7532558613017573,-2.3043738472958104,-3.3919635643435644,-1.112216699680073,0.8637951596306861,,2.888472565357537,-5.299300541587847,,-3.7385607416739592,3.858686378906625,0.5805284978253427,0.10732893555633022
1966-07-31,2.696253966722243,-0.6879980499693052,-4.025884363800235,-1.3705205790713662,2.250701869799716,0.9928173704836711,-0.16752893653386153,-0.8260137358910302,-1.352919850663283,5.999899782880847,4.731223995487441,-0.8796155326660746,4.583442285117819,1.3617059711258008,5.779615205498551,2.899637318746265,2.053672387636519,-7.387492251253434,-0.47936958784179434,-0.5455383485408312,0.6153235577478451,-0.14188029680669884,-0.7653718795494546,-2.4634302445510317,0.2888211565546864,-1.9453971661108669,-2.241602590956885,0.01328057168891128,-0.19423875955258163,-0.19293562746824433,-3.909115341671371,4.17373154922024,-2.1527010090885863,-0.4701704993649631,-0.643561695460769,4.9701403609287835,3.1290866586870703,0.2888211565546864,,0.717489055787621,-3.2964170951095673,,-2.132583054462504,-2.3118576235740624,0.7795414373005831,-1.4837849871299564
1966-08-31,-6.5619545544688025,3.2665041458780273,0.5936645793841677,0.06587091257470534,10.93831572422865,0.5982975643123023,4.346372729755406,4.452345050748693,0.5528056033966293,1.723274774450753,7.699255373056672,-4.6718419093140495,-2.578478592385709,7.317211576345602,-1.597792641564314,3.6278952680376353,3.1950434762648685,1.9227870371973095,0.5923720854732177,0.0789414925709202,1.4700756775683255,-0.19876520864400404,-0.35188328746168096,-0.009234337657613223,-3.720226995655735,-0.16334822972803806,-0.6701888658539512,-0.013391644042913375,0.2729569116907715,-2.4275141504048543,0.48261589487239676,6.721065519883296,3.3218514938338375,-5.2923548288093185,-1.832304303634318,0.03194472430924489,-2.241881132681451,-3.720226995655735,,3.1562737468503004,-1.8346747022622283,,1.667255222491333,-3.3599406652925294,-0.5208845930969628,3.503065986738415
1966-09-30,0.1586365033395012,-1.239984574525534,-2.003283393749741,1.2447717494198312,0.046903469597290304,-0.3501636527360802,7.4472133590273994,0.02176267862330783,5.735832795669489,-2.8076434928593925,-1.9025146802424553,5.841294983907876,-4.622838746096853,3.8185269403056785,-5.013930761232687,1.3931686600662845,-8.347476969759203,4.31079897714462,-0.27624591763359196,0.5230948429215087,-3.942121128685991,-0.11920165520743994,-0.6434185785086165,-0.9559141121844524,-0.8406856668999858,0.6506635345857976,-0.6103684734398191,0.011628311266627223,2.5305885299559603,2.344727013554081,-1.5043715171831877,-8.610339155443702,4.418880642648233,2.2636267401292276,2.2819565215827495,-1.5406532638374402,2.2874191540972126,-0.8406856668999858,,-1.7115933377986816,1.8473202973136913,,-3.5254882414680395,-0.44365401322293374,-2.4384047218352483,-0.3301802439923801
1966-10-31,2.2206899738452908,-0.061106045202106885,3.979885517234634,0.06979947925246038,5.61105445046577,-1.5747546157836974,-4.255341433168097,-1.4442800507321618,4.916235904017488,0.7333163639523557,0.06445591891284769,-3.6559107042315953,0.4163501556567483,-1.9078349743884475,1.9193390391267415,-0.25962064920009503,-7.123321155585073,3.9888552730079594,0.4371719111827847,0.866427341148132,1.6256254133700134,-0.200070263993568,-0.8160425658194654,-2.6872495462917656,1.5319102547874857,-3.3325347425291767,-4.634838394964579,-0.0005781226090573743,-3.0049888827259923,1.164115398640403,0.4765759229800322,-2.3927041660663004,5.092457790088685,2.589692159082025,0.8185904335361449,3.904709289996334,1.814092624564603,1.5319102547874857,,3.755822717786284,2.8161307534795927,,-0.655843250805433,-4.680134147779924,1.9672925655036828,0.720719420604029
1966-11-30,8.00118127605053,7.226637475435431,-0.012686224821387537,2.5164924234413295,6.44097355753019,-0.7099815426850653,-0.8311688936786594,-2.76126611267423,-3.1252376378667748,-4.096541759336059,9.492829487258255,5.216019723040953,3.24292433994177,-0.6576278467357153,3.1020827710854286,5.058993079433797,1.815163514053386,4.960561096602038,0.06168881929097231,0.05341831360058363,-2.0026686120631285,-0.2559891329709896,-0.7407661654358059,-0.9254150826217544,2.1386399802888048,1.1070310585227234,-0.05813842697264676,0.008149167068511542,-4.330196345986927,2.460321114018801,-2.351700620169576,-2.0610586796732493,2.5947599026806927,0.351055286843526,-3.7934818278170583,0.876231238348715,0.6070238178567633,2.1386399802888048,,-3.9991862947760533,-2.0296410177737485,,4.925162061801248,1.3713371085216082,-3.5037750220654296,-1.414405000064475
1966-12-31,8.697203431195156,1.4204233115094613,-4.646576361514139,1.8466898779192138,1.4678479233300608,4.91820642342269,2.676328707276821,-0.528546653179744,3.144453995072952,1.980666750533603,2.2673036578625356,0.45748916151667285,-2.05515802460471,-1.3152350362169478,3.3073203778966334,8.13709804700585,3.478545958875037,4.203649605954308,-0.13403467160792504,-0.25768885952177145,-0.04012721239124262,-0.10438500473099782,-0.10521212211873782,-0.20268872560349688,-2.5564260861594916,-3.7843601560425726,2.261140729259073,0.003076967339611769,5.475341030876018,2.034422040839613,-1.7432631939663434,7.528424000073382,9.33205459386204,-0.024729139282125,2.657396693795675,5.720325302721376,1.6411096302693866,-2.5564260861594916,,-4.727091957245619,2.270651537520004,,-0.9692889375814082,-0.5076794903832567,1.8306154659263068,-3.06350977824687
1967-01-31,5.862317469153241,1.3767060328516783,-0.7193320474732958,2.2529191810141342,1.8336277925143833,1.4450259891105506,5.856902551685344,-2.945916693365702,3.334464195175084,2.9365484749273834,-0.1469172226170673,-2.6381341842464257,-4.3961977141391175,-2.546229232013928,-3.800974049500361,-4.620081484315286,3.814419615024105,0.74108548586408,0.02823545131575178,0.3756316327812609,2.2465328521350316,-0.20366416981500404,-0.3955683804011409,-2.6676090393614187,-2.207361218110435,4.0232966137526756,-5.887333633711708,-0.015297852839465498,4.638780914268882,-0.6413310322970158,4.560529681627379,2.931799659334815,1.321232238695646,-5.673332454671648,-1.6640121968798258,-3.2322764671871522,0.6528520117858699,-2.207361218110435,,3.621456251310078,-2.3567884228623983,,0.564670343602744,4.960189761051748,2.1240666387592815,4.3452115221945675
1967-02-28,6.077897614519199,0.5226187980352516,2.4074599740684848,3.9991601719142467,1.9271024361901468,-3.7563106208635295,0.5349789561068227,0.1573243800754277,2.9673299432213853,0.6551758667004351,1.1716876638640112,0.3108820096200836,-0.870849833510539,2.2445078594314247,-2.3896599891808985,2.1987971182668917,1.0510966810814368,-1.49708249171143,0.8606908443526567,0.02002240287364787,-1.9866432230830955,-0.0646528130685946,-0.16429314764768654,0.02330603066296938,2.573580248971288,-6.136140375784579,2.9541297469575727,-0.0399037572189736,0.47493231522230794,0.7267610573639588,-0.5713693400346468,1.1239119777335662,-0.5005642715657203,-1.1991980100557549,3.2231329450222805,1.587113692517963,-4.853109053496367,2.573580248971288,,-1.518381708444827,-5.948639903581376,,-3.39683904069436,0.9571219730549306,3.597496924653246,2.06795918499049
1967-03-31,3.8751017319360344,-1.2647464180353913,8.328884401872244,-0.1962220211374761,-0.6870307642644065,0.914187518233891,1.3676432079818155,-3.8796165110676375,1.4660347548271384,-5.317916776288119,-3.256356776226448,4.630509936984046,6.170807596836584,1.8901304249083897,3.1903257174691397,-0.8348129207322137,1.5522655717251463,1.0920315914160155,0.7587146632695372,0.0019417928087503977,-1.1156043328571594,-0.14979429802510322,-0.409667706819361,-0.1594571943809958,-4.305796190159189,1.8624457111882895,0.2482299237733545,-0.02373534742427813,3.995062533713405,0.15078724094824514,-0.5872483492849121,-6.533942636463536,-1.7925812162275097,3.7293930764228804,1.4635304232124655,4.342261668121487,1.6270418990285307,-4.305796190159189,,-1.16541170937679,-6.561640532738015,,-6.2741506766389366,0.07365853575726933,-2.3849110526803585,3.5727356692780408
1967-04-30,-3.685804138064051,2.0695538905971924,2.947250469947799,4.095772524065116,-0.6691909149863893,4.992331456476586,-1.83161671412448,-3.347304550629684,1.467960401029302,2.648729047044434,0.6516663152660961,-0.32524065333744256,-6.721171847696663,-3.2489520675876777,2.331658170722674,1.2186257246636503,1.755145939608271,-0.14704363670535658,0.27620144868896157,0.027953591759288465,1.4093024711693234,-0.10888981059865255,0.11220943072381118,-0.0402448213287987,1.9078942768740927,0.7055600102868808,-4.610860860954234,-0.009830532202666775,4.029439218476331,3.9534640634903133,1.1506457718154959,3.5341260451221324,3.6621067497041877,0.11049349299249728,4.004295649617667,2.3184536789759025,-2.7023721939933045,1.9078942768740927,,-0.8409364573803798,3.538578414562583,,-0.6795912792436875,1.3206501214617101,-3.8862998209569786,-0.7832566533791716
1967-05-31,4.5878859791726665,-0.6286678308153464,3.8521805408113523,1.8001984956257027,0.6173410043816929,4.60138807846597,2.4094844272965887,-3.183163162480631,2.094761801373318,-7.9034157340917215,-0.809486835263947,-3.170048993239213,1.3118664200131664,-2.800001536506698,-4.573578111344142,-2.8441500187991187,-1.7487339806342497,-3.491845102842063,-0.37901274251924777,0.0557207214794011,-1.4687241473995118,-0.04219593053974213,-0.04529412325322707,-0.20245088032729627,0.5028583837481698,3.1632627428878983,-0.9071053511296612,0.0022487688833268127,-1.5674076709776732,2.8405157829703342,0.008525355026755332,-2.721091667997763,3.2869197928779825,6.759078571355083,-3.6022106535273584,0.44478990087641435,-1.9265725829508937,0.5028583837481698,,0.6722889772439677,0.9398092465101213,,0.8668631508174036,5.117538521078199,3.2452606876477197,2.4051406288682124
1967-06-30,1.006061205539767,0.897478041866894,-0.7461405201392612,-2.6904670782987665,-0.32870374633462274,1.8367123350692387,2.8608774914976687,-0.8692276664344121,-0.5960006738233591,-0.5847964544530969,-7.804241612433789,-2.619770728276814,4.6085806781238645,-3.783909768944917,6.321862719834049,-4.015190944664761,4.2259276367594,-3.8384661654257286,0.5183614563144838,0.31358470070704514,2.4291645195396185,-0.009086283728793332,0.15142198579422983,0.20426311868366676,-0.4931800241823593,0.5490499821902042,4.282464183553622,0.03543045537013728,4.344563366230803,0.6255643853259172,-1.16022038229821,1.14276158382147,-1.5249858734437791,-0.5815030168767468,0.2982806617335071,-2.787832912455432,-2.0322043028516856,-0.4931800241823593,,3.643062158386413,0.9774510690584697,,1.3088936328112482,-5.960784639827517,-0.5826431917620282,0.8038802938419514
1967-07-31,-1.8776173035581678,4.868141181400662,8.393186525051165,-1.440002883474992,-4.733890331081074,0.537710781222831,0.8737896229461627,3.340596667924575,-4.604135798222155,0.7483867189867422,-3.7909565236275458,6.025064416830251,4.864262312805138,-2.2773500325959715,-2.4020557327873577,-0.18177373430375826,-4.2140731254372215,-0.0895790955364903,0.18045199965780834,0.4017383469413197,-0.7851176809472842,-0.05746041065606955,-0.3216842647656227,0.3613458565487685,3.258464594989711,-3.4865222757483854,-2.6027057265944737,0.007066949057833616,-2.770772268127951,-5.04332420426113,-0.5109989025859518,-3.122253022192597,-2.9539464647515987,-2.1951041252143724,1.6377425887564723,0.052545166700029844,4.083517337522956,3.258464594989711,,1.208431896781835,2.8927447067689993,,2.56182678678704,0.190576956861211,0.43851403736286676,-3.0262457238475253
1967-08-31,0.9339427360211102,0.6900331885446208,-2.3402518368486116,-1.393226168365588,-6.376772623907585,1.4751221102140515,-5.672711288797068,6.673187158756026,2.1666288693222358,0.6280364035298031,2.6038812881725124,-0.4036148773417779,-2.798568722151331,1.0873973118959377,0.33346150168334343,3.9101289503998657,5.863553077421174,5.040975318831642,0.6556416540157216,0.7452966810746097,1.6545461555799212,0.11119661445218765,0.8254964718943524,0.8940500292879884,2.192386540819381,3.9957351097649845,4.0626959709253185,0.011652302141691717,-4.645647575416221,0.7921557583077287,2.4631977643886804,2.0800709362111487,0.27058578752224705,2.1831018889958873,2.1753502180119915,-0.34662067762940646,0.7882614724828184,2.192386540819381,,3.750481193012514,-2.2982078458382844,,-7.814800434872506,3.6596715803806106,-2.8078283399338293,2.1718797418127407
1967-09-30,-1.4385004865963402,1.4730571366589051,2.450478310222759,-6.4212295084470705,-6.659074392773985,1.5970068191252584,-2.2561645188160755,4.9306079523179775,-5.481276659992852,0.9550357350103953,-4.2049937032713816,2.128612605137609,0.026932456996183962,-1.5710433497550196,-1.134097168703402,-0.3586771115946798,0.38645249700138673,-0.6122785417960843,-0.053552328655420034,0.799975147284699,0.6682372947201942,-0.0643691832059673,0.14791619502492515,3.227329090744429,-1.9948642781962327,-1.5318153762233075,-0.45775421415514955,-0.022952255996468274,2.6333770455634276,-1.1566924510089134,-0.5215241223666622,1.2747072175056664,3.774765446399205,-2.2674543585117086,-2.325229895335188,1.5906943722859388,1.7273390838900395,-1.9948642781962327,,-2.1411568989747045,-1.785821023968246,,-2.628739222478968,-4.629522714257923,1.715883345472344,3.239606763861404
1967-10-31,-11.596340962861955,-5.980268381366427,-1.7044189221076733,-0.050249483293259456,-0.5155662529699523,4.767397434271906,-5.399736142233606,-5.307464609980318,0.7935277666622693,-4.364737491912415,-1.008427503448343,-2.46519932202453,-0.09159604642899577,2.745261876092451,-1.3790854425788655,-4.055951513171864,2.2131412493342815,-7.84506907580399,0.1410693639123668,0.6164072353451351,0.9792004723619299,0.1765044335324294,1.364273519766672,-0.606577859801372,1.0506403169116083,2.7096507886854853,0.08547372968234712,-0.03404813330992207,-0.8754069437425953,0.8423106891514176,-0.9924562419680185,-2.185849994890836,-5.297868988623922,-0.8932519790409278,1.642315845336956,-1.0603411991062957,-0.1975265113927693,1.0506403169116083,,0.39194115390716966,-2.1638421360073945,,-3.0031781944479183,2.9296484925095685,2.181501178607473,1.323236149663896
1967-11-30,4.3446683541084345,-0.22523415333892843,6.056703266180788,2.6126158596948854,-1.0034291001521414,-4.173835668604731,1.9711628924902977,-0.5730393463132162,3.5428293281060235,-0.18635941294167854,-2.088761831610882,-4.012930979346632,-4.196837823520285,0.49037083125862757,-5.438989249227495,-1.4442560175810377,6.175182590144909,-0.7386190125448433,0.46774784751449994,0.4637169377333613,1.0791079657660925,0.02555795774487374,0.4121407598275484,2.5378960660957284,2.3141072742940514,0.6487383295176,3.7868147619171766,0.05598916040580593,1.3647667119699265,-0.6126804822252965,3.5984630974492715,1.4426931228527495,1.2661550630602356,-2.6775402440058964,-2.6214276391264217,-4.786926229263474,-3.835546351699821,2.3141072742940514,,1.5222086879602652,-0.680791448618869,,-1.6273598080680816,-3.423185974497061,-2.240548447402147,1.7322466723461982
1967-12-31,5.8456611942142525,-1.4700651465093846,0.5588315293135467,0.7147955686530337,-3.419317923802989,0.1399613171642886,4.3281190892216275,-2.366567811321275,1.2971605878772938,2.978356270588659,-2.6296063462520523,2.5007843083356867,-4.0303423624552215,3.5496230485006883,0.6942694153560341,0.2186687067549128,-2.328005889518195,1.8062862762557632,-0.5025895428491644,0.2944746598257043,1.988748969124241,0.32765288504743395,0.8729393800960815,1.7259444905053662,3.4365719912224666,2.0193492638284294,-2.64812161683583,-0.02802277149986243,-1.0445622108529675,2.225171529376852,-3.6464107340887635,-2.3323886807633225,3.8350769019921147,-1.7790574707749967,-1.696925921501856,2.05298030825929,-1.006464626232677,3.4365719912224666,,-1.8858491864783908,-5.073582251186021,,-1.6936626035356346,-0.28260616483625967,-2.2775385793672425,2.831859199139939
1968-01-31,1.0896887484573807,-0.2530219085677638,1.5929795770983877,3.9794554087668703,2.3052361439226727,3.8134675730765104,-6.427948821949567,1.761514469089827,5.420246627761802,-0.5022883720266629,-3.845891415109844,3.995682179087122,0.8402682552233056,-3.302969362613838,-0.3829431221730098,1.0696051231857735,-1.9157056467538096,1.1319145563962962,0.5948439136354202,0.3186356156606531,-0.4184582313944849,0.12999860361982812,0.10533371433777877,2.0238583060062645,1.178944714701171,0.7579271103530496,5.764225718552627,0.003094638259268201,-0.014732400741584883,3.5265810117982137,-7.581256876695765,-1.5879829786660378,5.269788700023115,6.558357439571495,-3.225200709206303,-5.154695289340111,0.9216158463731947,1.178944714701171,,3.326986450226957,1.816385642976202,,-2.461755460406148,0.9501926780407359,0.28082860251273556,-2.020845268957327
1968-02-29,-0.1349853501362585,-4.981368084935998,3.437600774168327,1.5392514636198629,1.0904229463300927,6.791395479775321,-0.9697713007309949,-5.80330201471971,0.5738538449315149,-3.2318037357760443,1.5926952966061312,5.9134815197026915,1.4298763664637195,-4.5328439075383296,-6.049542127094805,4.293881077905034,2.682163863811291,1.965645638329967,0.13905349367101755,0.1681294743119422,2.8098000514989208,0.19397512186891647,1.5736347253797736,1.1651588415655356,-2.1501552851738586,5.20324312383366,-2.925703741227615,0.007942142185960954,0.1788933249094553,3.198727088616273,1.252966083601223,0.7198205053929114,2.89216431188391,-6.640985840923473,-0.03986505542161939,-1.578549650054602,-0.3139488006909935,-2.1501552851738586,,-2.2630211644536034,-2.3982627396234903,,1.7353506304234774,2.4940813765857834,2.4743278973432834,5.340239975739935
1968-03-31,-1.9023136131370608,0.6875190968805278,3.4840828289957457,-3.386621357740274,-0.039713963506362804,0.4190078815373805,0.4974362299529032,-0.12194538223223392,2.139810996122523,-7.029832505137739,-1.966941675204992,4.526864895450872,-0.14085586397536604,3.435134456324099,6.742986253067358,1.1015247066137446,-8.315370860795353,-1.0341069318992506,0.6362754519080049,-0.2797946402508556,-0.6246269796369639,0.19361817107746115,0.8167264630346729,2.0293761350228836,4.660924949512157,-1.734401328086632,0.8529818430644647,-0.013650875078626834,-2.081520022570075,-2.5472270894970057,1.1301201953484186,-2.7952120233763726,-5.944380313859872,1.1644893573161423,2.8864163271309473,1.8440425057543857,0.25786677848450007,4.660924949512157,,-2.7070662688214284,-0.5570248562751743,,-6.585985324511503,-1.6335915474007974,4.7147790421111955,-0.04836354439997009
1968-04-30,2.295258448406468,4.348721634931164,4.442798639887992,0.45227627008024474,-0.6684436254895834,-0.3930304086315633,3.9647675398132423,4.449313594012957,-0.10574215061253,1.1258449858054,3.59707485371366,0.7445409605281887,0.567945943315042,4.103716716181347,-1.117691988378136,2.4576037077069124,4.054954292309594,-3.2463205697746753,0.13348140146098575,0.17086410211093184,3.2933545741426915,0.22863956626440907,0.8073381039420888,1.1508837418032618,1.16730785190024,0.4392372937926947,-0.2897707077060193,0.006254988131951744,2.5562943061860484,-5.774890811772508,-3.069292449056955,0.45548106939117083,2.7220394511179826,4.6257756824652665,-6.038170437390082,-6.513373753932696,0.21621422505002796,1.16730785190024,,-1.8535082023858738,2.036820281484479,,-1.3898393453711977,1.534764478449349,-0.9369290952370057,-1.9797843606453758
1968-05-31,1.071792940237192,1.3844355477614863,-0.16214304196001977,-4.400867090216738,3.7441855973839173,-2.1609393877729905,0.07314266442718026,-0.3830991574999889,-0.8175522306034287,0.018944950399059635,1.359676342398957,-5.715998396313741,-0.5474071926352131,4.148795419246644,4.821183918580721,-0.4939423251165555,0.8262006767140114,1.9609198606180072,0.8212025806842577,0.9902404962585348,-0.275255648178228,0.014887658635585499,1.2757440959100976,2.595785381998261,0.7210225802167736,4.6728010868277465,4.313322915347106,0.013951620066792014,-0.17210010978948992,-4.591198595327452,0.7488720543861062,8.574697259162415,0.19852348355882343,-0.7167428899663206,-1.2985830249613493,3.0543997602428865,5.499746774468591,0.7210225802167736,,0.4725181493855043,1.4777696032984253,,-0.5807447299550585,-1.2359512731407847,3.1315482419041483,1.268652223481069
1968-06-30,0.8810680941710007,2.4123541196582323,-2.5457231000528284,0.6980427305109012,5.1812916436303915,1.2002327990319857,6.783340090055473,0.19844111850465967,-1.0457669873684823,-2.407898755692434,1.2808181142961905,1.0366924262169084,-5.439257982896274,-5.0721052735273044,-5.742174029981381,-3.7454391759077788,4.781517446925291,-2.1310219030959665,0.6042383035997196,0.2037716501138216,0.9189580751294415,0.23560610415301447,0.3111309457059239,2.163886612385751,0.16481571008113127,-0.30969736843062085,4.935470539673938,-0.0015175355429517257,-3.821623677746943,4.829923455122277,4.997671138253036,-1.4437952516174426,-1.0321507924310032,3.5734318955075492,-2.726929356885487,0.9925802743587107,-6.504191999216461,0.16481571008113127,,0.3914446837897473,0.9847645753535996,,0.5222935977151483,-2.3758302965011846,-0.034452978264186196,0.3330219300832026
1968-07-31,1.5720772257053166,-0.9902854013278146,0.003779719331122089,-0.012952569026900507,2.0952742902481476,-1.6966131938872495,-1.6555058091984785,0.93022079073519,3.6274339176204515,1.1260030302967978,3.1429514054024095,0.9435147417066228,4.36162938935837,-2.4490348653236236,0.9961741152609407,-0.06566664967503841,3.272341376442543,-0.4341591164504325,0.4106097530453727,0.641044272980114,4.051390519871537,0.23383616451489422,0.9376362443771851,2.3180149250672666,5.290059391420848,2.2246550392031685,-2.5226987599072555,-0.009367209905394691,2.6383499427498873,-3.782895114450434,2.344017688682893,2.179614304618659,-0.5947385046719355,5.450559735547839,2.2050468587825907,-6.091412127494642,1.7562002842129139,5.290059391420848,,1.8978899604594108,2.1532841537510805,,-1.484777190733618,1.7132003797453117,5.356552869483107,5.0518917507417544
1968-08-31,-0.7167148030779007,1.9802824283856868,5.427995217110271,-1.2332851206415865,-1.8950984083282716,2.811625128565738,-3.402160891561358,-3.0180435756392368,-4.234023387806381,-2.375664513783862,-2.9126349243803813,3.8318415034168054,2.0377431637068417,3.2012897694398785,-2.7167008258850114,3.200935416999039,-0.06579979915278955,1.962625197369022,0.06592225943971963,0.6989001751196083,-2.355508587983255,0.1029862733841751,0.333600034515097,1.014386457265767,-0.1490226599556238,1.29179358938717,0.91909713587653,-0.012952191729977663,-2.5232468790978118,2.3618390869529753,-0.31249321199082336,2.382648856819778,-2.4248120615316098,0.7957066298648933,-6.173617977064324,1.629474474581544,-3.271137648361066,-0.1490226599556238,,-4.895293334716269,-3.073681471244899,,-0.09444925456801781,-2.8132909234561088,-0.7627302181151562,-1.1477480230315087
1968-09-30,6.201072800675413,-0.9497419757091372,-0.8355388154167378,-3.865812705620898,0.43264797547903283,-0.5596587014934509,4.854744917828347,-4.591445585016896,0.15676355732432373,-2.693343400766737,-2.2050908446225526,-0.9721286141667966,3.6153377608308785,0.030137714788093295,-1.2293619901005148,-2.69817597657454,1.601213249493834,1.9314968747696324,-0.0657341530744025,0.8604366761145301,3.982853558830755,0.10850293896991514,1.112531171035547,1.4640467203017546,-1.2693264362713506,2.798181867596013,3.15966079787842,0.009959809098967237,0.968836086385825,2.6889280686733525,-1.166985375847429,-1.9751260274944746,5.298111146281064,-5.7039764713490335,0.5468689841323062,3.5696900893170325,-1.052257394607121,-1.2693264362713506,,2.5667429591606346,1.5976548408844595,,3.3746718294589204,-2.2763825592217284,1.0684947474733741,-1.1043583672191155
1968-10-31,-4.3176187476423635,-2.5553252500851604,-3.402541911194866,4.571402325126647,0.4822940237158054,-4.278362254336591,0.651229581269654,-2.8413028158403417,-7.994150671972607,4.155878855684835,-2.2048722963647336,-0.4449427221994146,2.671783935807795,-3.6031288688676937,1.435990185554414,-0.32152018600823945,-1.069476188194959,3.049485423030415,-0.2584021880726282,0.1661964786295524,1.2119973870401304,0.1569562599681419,0.10708088137545368,0.2183976122961045,1.4433406712802737,-3.284431936555975,-2.512573904496816,-0.008598377431126958,2.41968308462085,-3.2518233070560347,0.07239699583456283,-4.544720356592947,-0.4059916546947056,1.2820301010596575,-0.18502486344870434,0.05807307741489476,0.9491231349614557,1.4433406712802737,,-2.203858751882517,-0.6566854665803823,,2.5904234554758885,0.3656278021557577,3.2109020582050776,2.6104176341684306
1968-11-30,6.788318648485372,-3.357688111257133,2.885821785335025,-6.144327605317253,1.5636118090977262,5.411985468719381,-4.1724721189750955,3.5401723501437337,0.339705050214832,-3.6685425849939546,1.0931890184193134,5.059651612428532,-1.2679754041485092,-0.9839414019840673,-5.679721919133211,1.0335934469010057,6.021000204878941,-5.714170905216001,-0.29547811774203003,0.23088904725975423,-1.9938743042955478,0.052978167826745914,0.5698021491000492,1.0555975488161387,1.2864355315623626,2.7643996896025826,3.939661691561096,-0.009399216329662452,3.965240488411107,5.168023135223667,-4.659675061483815,-1.120157647961836,-1.2879107336517084,-1.1690033619488882,1.5946491221073131,2.5989270434187963,-3.184430974745874,1.2864355315623626,,-3.1720156960584034,-5.714728263760694,,-0.3198814914065374,-2.77730723851537,-0.7904647710148038,3.4147787789225155
1968-12-31,1.0008141923642961,1.8239402618481377,-0.16692427436456525,0.4872896412293978,-0.9555303384269226,0.4428451352487075,5.4496306958739,8.39082385586581,1.8236297634633032,-3.667269894761897,-2.2165490633531695,1.0901236046279679,-1.4376159300851683,-0.015306775637467795,3.2125101551993924,-1.6930695390378783,4.4235922285253455,-0.9034216245718676,0.44756723203474413,0.8533154111422232,2.857887758143447,0.03230201221841464,0.07136476357567306,0.31397420856156943,-1.9874532225955048,0.3079809641765682,-0.33740393746864283,0.01683013040690509,-0.35627541054190515,0.4923053986789725,-2.4897848572125265,-2.8604180163154824,-3.5361795697686205,0.5878767617640707,-2.1341705562358824,0.9192723724405143,-0.1267885086419795,-1.9874532225955048,,5.048166168546489,-3.2229947907290977,,2.8161757261412412,2.305418366981678,1.5937578540340562,2.99087240559088
1969-01-31,-2.1581215272660437,2.0676550993103877,0.19839737029818,4.337136726104096,-1.982054182387656,3.316678541801294,-0.7517846989507859,0.8078128110440408,2.5418011732863013,-1.665859976856773,-1.9157500992089747,-0.7355444052971327,2.4150568950188616,0.1309135076100299,-1.8923927486643837,3.624229170719719,2.5548782859148615,4.1725581538280645,-0.4062553132234474,0.7310026914683627,-0.5571765201370422,0.07221892435091404,0.15729422790395586,-0.07360943020065247,2.423690966077219,3.1505275001586477,-2.618128034290956,0.010832666395461488,-6.350109239812954,3.5744249236374395,-0.3954371267132067,-1.9646525585608317,2.9969255285550176,-1.4495236930278943,-0.8469847009917486,-2.778829187913554,-3.5284509410116796,2.423690966077219,,-0.36479540788593484,-4.860715416559463,,-2.003539249744304,2.4467962113648625,7.095109116334432,3.7933019918197584
1969-02-28,-1.00856686065221,-4.5415840871952415,6.810431693815276,-0.21009993697165102,-3.0065622977509987,1.8826004985129208,-0.6565627569350692,-3.0513441513819712,-1.0513252452097441,-2.8736635835585034,-3.0465435789943522,0.11701203766307022,-0.5066399532287036,-1.2394022865808616,2.3586609730951977,-4.947455566929651,-0.47397951117375065,0.618376241412733,-0.34013620799294625,-0.28727079052627197,0.02622617927716117,0.12013457372487124,0.23335693201631802,0.04101433711767438,2.6824283862636626,-2.6354588178623035,1.6561250887418533,0.005682597147532137,3.7008109738956385,-0.2736761414060713,-0.8858412977573393,2.1767356471038704,5.855212767978775,3.3792298299219103,-1.7076480498925846,0.21358686074054395,-2.8662389706407176,2.6824283862636626,,2.1256910180182618,0.6200989684079676,,2.0845374858783328,-0.9354075880472859,2.4764603125367723,3.2643204214176564
1969-03-31,3.0672988027345554,1.1388596437385865,0.45235767463304066,5.688273861213041,-6.082506062984764,-1.142393635294496,6.6777171134440785,-0.08170598868244552,6.479112413322221,-0.4209475049565601,2.0781986865529585,5.2426803327573905,-0.22034023082609358,-1.0923177473021635,2.8586655642441556,1.3156597606782425,5.679280046897637,0.23585219105360974,-0.6998771516916712,0.3602607622965194,1.8762244116681026,-0.012827068395078384,0.28817274586593855,1.5338923514573415,-0.2994270725933468,0.20451483323803363,1.114990101339688,0.013322496404846174,-1.5205912611403813,9.860401971611356,-0.4393598702392998,-3.187459899128801,-4.3015477558467365,2.1686546953076657,1.477811385072134,1.985569148720385,-2.1170265104863155,-0.2994270725933468,,-2.939080635407633,2.139333319075368,,-2.143859933692494,3.9875235527358655,-1.409311056247977,2.956398641652572
1969-04-30,0.4259447923040681,6.170267063210918,-3.1687316380214967,-1.6312150437802884,-2.9546965216313783,2.267430426483604,-3.6746191017497787,0.17111020302497817,3.4078681120852705,-1.2898844353991712,6.316979335121524,1.8701677673875277,-2.323916824935516,0.6100378209472062,-0.5320431072307085,7.319754678910531,4.484881168296627,-3.538789780343958,-0.1734387350728924,0.7111649049627936,-0.7337420785886506,0.03704304462197283,-0.4668098992793839,0.09490491036676182,0.9152974812638631,1.1396495910264497,-1.6492680840340685,-0.020839475933336432,4.204899679080691,2.565681313835243,-0.22684370935558815,1.7465003008632802,2.4924862859447363,1.4362303438795627,3.126628110053169,1.670925589854419,-1.5289251861543618,0.9152974812638631,,-5.900220392825283,0.9676552624279967,,0.326049343762435,2.221199701647357,-6.782446098012029,3.2636112747722117
1969-05-31,-0.1308810673812112,7.369945521446415,-1.2561987772505379,1.2979920546758794,2.326384893494209,-1.4184878577453424,-2.143654746032212,2.113937811616849,5.140420092969221,-2.03991421444425,1.0929324434107122,-5.409904442479718,8.154023763258506,3.713846989792375,0.24923548419485292,-0.2064009350698745,0.07751947349563376,3.347984018350036,0.5500024354671271,0.7454160990904055,-1.7874798005925714,-0.048526483082406285,0.40637402535313333,-0.06492013372625269,0.8788676460413032,-0.15200973068057708,-0.5970434160191056,-0.00974793168602947,1.9049031945450172,3.357758236454057,1.0569045727920672,1.5376885551890929,-0.7959294238032635,2.18925556385487,-4.898405538269626,1.3231483025112631,-0.17949785367682042,0.8788676460413032,,-0.8781249363334713,5.439079343605801,,1.0148981173751055,-3.0254204561340456,1.284496738415094,3.100070315284915
1969-06-30,2.807406151460637,6.272227038355613,1.7749772555182923,1.012194845646151,-0.08662445811161892,0.28134907837723955,-1.4299084978869647,-1.3788014507881825,0.6994186348701743,1.7684238954685996,-3.4665977718407928,-3.1496312731713023,0.06346548541280009,-1.2119332860538699,-1.0990924699284514,0.2045181478140254,0.3053585932168488,-0.03152180333890711,-0.5681956877570666,0.4681207521366475,2.3826166309967474,0.05807326929874815,0.02421433706296966,-0.23272397774529863,-1.4882099611072312,1.4658742331404695,-0.418116180964201,0.012001391990189625,3.0534032815685217,-3.9409850213219313,0.024341525650779655,-1.5246643626231124,1.9191945056588096,0.427982115675115,-2.0713680371069896,0.3113546138189859,0.8295363383994943,-1.4882099611072312,,4.414867148175388,-1.8538002470584547,,0.9224200201481096,-4.109898600192126,0.9545127782887364,5.191360935938916
1969-07-31,-5.59843635125905,1.0419765310006663,0.6582225887775466,2.039125877479867,0.7434302860352072,-4.021794945158752,5.713823150926804,5.423138740784214,0.03729090785861261,-2.4922641074971708,1.4443626845222035,-1.1765709142411027,3.6758458639878056,1.6997845949195178,-3.3571499712055415,3.4478148214691657,-0.1497282367630126,2.8793643418668022,-0.2088554403396492,0.45895548155914345,1.555914417864686,-0.07430967624120485,-0.07722655811019381,-0.7517013470210168,1.771042174557766,-2.3212680682005375,1.7918328619817505,-0.018310643691014622,-1.4579418321720272,-3.685628769355076,1.4360577294949106,2.108358150622263,6.537794740718296,-0.21579900659154783,0.6287295475129097,-0.19708389300369356,2.232322177438893,1.771042174557766,,1.8714831514866967,-0.826452058164433,,-1.1111289191611968,0.6403794702062686,-1.061656857628617,0.2779695533815404
1969-08-31,2.0790643060800513,-1.2084411180728025,-1.757589620819498,3.9403214572949237,-3.8926679980250967,4.658965002010395,6.345183874438185,-3.430309098458721,2.638698035140352,0.7206838354491072,0.9747034360551897,-1.4306012225561082,2.5312068625592317,1.7843171269989588,-1.584612123674378,-1.4943103544439238,2.6766941347630664,7.9208473106221895,-0.02010682763179958,0.37820730189369034,-1.8475007171989373,-0.025117550061128008,0.1565135174495099,0.483038788382947,-1.0976352489908758,-0.14035275714743795,-1.0526906478235674,0.023445660905710486,-0.6139693762491669,-4.187858256635322,-0.13652044214889,5.825813881581113,-0.09235375358472744,-1.1920922789815982,5.65834352989367,-2.8847371037200387,-5.381593200243378,-1.0976352489908758,,0.49556935210836095,0.34606544736450207,,-1.1117224171832818,0.9187122367685477,-2.3473769281043952,-0.9563853575871656
1969-09-30,4.228252390229127,2.2215473105054127,3.9389480335649587,4.77646537461013,1.3436947877759329,-1.9110515778919395,-1.3836257160817118,-4.23502477690894,0.14517643170867103,-0.6811758460156776,-1.5003211739328497,1.323462747514321,1.4928714580147318,-2.8507161830455603,1.6941326663725462,-4.027821537044057,1.284983001195041,4.181494869498883,0.1923389971588644,0.11180081166916636,0.4058956320490569,0.006025315698508976,0.022547068220677535,0.36041437221064154,1.6448527028811708,3.8371877024485537,1.8314554406684216,-0.010712396446436068,1.106588533188708,3.460553682668122,0.2721683655958643,-0.6422484569328594,-0.09751181627147779,4.449212075070564,-3.447731632260452,-2.7143647889230325,1.6223388436329151,1.6448527028811708,,13.060061397540325,-0.6509726202966065,,-5.289648747723743,2.2209157436939675,0.817979178333537,-0.7649842684595066
1969-10-31,0.18953854118053673,2.1762526791896333,-1.6935473792661355,5.801125519733948,-2.5181995664796637,1.4311922115812499,-4.74852163420341,-2.55478358047437,0.39017672208037146,-5.089233047657333,1.9330516862683,3.6514680801899337,4.549086510225876,2.112105717322191,-3.22379978958469,-3.799831005497135,-4.501532723231717,1.8384118855692837,0.2642072074457762,0.5975407851670937,1.0308472126335928,0.09293389183673137,0.17843258274538568,-0.6247896737144721,-1.4584591241438611,-0.0005434663830580222,-0.028052161814605958,-0.009728752959514975,3.9847485469000232,-1.1663337021095004,-3.5614927245505426,-2.722306379606911,-1.8379123355206701,2.023635372554328,-0.05427348578773325,6.96166203451303,3.278789650743594,-1.4584591241438611,,-0.3619199844251356,-3.0066083037464777,,0.3101186430197993,4.565445541845045,-6.950052440395873,-0.8248850216250672
1969-11-30,-5.643057567921492,3.394392833130754,-2.129960107233786,-3.2545952874100594,3.3212783678022415,5.834042266151764,3.094112890442956,1.1114001618954643,1.3288973944649516,0.5601557692152219,1.4875883877096328,1.516985977029525,3.3250699278731477,2.509329688807967,-2.564509650161985,1.1222347404194521,-0.4881903735389567,3.722446799373322,0.25976664785426146,-0.4882657934776414,-0.6671238039206251,0.016197244085035173,0.17919539859397066,0.8004407629373285,0.6717244480465194,-3.64440171355178,-2.922788302670851,0.017875721242171683,5.701297181835031,-1.0326553802069864,2.0811548708867393,-0.9697453356614558,4.305983038283032,-7.1435730925180545,3.3355351068667627,1.205733493563044,0.46189004267230044,0.6717244480465194,,-2.3768505747617286,-1.0742921440337843,,2.1481797955260538,1.1115081345581583,-2.9187789271802123,3.3038312351748997
1969-12-31,-3.410666840353385,-9.290757657195053,2.1193290091466443,0.2493589273382051,11.92466714899891,-3.9765486221432567,2.94815254321205,1.7274827973510314,-1.6370417759664275,-3.6049970422925464,0.0027190091551504703,-0.059155424530539874,2.554494702281467,2.4850211635219783,3.7145435229594077,-3.7910852994919773,5.279995577832395,-3.3789680263609307,0.3334174043518465,0.6735465218599166,0.18122717520774037,0.0015548771164478892,-0.3150656698818654,0.3935635429483927,0.6949005176263876,6.186085036966286,1.6814747276160347,0.008609685560438618,2.518613329030497,-2.8454189044355807,2.3409073957499262,7.2924898103238425,3.192612111131806,4.463177583188092,-3.5645697791143784,0.847403145922967,1.8404569403051672,0.6949005176263876,,2.6124340184966957,2.049776245673138,,0.3981061599133019,-4.609316784381161,4.08592522562716,1.7834858960593105
1970-01-31,-3.10914518152074,4.457953787758434,3.7730437738807647,2.283865800072665,3.587774089324944,-1.1450240999067172,-1.5848305068284956,-3.9021254645148744,-2.291606700292475,-2.0972926225003556,1.515078560955227,-1.6377276038868211,2.3111622481830922,3.4176051687364017,-5.790193332879964,4.2602618688523215,1.1318401420300683,-3.700656741506364,-0.024682269639865695,0.09267650808101163,2.9615808465035096,0.1515150818178927,0.6169516792693843,0.12920592814818727,-0.15242952795523568,-1.7489976549396868,-0.20357723241989778,0.020576043534917904,0.36413116415288144,4.0629374024025005,-0.9771399565711905,-1.0252171249066007,-0.427872209986843,0.061933380644907,-0.31755407531463414,-0.6123059921845908,6.743118759376334,-0.15242952795523568,,-7.21791477816926,0.28340415821593085,,-2.6116953737878594,2.370918750473114,-0.3892763630739125,-0.5452434557941646
1970-02-28,-0.9133323686548322,2.0998416567043354,-0.31627409136926526,-2.3805977619773837,-1.8255954792979394,3.909969967388335,0.7014011930194215,1.2664428296764445,-7.2230081388918705,-4.2026261308659745,-0.7394645160458937,-4.545972865881453,3.603025327474784,-4.084304703271791,2.554678829396609,-0.662189204578943,-4.723244852849574,-0.676174123192808,0.15071811552637643,-0.5806221412538677,0.325430295950993,-0.008053892417255765,0.1830237342807089,1.5906767225905636,2.046358871352866,-2.24676027506842,-1.6687661521885826,-0.019578820679394232,3.61737233322686,-0.5959623035977101,8.98445722479428,-6.612588063307722,1.5902913853616685,-1.7653533071193213,1.0250780845638467,2.621853530317016,-3.033066866595269,2.046358871352866,,-1.8236176161271769,2.0560864448435514,,2.7838573170496064,-0.5420106891112018,-2.0042037044525354,0.21004095839564718
1970-03-31,4.904418033100045,6.089783812864133,3.7872496533921822,1.6594226774488459,-1.8777251423062375,2.6614172044184676,-2.4903672204264797,0.5176710689462483,4.132799943040121,0.7733362481021432,6.320887189664028,-0.7307898776027509,1.3324064376618006,-1.74695213347345,4.8570002108977075,3.873382870160129,-1.0443062299484953,0.7300661554255989,0.19502342632323702,-0.10641954891038638,1.1634910220251924,0.11785551086576992,0.6367630592591936,0.5621226355109624,0.15243842238985042,2.204365371898481,4.273285108435172,-0.0021801283802420635,3.011117112310414,0.25349609091413916,4.07958790322492,-0.47989915978923514,1.3855716168866703,-3.8413773737868175,-0.7703779292721773,1.8224857123049034,0.7245461830171946,0.15243842238985042,,-0.493833220355002,-3.961909351432395,,-0.36285678031813773,2.8047719207904236,-1.8288712305681245,5.765530906757232
1970-04-30,1.7725131189660641,1.0579058836266766,-2.4961499048069307,-3.399542573244945,-3.9459772074750328,-0.06306379696334802,-2.3422516978238095,2.1449355462793545,-3.1160469296877698,8.85343124814357,-1.2872551621500923,0.5382834504050955,3.6895244032242918,-0.9210703288635425,-0.8040867537845567,1.4274455700651862,2.8700539970694017,-2.4614394832923194,0.3077240654127209,-0.042236600471365016,2.3804771473298487,0.12044209642906012,0.1534697860541418,0.018642238366328723,2.0489262563671433,1.704759217148503,1.039908200184827,-0.008257121723056177,7.431204950914169,-1.2565217128409496,1.8864465211392742,-1.4851967697890098,-0.4990641612890121,4.195960388025725,-3.061559768578869,0.23119547499017123,0.24228465007857752,2.0489262563671433,,0.34537029847038336,4.666764637042214,,5.990996567777786,-5.263616356775722,-4.1199545794539025,-2.8961682509229307
1970-05-31,3.0274081541955145,0.5905104313994413,0.8856278082657275,2.3189627796458177,4.106019133665267,3.353221215205689,-0.5962380099584302,0.7141500037592637,3.719960413624802,2.111959523480794,-3.4765194883226482,3.856661248548946,1.7593147140879823,-6.18080780972146,2.1389371084546016,5.61860286228857,3.006951907904511,-3.2048799624594277,-0.38611370195654604,-0.3114522900250257,-0.8145211458059202,0.06888496931732593,0.6616967846859687,1.8968546081423825,1.563605034977603,0.4069813123731225,-0.4845474123724703,-6.512383426271473e-05,-3.831966693347626,1.3378600034008121,-2.645247007453823,-3.104375465277911,-2.624694039744612,-0.708650809604617,-2.1791274113488135,-2.3053494723509305,2.9525790664944758,1.563605034977603,,-1.2405308665572963,-2.8705697624453754,,3.4943285571756566,-2.4183273270965517,1.8323356695545345,0.8270064473970143
1970-06-30,0.9560213883048024,5.055161784776878,3.279806438950363,1.2976134230568506,1.2306851845078857,9.809911367996389,1.607615117762948,-2.550467018772224,2.0731305949860555,3.288209690604064,4.586605792620546,3.0777666263761425,0.8576103863238728,2.67344324838904,0.2505477541278439,-1.1200075462051846,-5.243824889165112,1.901996138138415,0.24809627676261234,-0.19917694594300075,-2.356050363489171,0.2380063239884563,0.39824023452798973,-0.46402966033116144,-2.34908664183599,1.2888878867302935,-1.7159399820397239,-0.0037374832808794722,1.2655442887007933,-9.357566431397503,8.946587730339235,-0.6153392053804122,4.3078574987078575,1.557831060407952,-2.258318774362966,2.3019945588548403,5.541899883970462,-2.34908664183599,,0.10874006620622031,2.2427964780095078,,2.7382490273575657,-1.00869404702978,3.6006037843935195,2.9201735080118487
1970-07-31,-0.6345009451628025,7.708936568758158,-3.802391923730108,-0.7833844638754652,2.583599674661669,4.407592287962128,-1.449774976914108,4.082464044379028,1.3624844318133553,-1.7590110875927532,-1.7200559305538816,0.9885595249465056,-10.089063580783879,1.62519410790663,-1.3811643353082663,1.6383497159730434,6.726411411781926,-1.4546252286692194,-0.673081140482487,-0.09193711023350587,2.7269521831494115,0.16691000571328385,0.8897011921352782,1.7242128376476742,1.3901879922561964,1.6256409636653362,-0.2342971726887948,-0.01537603002044316,-0.035814119871837025,-1.9814281158641853,-3.044202359592033,2.0378299041649455,-3.076310743842364,-2.486004425510412,-0.05512245679007205,-5.051075163529812,1.90870583369011,1.3901879922561964,,-0.7609432417461384,-0.8048800505248133,,-5.284357227987682,2.8076224097748734,4.42189304679608,1.7849958935288808
1970-08-31,2.358234056979165,10.025286311071232,-2.280312284893987,-0.591176608926478,-1.4268352138197353,1.5267058605209882,-2.0944452360478385,6.811599563622102,-1.3144076653833103,-5.170355295830256,4.436197264612459,-2.317447983267407,0.26087396732845575,-0.9335417721157973,3.3070749550681815,1.6055016935433664,-7.219323171172422,-4.589508030267662,0.3869106608356197,0.013645361839735692,0.3964310846914724,0.031533789293434755,0.48822544907312965,1.4255843189320012,1.1756540186090145,-1.9972903844788386,1.8359723278921132,0.005259317962410942,-1.7529812384310641,0.4860806323711309,2.3049468092916148,-0.7923089744754361,1.463490859439012,-2.680906065488061,3.261569546063367,-3.116750171490042,-2.4874338799055296,1.1756540186090145,,-1.6724718426909442,-1.5689189539923023,,2.7434471976668537,0.3212823463169921,-2.3245943213396347,1.4495497143213325
1970-09-30,-1.7231242168049712,1.3775866985067111,0.6686699470130055,-1.6681714726378591,8.281177883171289,-3.629030324237302,6.49839530595406,3.223248628814807,2.2629579550970136,4.725430492692788,0.7218895935811518,5.407369448220689,5.369480768478166,-0.48000559173810925,-2.5340224498979773,-7.182129799352005,-4.408158709091473,1.112078191952807,0.19512016147007788,-1.1788066065791605,-0.34834448692938264,0.20428073884402775,0.4919747675956356,0.35365755789225156,1.2693358748734695,5.230910316245669,0.8796900593507158,-0.016845802894112333,0.5960215062563183,5.438410501893143,-0.4436747875841773,1.3786707229906443,3.696359211479637,-2.907212386867166,-2.0701926683116376,-5.52925694659379,-0.24873939434860232,1.2693358748734695,,-0.7159343922513954,-1.4351111908673646,,-0.4887493617617305,1.874884266770418,2.245769332523476,-0.5099049928447299
1970-10-31,4.493956016132734,-4.792746959585937,-6.51529580252753,0.4176819385397047,0.030737418966666707,1.264215085010557,4.141497884125932,-1.1533172166454002,12.76654703117423,-0.5025397909368804,1.4259232776463104,1.9416018682592688,6.292027545196673,-2.549161259379965,2.871774601999149,-0.15632121218181705,7.510846017857108,-4.671184185113404,-0.2733156228815944,0.036600207802376716,3.1019483708970497,0.0360611313844974,-0.40785909516926844,0.6553273498941423,-0.17007367493639794,-0.932171476912073,0.03418767312672383,0.006863776990892162,8.221698292826495,2.11425521738604,1.5224159459507636,1.4968835004352163,-2.0296535488248746,2.1072405401774934,5.112891790516501,-0.8507186339516207,5.961668280341202,-0.17007367493639794,,0.08290785577658197,2.5010146651235936,,-1.6804886280140092,1.3271350514654836,1.262732296730786,2.1601376193989466
1970-11-30,3.263422213529628,3.2501173123682925,2.6026466562328023,-4.011815499811139,5.885719067934838,2.1674721859112758,3.550986099343124,-2.242434794488833,-4.960122681186064,-2.2116659416566744,-0.19705652277039565,5.35705073768989,7.235908653408095,-1.345240795632535,4.675417890941369,0.6726903308541825,5.766467451897729,-1.5608190056089823,0.04134036609186098,-0.32324582352747044,-0.24396832959561912,0.13388193531967352,0.3558028970526383,0.6294572224535449,4.351598090520107,-1.2606088608369803,1.8035206189727706,0.007953704098241782,0.7877217209933943,0.04326489127042921,-0.38401897749711145,-1.472675849573866,-1.5560383574581955,4.6698440445835985,3.1630963949432465,3.4226555085080594,-5.208414542467226,4.351598090520107,,5.010875781812514,1.9773012006264035,,-2.2624196536079832,-3.6411901113503573,-4.05983844815091,-1.4451261992483748
1970-12-31,0.2513026070764234,1.669197387799676,5.817883110110911,-7.071360994484474,-8.603093165125738,-0.011749619731533878,-3.2771770298056047,2.270339149577612,2.941342622046736,4.549910036872145,-5.74101283633286,6.151261681254827,0.9620140950023717,2.264553915487738,0.543437998070993,-3.411093185189372,-0.9280343534921907,3.574647161965446,-0.29989684000667216,-0.032281728367808515,-0.9219263739043339,0.12087708834867644,0.44466608334250723,0.4870021872205279,-2.3505988510990687,0.30009880983395787,-0.44932482412393676,0.022568161589892693,-0.6573503824507966,6.70857303755178,4.2500662912759015,-1.3704008334992186,2.740559395371404,-1.0143584236079413,-0.9767683343795517,-0.9881871791244032,1.0160031008106576,-2.3505988510990687,,4.9010600891447265,4.12112822529293,,3.78213646516835,6.909430732212856,6.788502070517042,2.557120337054909
1971-01-31,-3.003934593103625,-0.13839974117129966,0.4820427171203789,5.193408100911523,-3.379497332296118,0.4993119757347541,6.056280950326753,-2.7359693615319256,3.5709246224473694,-3.465214053276067,4.878470669386687,2.392731303601725,1.0738169623774025,0.09182570968019244,-3.4650689559867955,-4.115909695246402,0.4009664293176611,-2.5155966335967155,-0.24067890450231483,0.6507998961805508,0.9992157385996638,0.0448411406488588,0.16514190730419598,0.12834737044250355,-0.893111020215706,-0.38256424391140675,-1.9813194700292653,0.010891414900771584,-2.6494930525485083,0.6965572400441709,-4.434688241245486,-1.101322377753673,5.011072163337509,7.6307043256636415,-0.3690338051849897,1.721804318391019,4.989509229153575,-0.893111020215706,,2.0014321589762836,-2.8299620770741067,,1.534020774154947,0.9793430163548313,1.6423986515949531,1.1318014821043998
1971-02-28,-4.480319279978298,2.4425949469955754,-1.568476513413263,1.8230285065372909,-5.329866756019654,5.35383487837201,-0.285108023582416,0.4618888464274897,-0.4270589952546275,1.3753921233057433,-2.3634049437080216,1.296800756258438,-2.507741097867935,0.029036648532399456,7.669509992804649,3.5361176012782494,-2.501382098029882,5.994529291265369,-0.8751971885749377,-0.5364060114820923,2.2774686857803244,0.023250758676640504,0.3196316209278319,1.0081238254162286,-0.8694979172390493,4.219767109540893,-2.506645224969775,-0.00895816682432396,-1.2753530126100459,4.805387831565736,6.910104748356014,-0.763188390390904,-0.172185298639774,-3.090559747457719,-2.4709858172912385,-0.8784837080139356,-3.8958106254195752,-0.8694979172390493,,-3.309782088308879,-3.1429294370787146,,1.8145537870207906,5.644844848841594,-0.5573075129023617,-2.5497488746577637
1971-03-31,-2.5612379993069796,-1.5374576974441376,2.8014091741876754,5.671817992722313,1.948226548273065,0.7963602125539745,-2.0138162044833665,-7.972562758410933,-4.300864829578244,2.9064552207960412,-2.9836027556650917,5.963665375953793,-1.6949282626503888,0.7631738333227249,1.49559019600027,1.9952638445868833,-3.0313177478678455,-0.6153646963765065,0.025953691601937612,0.244280271670555,-1.2973469320396478,0.017102082405343083,-0.15046075238966797,-0.6309472514793895,1.7053312566198395,-4.11682031567015,2.2108112904613186,0.017895894669267776,-0.057980165816871376,2.336271643205232,-7.579997965091029,-1.972788246291888,0.46739268914723076,7.661401621975483,-1.968462776544435,-2.2514158444234305,5.598030433117665,1.7053312566198395,,8.582884951342725,-5.210495317655342,,-1.5810741875491179,-3.035831610147663,7.569543509544647,3.936680005353052
1971-04-30,1.818697135250074,-1.5405900779148798,-3.7361930693443974,3.401374745908546,-0.9554931825627906,-0.04646693076078609,-2.9699779711654317,0.6110250253835916,2.163289884006527,0.14463917011945573,1.0020809044646795,-1.97577590859673,1.4744486050464622,-1.3702693966116133,1.7772548454436343,1.2213099715539695,-1.1020482397442541,-0.10159554734609985,0.40893267552712187,-0.13091815400359727,-1.0858000033994541,-0.15108177612215062,-0.021871231362656923,-0.33053398340790113,-0.22079548230370818,3.1621184757839864,0.8973670622905467,-0.0031452206165059615,4.319777904959243,1.6201154031882201,3.9761108084290036,0.17387868161214645,-0.5423195409961431,0.07340909807513643,-1.3186228839860372,3.9790369171710664,3.867023329739163,-0.22079548230370818,,1.3987643511058114,-2.0592564169453285,,0.03591644440985639,-1.4000235797464895,-0.6198521704066952,7.066783800018429
1971-05-31,-3.2904360600661677,-3.235033518034587,4.636225806012769,5.4017633222930845,1.3666072554604465,0.1254530169124563,7.163159862284068,0.3855219693174606,-2.2802270635969997,3.060129018760188,1.1567505990583933,-2.8946730286157862,3.818251419594535,2.738525276694517,-0.5320098960171336,7.888555334803878,-2.5150683470033983,1.5433090487605599,0.0999802216224594,-0.25741725641916174,1.200350214004161,-0.11794832515287225,-0.7251120053453426,-1.5428873162372112,1.7257158290377737,-2.809905468872865,-0.16313300698030211,0.01813912715100091,-2.640664100314845,-2.473623838418168,-0.0017996926620031384,-2.7570544543609716,-2.2173553193367646,-1.2553011170627677,-0.03165093062584007,-4.220334842789298,3.61052324561671,1.7257158290377737,,-0.6415024331382262,-2.6599445253081098,,-5.293631109083043,-4.8436821316765615,-3.6222357562275884,-1.7346192987666602
1971-06-30,2.308701179039684,-3.9284434294062254,0.48871524521354726,1.2796927078614002,-5.386913873982785,-2.2710159425026766,-4.3392068809308135,0.7500571944712279,5.417794933103279,4.416421749211951,6.031907594280916,4.3207131510019465,-1.6330099699108194,-2.0269533258922436,2.9806379206507265,-3.9132128621349422,0.24626750405489095,-3.280218614499503,-0.4053109751485522,-0.7807689119654997,-2.5722049823788247,0.07606377526239408,0.02509201900522126,-0.1555594046900435,-0.7361512368419492,3.1517698417395987,-1.157388479619591,0.015270892000009195,0.9120535006675456,-0.2040803430608149,-4.677937321585141,3.6826135226506325,4.400404406973953,0.40764579690768543,6.550590392210294,-1.5320509512099356,-4.736783293105992,-0.7361512368419492,,-4.888801121792618,3.0041802539947318,,2.209870585240307,2.153936233457289,-6.013687202700446,1.2792746950212566
1971-07-31,-1.300837066034171,1.5661930998486686,7.1029284755528295,7.223727184690064,3.8527603421653596,0.974155247558808,-5.228833274152315,-1.1042463127101267,-1.4890170037575092,-2.3362352357059346,-1.470976494420061,-2.6087116959670515,-1.5519838109593898,-0.8510485967573056,3.746845439192422,-4.231930658487165,-7.017386686718581,5.884063150108988,-0.5744952843670292,-0.8699553670698879,0.2582519535067216,-0.2591266572320445,-0.887378108855516,-2.4761735739723867,-1.8787124234512433,-2.344972150135619,-4.0511235826237595,0.007799889471295257,0.6387084635040008,0.31220015872508533,4.009545651393076,3.8499492538407503,1.191739230081958,1.43843630384473,-1.3988106796216235,4.380620087384072,3.3585978348454355,-1.8787124234512433,,-0.7393433277788154,0.5617071254532285,,-0.4433428596764174,4.292466052194527,-2.457707188247725,-0.5814666469203037
1971-08-31,-1.3697822685458472,-0.8768753808735463,2.3028023022991677,4.651750934956785,3.5470622260951474,-3.2971768559061845,1.174477086220235,-3.4072888107688684,-0.5680813499341681,2.2461345227340326,0.7478845560530076,0.6453959947245546,5.9102863670326835,-1.9246660870062544,-3.258893687973467,-2.3670214671017504,3.225402107948895,3.723435507744826,-0.31214948027437894,0.24123273958890645,1.150072615005029,-0.05113444051699717,-0.7983085773898677,-2.2545498893228677,-1.3134600922154516,-0.17313494086551948,1.6039827853568318,-0.004524928774307213,-0.12460502424037578,7.540182327919678,-1.6175250900937133,7.978096929629687,4.898812710402915,0.4863541707870377,7.287465599598233,2.6686040416098207,-0.4478150786135092,-1.3134600922154516,,5.043975841508869,-0.8558732706356683,,-0.35220746329365826,-4.404406748159018,4.974177512040276,-3.3922488304046823
1971-09-30,4.007772046225954,8.126988079690275,2.4551596864505925,-2.8728701482289316,4.5308038347513975,6.171664744250124,1.6208114534016598,10.172655630058081,-5.0945095668704194,-3.743626265911968,2.802920667776634,4.870224273218752,2.374876858858099,1.6475789420655744,1.8889781873116374,6.35175350498396,1.016397548497239,0.1329113176231628,0.2146376136703331,0.020214129640950734,-1.5407824156808232,-0.22152469599428312,-0.4223902291796777,-1.168768561050112,2.0380822182216844,-2.348214041952221,-1.1735807814907109,-0.022691164390021223,1.9757577761307938,3.174412228919855,4.3387830701286525,4.1407467310311405,3.7897722972230987,-0.09208496791958418,2.1108291262708043,-2.095002115951581,-2.7856428174941117,2.0380822182216844,,-4.669432149764618,-4.521359271385851,,-0.9704620983042768,3.1037749468817717,6.3739627380920325,0.43297655745771413
1971-10-31,1.6658875446152415,7.984255990901542,2.502692553564482,4.957584721721886,0.6381352542818486,5.8188863528419095,5.317932159450822,2.1817139411957367,3.2108024773043873,2.866839125613506,-3.719143855033556,0.7158414180111303,-1.8111015225165747,2.8425599996811375,6.264043937198127,-2.2954596627642987,-3.386296960005664,1.3633093922995707,-1.0507205530287276,-0.11170750284854569,0.0038793247755853355,-0.2445434058619407,-0.8631546274370897,-1.5012328191232471,-1.0339559589076468,1.9071254395605821,-5.158750119019808,-0.0011457552451503983,-4.2278122253756845,2.969743309391106,0.5508018086941936,3.477753283883814,-2.611069315776777,-0.8629358400369419,2.2641309180322446,5.125913588765141,-2.4775729731760965,-1.0339559589076468,,8.120918377714315,1.1971305973360293,,4.085800596966706,0.6747126091659569,2.053708464355682,1.5175810136773846
1971-11-30,1.640431402294197,6.42783922980603,-2.6110310424328294,-0.8311101958397162,1.950636225745678,-4.386312237704638,1.9538529517188472,-2.4870281717904614,3.5362946526875643,-0.039741685519427666,-1.9248725063794307,0.321661269070872,-0.6606863066679634,1.3705740736229701,-2.5473180630401373,-5.132057966926618,-2.2083033950568316,0.9203669029348085,0.6308440406971849,-0.6941486053791213,-1.468542370775247,-0.09361683767056775,-0.6147962150202372,-1.71479247039102,-4.176689396604057,-6.142657283812795,1.1452661760744505,-0.009995281773867964,1.1315513514567448,3.163594971739079,4.0181350188830045,-3.1318112721748643,5.591420494134875,0.5090177174128095,0.3326098146597998,-1.5235782844476358,4.692634328506168,-4.176689396604057,,-1.313848848480649,3.630767158898125,,5.057825062116519,0.0204570130623081,2.8598619179569664,0.04884295861116586
1971-12-31,1.4364176961815691,-8.043131961183922,9.926148087733251,-1.3202632730647013,-2.470903780851248,-0.2529039601883871,5.6600915389339574,0.5185063739260508,-1.9876214096883362,0.8143661489129175,10.522021719479817,1.4340050689843509,-3.364199374653538,0.45835789279355554,2.096724065861424,-2.9536537691441103,1.826146653749687,0.562549124091876,0.581895578889595,-0.4759940841144463,-0.3462819797896013,-0.2707593507188599,-0.8920458311987497,-1.8262509634362911,-0.9858417659978618,1.7081031736847847,-0.4571163583152464,-0.008343731607951516,6.319574810475629,12.494001321141255,3.2447149444119194,-1.1550563435764885,-0.6573563515124852,2.4013626595106143,-3.15413905816386,5.7137763842491776,1.555524418174803,-0.9858417659978618,,3.8655995617674064,1.8202975805968105,,-1.9556286776090877,2.2470896636990685,-2.84237195910311,-0.34824570930248755
1972-01-31,5.8723875785543465,0.7696743655854137,-6.653955546608963,1.9553280950405192,-2.012888454287143,-2.393019034658893,0.4081530479667072,2.990749650298935,-7.236257279977289,2.058771983825763,1.6089883706904988,2.910164993829353,0.20759018438047355,6.213987251253559,-0.04889786060636753,4.97554632415794,0.0979558841293155,1.6247915966490485,0.6815821380974842,-0.2168491313854624,-1.127343990960944,-0.2070409063041084,-0.4802455254896184,-2.233126421961224,-0.7895024535181931,-3.9317412356494716,-5.475221282866292,0.027593646852570708,5.290584268873591,4.260071196382276,0.998423777416807,-3.794577868236462,2.46643721462765,2.556909535774103,1.2447503190077256,3.005271077719894,-2.447940903303715,-0.7895024535181931,,1.8105787089095102,4.5502604107696465,,7.718582026153714,1.546200684704277,0.38190841310474627,-4.122281972340888
1972-02-29,8.325204343565298,0.6251697031369673,0.781044965569576,3.0303719250703307,3.0772455554387204,4.617897026248205,-0.9348142318039906,-2.975655402739813,-0.27948538284210545,4.075836350358606,-1.3389271156217064,0.6849155117261335,5.903795458475105,-7.686286531348445,5.711681677825574,2.533512405656409,0.24475916595665248,-0.5224455985139581,0.6522438608575033,-0.3969849134339075,0.5355151123058328,-0.22209804369414096,-1.1110074480639973,-1.183946465609731,-0.8580801496324835,-1.4874378693971093,3.372924704149612,-0.00839106584756194,0.50583630751533,-0.1567228976195365,1.5113555613605505,2.7199397999429453,1.4958044205308942,2.0707366000243552,3.4196622713526668,-3.5436556886958415,-0.9333929171880483,-0.8580801496324835,,-4.18170500365213,0.013313114228526435,,-3.8717159579738154,0.9526327694724611,-3.0791325141474633,0.7955624147464234
1972-03-31,-1.2554465563208927,-2.6320570055997825,2.179258808895209,-0.3129499064858329,-0.7580671476519784,-7.277356917771968,1.3140929395650147,-0.2087943866717109,1.745624729937393,-1.902300350704481,10.189100001040844,4.179994909038045,0.9088424845637403,-2.940632963684542,2.7990700903780033,-0.013297178293074308,0.25331307143011816,3.1526068892395065,-0.32509946855439253,-0.01847518663667025,-1.6881582825665022,-0.23634828017915493,-1.2623658570193081,-1.788258555585149,-2.220245099315592,0.19121711521965534,-4.835309536853048,0.016672378569644652,-1.945606960204544,3.874027068807947,-0.5049822280384225,1.0059721948359344,-1.8081096431669454,-4.974270655913189,6.095712474844508,1.1108668456661928,-1.3864945881180986,-2.220245099315592,,3.478464843374245,0.3589734070314644,,-3.157365894582173,1.297335710336212,8.474837149559276,2.9909971090825533
1972-04-30,1.004265843307441,-2.372941885639867,0.2708766984473893,0.11168174247931534,1.54501498320052,0.09884731062810265,1.0995601703525162,-1.4212949705813636,6.818555424079174,-0.5162617220063801,-2.7474910330981444,-1.5730542990853449,1.930012521832052,-1.1275465095826285,1.6027964050952106,1.4206533569413746,0.2687088865915979,2.4282915894784267,0.15083303948850785,0.42728375085909837,0.0009734327509761664,-0.13294574933338454,-0.5333666231039863,-2.0138103202986484,-0.6280621962288517,-2.3773310274781316,0.09086304955752872,-0.020427998099693756,-1.1793039686722804,8.250582406861481,-2.149073839876521,-1.9879017229020706,5.673415897349161,1.1454712950917147,-0.9804280195246735,0.6032026105734238,4.5974241880839335,-0.6280621962288517,,-2.7642367973153625,2.362885064524167,,2.313538686274127,0.6257366241298064,5.49077308349555,2.274221242517413
1972-05-31,0.39942799958902325,-0.3173412812266015,-6.1103482525354975,-3.26053060672718,-3.0007695869299114,3.773540378299604,-0.13863112254969784,7.040700676005468,-1.5370566464363924,6.3000463188659195,-2.9416458847632545,2.8950074929880305,2.966301993666733,2.568487600277829,1.0233227219597107,3.570207832286832,1.553447891503012,8.197185034888422,0.02924958240590797,-0.4460049616421791,-2.237463626283739,-0.20687059382896356,-0.36647496541848235,-1.1752818326505017,-1.564428221902359,-1.6063218933028909,-3.6608873305260112,-0.013358260196792426,-3.953902506873328,-1.2136676256990084,0.28535065299336376,-2.3266870889658207,1.9779816266265544,-3.0667952081210728,-1.0466412804627498,1.3097098642809166,5.527192369661711,-1.564428221902359,,4.5972209036369245,-3.157466698047166,,-0.08949137767067888,0.8188408810458092,0.1380518312771652,-0.7481760908343118
1972-06-30,3.6373104796283946,-0.5968550767525451,-4.398326176110325,-2.086991068916778,2.5913578077131407,-2.7225476580542183,7.4763986139905345,3.6827305713557297,0.009251036417710412,0.17490803466538563,1.373985725611783,-2.5092621073573853,-5.963925674783237,-6.424131911066716,3.0856299286608677,3.310790526283623,5.593206496314751,1.302660891963983,0.3040501615600735,-0.6971262665137954,1.3726852754234038,-0.1705041002136889,-0.8119802106289141,-2.307661274056722,1.5604245796739038,0.4695021051756897,2.5418490887609826,-0.01989787995946135,-1.0155143499760582,6.009000356582076,0.6539395345687742,2.420268252903786,0.6106534120506046,4.512196234592118,-3.042730390525592,-0.7322565502850332,0.9643046934323047,1.5604245796739038,,-2.7820955253264636,1.1263209656104651,,-4.101353379817901,-3.98064526962686,1.8175291143304948,-0.36420437459521593
1972-07-31,-1.3384929867204112,-3.34046222181803,-2.6949988911572755,-4.325098295860063,5.842871388589182,2.6322288309318105,1.1779770569007217,6.215611700583875,1.4839735194123058,-3.0304251715386634,3.7438265480815103,-3.1275118076866004,6.602678834879611,3.8371210241699467,-0.6877127539235273,-0.34131216844974477,2.186973853061811,0.6656286241015238,0.2767654611155105,-0.1599477633985521,1.1653601692717466,-0.13393684311404278,0.01647450392018368,-1.250405409163123,-0.33880452907547515,1.5598474918581076,-5.3375876993481794,0.01424907129214753,0.9971678785431265,-1.326537943863661,0.12040863912019045,-2.1445557747032855,0.9854888317134946,3.0839963269267185,-5.648896087865713,0.9663889398220152,1.923365715550446,-0.33880452907547515,,1.562808810295158,-0.4572962085745862,,4.280400107468124,-3.641255153457518,-3.833906081554197,2.1626423328030486
1972-08-31,3.085359821011986,-2.4087000964035394,-0.9649060895090127,6.844630967062906,7.075917434170229,0.11204456276664049,4.440976130969357,2.627069559278919,7.215525987650953,0.2995413932336774,4.475757170424405,4.920847326017601,0.562340236248517,7.378343642512681,3.14931734435966,-0.6836861749507348,-5.056028394547374,-2.699562883627976,0.1844727638985379,-0.0969075091630332,-3.0680003436208687,-0.19722533308550225,-0.9291160536387517,0.3236919976822296,-2.8349880699351098,-2.695722880658705,0.6330595377346917,-0.013159197843213177,3.06034516545229,5.2812139019814754,5.239065789391103,-2.2493684626051813,2.00348139565616,-1.7639736298292366,-3.211190407636366,7.633172950132297,-0.12823515892453247,-2.8349880699351098,,1.1576094874321907,-0.20661061550700927,,3.299995979312698,1.3672181532023824,1.661310179999407,2.4819819651750947
1972-09-30,7.665351133888292,2.1028162684306,1.3904215026485829,-1.8639132758629473,-1.2931430165390079,-6.8167389882058975,5.7028883484098944,-2.120075394216881,-6.345295018615996,1.6989336791373515,-3.6631462400797603,-5.25762521994645,-4.380359581305774,-5.163383212160778,-6.458763669677026,0.11563082100169009,3.5308922265809275,-8.16971502647798,0.15221336993636475,-0.3782231494665456,0.7660062318967955,-0.14172654623272246,0.2596666622717336,-0.030976680159451264,3.2169687230789887,-1.362729050616545,-0.5504561247800046,0.007401025118839832,-4.024740253394054,1.4341660105740186,-2.3359260527156684,-0.2159410340514239,-2.2997761827180887,-1.8604226269981368,-1.3802864794925185,7.628313337251475,1.5569012282800823,3.2169687230789887,,0.6882445641190669,2.882251258668255,,3.5545767209114256,-0.42325184954803924,0.0065414465177659475,2.5675759632231263
1972-10-31,-0.3472290912855509,2.6667312262625313,-1.7925979628085065,-2.141201831800524,0.18102228191506842,-5.479039496690067,-8.076282173792984,-3.3717180690243107,-3.5357299325821976,0.3025649678673442,6.215529348371782,5.557420782380907,2.160443815998929,-0.926765669188157,-3.5463884958729746,-1.1671575796319094,-0.7009662280528418,1.5791359461588517,0.669847561327478,0.06172370744001243,-1.845601587854461,-0.00285046473118844,-0.6943241456287113,-0.6336583444434383,-0.9905041693666286,0.8974905059637762,-1.1528559211548202,-0.00253316507555007,0.642053585009289,-1.2503067641333965,-1.522716061443412,-6.344168244471172,1.4880809538298494,1.5113804857141164,2.3507158915322584,-1.8782116856318058,4.592076305738325,-0.9905041693666286,,4.201767034706901,-2.321720894786057,,-6.519813465922118,3.406017775640246,8.195873762978367e-05,2.7046219301688494
1972-11-30,-0.127070977069224,6.5112601693430125,-2.25501346929947,2.1683471072467677,0.8984099763848234,-0.11936706676996495,0.2516885782040594,3.933811702786378,6.606750790424073,-3.420648866571827,-2.3459715117850837,-3.3477309887142415,4.457744678523956,0.34424722707856154,-2.264532334566293,1.2536576196703775,-6.060686366358778,4.922619155921544,0.03435589183708937,0.5511312440662268,3.723025218796799,-0.08389486672217394,0.07180814350461528,-0.5454359921693653,-0.006052581972267823,3.271603958770775,2.882860661087509,-0.023788740032087974,-2.987703451662307,1.1942956083454606,7.488766982874539,1.1049439446942266,0.9833182763154062,0.3354058705906235,2.823509014913743,3.537525013150863,-1.3097156072071277,-0.006052581972267823,,0.9785268681037464,0.7397366663429883,,0.7813564678643532,1.211209456389354,2.851703853580765,1.8999392035572369
1972-12-31,1.4559628480093205,1.1127845349958738,-2.5838992355211343,-2.9481372483923414,2.534045396865179,1.707132374731236,4.130734974339818,-5.013990652129512,6.750704717238066,-0.9605058771300755,-0.2422917102700154,-0.6186615221546368,0.6795648450154586,-0.3582590389043898,-6.687573146129464,13.807927339325406,0.12881972680283954,8.047288543020773,-0.383235969412032,-0.1551966161438374,-1.416846469341737,-0.0939908159759843,0.16076910195385263,1.2290928991026158,-1.3515341585202794,-2.2561020134602074,-1.2807161242003753,-0.012632627667547414,-4.481240460247761,2.8854614808861996,2.7662456798026662,0.6247350728617739,-3.08044530225407,0.4737107051740581,-3.3755894926587313,-1.080754187752038,3.1465721239083795,-1.3515341585202794,,2.6524740156215882,8.421051897178014,,-3.2257633222312654,-2.9195367488069603,-3.171998627548157,1.0520690406553062
1973-01-31,4.125514157293237,-0.2098734272575038,5.629662874139941,0.566142773112563,1.9131957694350779,-1.8456854826948188,1.7665430939700202,2.4958101583976195,2.9738418955610464,-2.5936350427058477,-8.811605243651853,3.252571764249119,4.061835563887433,3.423348248631302,6.67711346387375,-3.04573986875786,3.4779561053204096,-1.5988467212508914,0.1620503958148123,0.33289994370069964,0.2220984819436107,0.05373852480710395,0.404492858112238,-0.7217412700163314,1.2863640441306499,-2.0474576993688958,-3.9596614405684094,-0.0020244490317051222,-0.3590276447040539,-0.4461855791827405,1.4237297600165615,1.7907449549384493,-1.305927576416245,-0.002391731270728892,2.5728186905761556,2.6422571042196408,1.0067005114893586,1.2863640441306499,,2.7239127125940374,-4.053335654129397,,0.7619843800062918,-6.466770784888594,-0.9428096254297132,-6.530290156832329
1973-02-28,-1.1984571297194717,5.007211499040494,6.073347676804396,1.6193757149947317,-5.671673632510591,-1.528486004683188,6.852183293776719,-3.5138699676420204,-2.7599086587061574,-2.456261258104887,-0.586351379945686,5.96457358620821,2.085283090907853,-10.506604052976918,1.7897820184394857,4.577806030217346,-0.07919439781911036,-2.112168163388001,0.09008237909640704,-0.0048611678941709036,0.3978897293001312,0.05127778893286844,-0.06743973701219469,1.0059395629109473,2.2062090997749015,4.052562491547181,4.722169663758994,-0.004542380825504233,0.5817044143543174,5.646847131828905,2.2791422122285345,-0.4028926578945863,-0.31803357416579786,1.4742492189396326,-3.654320899795594,-3.4779601804045117,0.3579164010968382,2.2062090997749015,,4.4367354592812775,-0.9529408213348781,,7.765323809658013,2.7395655757607633,-5.186127969403496,-2.286264374458541
1973-03-31,2.492167202409603,-2.045752711135308,1.5520331421610423,-3.095073421692115,1.3813338144227096,-0.659778358134321,-0.20907782232777294,0.21381829781902972,2.9829472389679292,-0.12771680025368792,-3.464777634972368,11.050185369838772,-2.9215247784842386,0.7299166803431285,1.9938291113173447,-2.2327457840571445,2.8328868520531714,0.05216615896285126,0.5517600987948958,0.05331342769365777,-0.1484479080577981,-0.04110471371230967,0.7073155434734308,-0.7254866946638201,1.0870254044621859,-1.154696632033446,-2.406562676421827,0.017588374768733928,-1.2615853408757798,0.47868543760251825,3.1515808125834255,-1.2346961122159117,-0.13541369165592382,-1.3619401135191884,1.3762828227132535,3.2387476009229426,-1.9834255977212945,1.0870254044621859,,-1.3749942102841188,-0.21107574833976556,,3.027813909555096,-1.3184576146679727,-0.6865262112709395,4.82246971455121
1973-04-30,2.2598133577642097,-3.4749691808502683,1.700598843260289,-5.255111383947047,2.2828513161926667,-0.611356025616645,-5.011895140990842,0.9236284754381834,-1.1711501688076498,-3.9495426979911574,-1.4687471461264154,0.37600913400045843,-1.626440315814931,10.823974504582814,1.569959023866498,7.044242597726151,8.840127056303121,-0.7985919197622992,0.3103174542412397,-0.007552730255387274,2.406446540416383,0.09010071727278401,-0.12290866658983415,1.8515855842399391,-2.1954495925348403,1.7018601089551582,1.428926048562887,-0.015900600621676253,-1.093046786333388,4.832692986026873,-2.1483097062087593,1.1342822347067143,-2.5989366480089373,1.0776884591724678,-3.4463156063342435,-0.689906315046971,-5.944068466220174,-2.1954495925348403,,2.9588194896458075,0.9588838811620113,,3.416327924181523,0.0506634741788658,-1.7396152036235049,2.3369848842746865
1973-05-31,2.476637597935137,1.7657864103563197,0.9592949453204291,5.559491752267955,1.0976410412777982,-4.375731832209234,3.092617476712669,1.9237669327638034,-11.465439454584914,-0.7735337112031173,-0.31133905579678545,-0.24072007990250183,-1.208688194356202,-4.4026730036906505,3.662191872119852,-12.381865053315336,-0.6174995158711967,-3.063298773986901,0.2631134087969358,-0.1699048948875379,-0.25023753372922053,0.06816926193032014,0.7187865027413471,0.5001639930768971,3.456854538263645,-1.9069906962372194,-0.02984375400005551,0.004176896310981337,1.8334452815354958,1.557721999349579,0.7758755740846119,-0.19989993941187179,4.579948181193494,-3.3040106176985518,-2.931534438402493,-3.651299918814833,-0.4311048663387722,3.456854538263645,,0.10478646655083362,-0.6242248724808306,,0.8043469291504788,-0.11292653664187885,-1.4753093176397993,-5.827797362431251
1973-06-30,-1.7766126585116242,-4.919394087799635,2.666569961018035,-6.161529278077834,0.4743635560739385,-5.175085152760875,-4.865252795887327,1.057637620277423,-1.7598307801556246,-1.999608647902756,-0.31648762685045134,-1.6589521653156072,0.24885313436326778,-2.04678796844968,1.780021972066073,-3.4674068142469716,4.406386404332162,1.020337706859212,0.6485579269189348,-0.523536977873341,-0.5224143820015927,0.07626171606032761,-0.054219830727995855,0.18734225596448156,-1.8890995475122956,0.9128366745877268,0.3618876253916839,0.024459052956547656,-1.7365303031982358,-3.20318650123965,-4.802014325136439,-3.9341813186332573,1.5521762825464431,-0.6441591210404503,1.1474563430767442,0.3243675550390122,-8.02435917206563,-1.8890995475122956,,0.7458089001373682,5.259954539633078,,2.523108889289033,1.3470961021388204,-3.876952639043906,0.995732792061419
1973-07-31,-0.2245925518929347,-4.155318705324075,2.42127154845651,-6.637202339953521,0.1381043755456306,1.9875769127512226,-0.136137991066082,-4.226126291214698,2.294347084983382,1.807331227888317,-0.4614574492002876,2.5209663079722753,-1.4319975016312088,2.413163797963991,-2.7998120339092694,4.631968578871118,-1.8949210831724768,2.0659551903573132,0.42214599635073685,0.021066255408547285,0.8937315610027738,-0.025978612188118477,0.5649768309297123,0.8790764794404187,2.175997384453411,0.6822407335627196,3.6705325618057523,0.0056120871554875,-1.203154541587824,-2.464560793423458,0.21729059136978518,-0.681950497845826,-0.7292967022010339,3.1327494473181328,-5.978645817230034,0.7099164587325755,0.16840660876899066,2.175997384453411,,2.2024864651733003,3.406621741164433,,3.3312282858932374,1.1212716230977813,-1.7463568706003947,0.10276985027359731
1973-08-31,0.21827789494617195,-2.4615121009491396,4.659636916169097,13.158181621586602,0.4788178731611464,-2.102244909529132,5.82468852029065,-2.3366091066369306,-4.353107063795351,3.2487705129898465,0.7689081088323955,-1.4053025686842961,-2.989062886116373,0.4028989237369132,2.7528030755962902,-1.0477969759469075,-1.5958016714548808,0.6133063389949367,-0.10143964957518409,0.5408368364658871,-0.1114807498697154,0.07086058002583667,0.061398770049641616,2.0566902629803616,3.593101532377082,1.9975524462899987,-1.8966280549354586,0.012108049967999968,-1.6220189763025634,7.492609496551884,3.9800649085972495,0.3477666182436863,4.085539164664683,-1.0203127463401422,-0.8768373580241318,-1.544352435991549,-2.439871359591578,3.593101532377082,,4.621931309062724,1.6301582790791995,,3.4606371750262266,0.24614528780232542,-2.354848060390375,-0.6799091156134183
1973-09-30,3.3430799829006266,-2.623923502229952,-1.5210155217260815,-0.19891817749865498,-5.315029412527672,0.9674215646159314,-4.304887514763297,-0.658703619294589,4.500492367913814,-1.1460662355494338,5.963281903619632,3.217777603446164,0.752668979079478,-4.984184441170162,-2.1852955654357578,1.4510806019322091,-4.205472343540757,9.194819169968937,0.05822268916931844,-0.2239659931482783,4.584556932131166,-0.15798140971461522,0.6076639795045817,-0.5039860509889736,-2.8609932709844355,1.6422929037040415,0.921975666106607,-0.015948410454880824,2.253648329736933,-3.0382677553431168,-2.1084315573220644,-8.211080106967739,-7.656360095019437,-0.10079357555093924,7.832089307856939,-2.2906464061544303,1.0946636376906178,-2.8609932709844355,,-0.6166845858378285,-1.7899755352225313,,-1.0432694829123883,2.71851119180257,-3.0321276020354975,0.7811390011744117
1973-10-31,-5.7364871381735005,-3.1140513439625437,3.6138685029219118,-1.2855860463291742,-7.353030236849,-1.5797157676921079,2.8072791767623753,-2.1403111455929626,1.6213320537822637,-0.8156148358888189,-0.6076549256958412,8.732293219121319,-0.346609088719688,1.8791629655118571,-0.2452494173671581,3.6948946142842987,-5.5216409323044084,3.093962543841247,0.6576737286823525,-0.6679027471143778,-2.486782314278988,0.18636727603485304,-0.056314087674966984,1.0606090907012238,0.18913094996943508,-0.8297458669158964,-0.32001642744910674,0.017902380902215687,-1.7566591988685523,5.331774551067174,0.883732668801306,-5.365169709095212,-0.514632502363748,1.4708537199274678,1.2039551207165249,-0.3266555823997427,0.9318156841359785,0.18913094996943508,,-1.3807112621047115,-6.2302811107381695,,-2.1392547859620645,4.678218547894396,3.8466335115322634,0.44177609474521595
1973-11-30,-2.892468251627321,-4.238727844422987,-5.320091236896135,1.2971654849037715,-2.8181304009306274,-4.045174767346531,5.133942878407971,2.8270985134254834,-0.028420947599499924,6.360345588143625,6.136244686792586,-2.3258316231746736,-5.511230624495317,6.896593553707331,-1.5412006142042154,-2.9250119001696544,5.838984176072574,-0.3648446068683725,0.36046778737803453,0.12475310691244157,-0.31945097955406954,0.004631158896126808,0.4258956665460696,-0.003987735657238589,0.8634475322586951,2.31292766059679,0.8829852046234666,-0.017258046104519698,-6.61283400235769,-2.209120754848568,5.764021835452765,-1.8497257573523198,-0.22281785499608348,0.6968806181639587,0.3156018687775529,6.12738187650115,-0.8931705847517932,0.8634475322586951,,2.9836013544983864,1.000567835117666,,-3.6962347173060808,1.4382420382690886,-1.3002048626450113,0.01204465150043571
1973-12-31,3.6983044936116376,4.768793619653681,-3.9409867111860413,-3.5315372116430255,-4.633645798023338,0.5641707317342626,-1.5833327940652004,5.649118303020615,-0.002861957437665874,3.309415920405699,5.152684809398436,5.119398685582469,-0.48707850413457526,-1.54302150214581,0.8471689771758617,-2.7181437129648476,-1.1974377296598717,-2.403741191465862,-0.47582595230418195,-0.2315836782888437,2.438764561468595,-0.024090522004840575,-0.38638643511798515,0.39862848333926054,-1.195191323646447,0.40559040890377024,1.223004273171334,0.0006733467397107007,0.8110592331001598,2.000299968925762,-0.205392013103675,-3.4399625467273656,-0.7925401488509254,5.809990276634701,-3.4331916263180795,-3.7016059280590565,3.2796415326623847,-1.195191323646447,,1.6311543219208904,-1.2673678590063404,,2.2662465017135722,-3.4728042026786894,1.4933396274376813,2.9711952547432747
1974-01-31,-4.147667704214069,-0.08105371814278806,-2.553480256558074,-0.6521532731700315,-6.366229744599762,6.751710755699164,4.792695918700917,0.021178981825692333,-1.6698647208337576,0.2997539718208618,1.9824478948995394,-3.9066243028033747,-1.6387209626543717,-1.224565938889786,-6.958340780510257,1.3550427268413878,-1.4322918194102108,1.877757580939761,0.13058459364667113,-0.3030778014735667,1.004262172875747,-0.10439599243154346,0.6412365347551308,0.13735864163079692,0.07363502171324243,0.7972056596918868,0.5683458320823505,-0.001473605648662557,2.7231389166754965,-4.636739137705917,-5.523355008939857,4.075058706497196,2.219329692317955,1.7802117136367168,3.268271619007347,-0.38083159607228373,-1.782846421907628,0.07363502171324243,,-0.09655540207452329,6.003739809945986,,0.03333017259918136,3.8907454994132227,2.114649514695211,-2.5427645434710002
1974-02-28,7.66742083736624,2.524434965124308,5.59472793357899,-0.8780691848884558,3.827136817765239,2.5648455735535713,9.348369968030703,4.962463926208666,5.880071645686673,0.9682664021315961,2.624004047539734,-0.2763770147850446,2.1344509912902123,0.00866492591754997,-0.6458133174059238,-0.5942770793443756,-2.412317054598188,4.305983023928427,0.48553025160995844,0.42531994688242136,-0.5215141210908942,0.11515297434363991,-0.439340944219881,-0.410023233309113,2.7216370339675877,-4.256167975712513,-2.996144273057764,0.026051239915266755,-2.800587337441073,0.24045574308775786,3.0880933622251874,3.7185003512873873,3.8512228596656586,-3.4517354122568875,-1.748970340967838,-2.9287049506068756,0.8355194317344465,2.7216370339675877,,-0.9896653958999022,-1.8700626961039124,,-1.6719755981573046,-7.000533762820636,5.210169309564636,-3.1202202296339276
1974-03-31,-2.682058325462346,3.599019325483647,2.401214894760865,-2.8126070534204053,5.702268314582621,-6.000958144394859,0.7698686256592095,-2.801149272776989,-0.03427147311247858,4.985696355724488,-2.012728483155275,-0.24111599420504043,4.084635268164612,0.6541829384907474,-0.6281956190090852,0.5525514309219461,1.5971681618714173,3.0190894209544736,0.2704797121870581,0.9195644633233333,0.8579781588253932,-0.11587713735222674,0.05279082207986008,0.35253994635129643,0.9209340048684078,6.476941916305054,0.14121346630371973,0.00048520616472480516,6.390368768362983,-1.4229376802550844,-0.1781157859554105,1.6586030491338821,3.0160356579151792,-0.19906562752252532,-0.3195765308165373,2.810284887197509,1.6698553287006097,0.9209340048684078,,-1.6328812833428097,-3.829817678173901,,-4.284761694985497,2.2173347521019147,0.7410363600057575,4.486489530775414
1974-04-30,5.273686004564918,-0.7075758121135305,-2.91945157175776,0.6964263938901722,2.5644087023754762,5.839210195603305,3.273523446149307,4.028036128160247,2.4690752537974863,-2.828503067708649,0.5552824216569362,-1.8598765213712058,-2.42148168283408,2.196254466483955,4.912951956985614,8.777349970872391,-3.8343428601507394,0.7959472795122986,-0.09722763164978843,0.25461616033211,-1.3011534415244896,-0.11258811339695957,0.07342770964259665,-0.95885841058347,-3.37845479503593,-3.5126215585020573,3.172576773368995,-0.0019192126817843547,0.5295748697913221,-0.5077497635816465,0.7310360432313798,1.8254092421069152,2.7021653808717074,1.8330272022263288,-0.020066834594263394,1.6115528162902943,3.063387074941752,-3.37845479503593,,1.300554271395801,-4.078056967594053,,3.4206529196389264,4.9602377633617865,-5.0423848911682825,-1.5399819213642492
1974-05-31,-0.6721390165040916,-0.45478898696709735,0.5776926743188979,-0.9957161253659266,1.7009751507816502,7.608598707118425,3.2631114781312034,4.103569104874382,3.049086279755266,2.902022757334472,3.2444530544909904,-2.7891391538730623,-0.16039868849641692,0.970154987320077,5.3403964990040675,1.8998760588059074,2.227385765542163,-0.7998551202660323,-0.4834733558628337,-0.12288759200511001,2.3189823456838212,-0.005468860207543891,0.08308016287351438,0.5149278397159942,2.4892149017390626,0.47283077213898517,-2.1759261863351194,-0.006658186446157177,6.950207419072751,-1.2370648065454133,1.81131192695324,3.207393855220909,1.4205350429655443,-6.01843346841024,-3.2631744085795695,2.1469311083793077,-2.6312862195989846,2.4892149017390626,,-0.4275940686341769,2.3930483714640953,,-1.5556028938715574,-0.4405518292164572,3.38713446334011,-2.2586385908506905
1974-06-30,1.0323186988071085,1.0032231645202894,-1.2504768657808443,-3.763115371729385,-4.645815451851661,-0.39588727286428926,2.7275673847081423,2.7256244911496372,0.3890866269904245,0.27196923669860285,6.444555702913153,3.8049867321814927,4.671576016794443,0.9639588796479341,8.283029946414654,-1.4104836739672646,2.763881268778924,3.3863294535442057,0.3570353412199372,0.48712905277077545,-3.1163266587261482,-0.1634998699256692,-0.27724034735618824,0.3617759494867705,2.8039709500054375,-1.4877435586231649,0.48244208444944525,0.005712171017311196,2.973705632296733,2.3580531961562974,-1.5635721109951015,3.2790285333179723,0.8270330529558421,-1.4608606108979807,-1.709960267266702,1.9691091564620524,-3.683612296991406,2.8039709500054375,,1.9137624380230307,1.2477330617952116,,2.382447216348078,-1.751330901382958,-2.8614249707137143,0.5277669448896454
1974-07-31,3.8742673805290493,-1.2534153032658804,0.289405546226958,2.5484247993940357,-2.932237071823683,11.554366110306947,2.9703964929058353,-5.505588619603202,4.169041755749842,3.02787943625723,-1.6584391050887999,-2.78772476691219,-5.864756270368554,-5.6109702956962115,4.9055777251971575,6.72884233355272,2.2931039891946408,-1.2777347214768544,0.5567901923898683,0.5606007820126452,0.8517734449963751,0.1121751166527391,-0.3208069496054503,-1.5192185420113145,-1.5795109992597745,2.150677640033134,-4.608671359851571,0.0014299877312380915,-0.9745133229156009,-1.9898489720246064,0.33388513176990664,0.6748995223193152,2.2771786411847423,2.0701166513041405,-2.3600036505401696,-3.030257616274636,-4.570943933814036,-1.5795109992597745,,5.677805479791811,0.4135623729419994,,0.8654265281726187,1.0131122565699129,-0.6242548887092865,0.3096109559888477
1974-08-31,-1.693020519502498,7.7101734524385375,-1.7296672621032663,-4.87971057269552,5.842693491809091,4.009794024454985,-0.788943587679835,-2.7503949766377556,5.906131906831178,2.934775879768312,11.154488204726016,2.479944842328739,2.8653667613766967,-0.18220454286951993,4.575705192649083,3.7974310825704753,0.3912038038943103,0.30105030690040024,-0.5698357594431985,1.1185947111561463,-1.4282847968496046,-0.1300899744762715,0.7951428309667127,0.885096429121741,0.06811681341158432,1.35788192407716,1.8227273252998768,-0.010391724213828668,5.33576425307565,3.946553927025411,0.40893293838200295,-3.4524425753916788,1.8758051939801006,1.9795822206708338,3.0289899162746154,1.1675735656638833,0.5520614196252654,0.06811681341158432,,0.6550239849989518,-7.176890882589037,,-0.5716401544087215,0.6987560020924474,-5.884214799772517,-0.17062769601960226
1974-09-30,-1.6875988310440797,4.8543247332765995,8.2336722449312,2.0286520627482054,-0.3003145188063555,-0.4498379207160611,5.805461450691689,-9.452999276981874,-2.0496267741579395,-0.2103755684251446,-1.1748735522399265,0.4407910518101591,-3.2474550313048436,6.331303631913385,4.004491792661301,2.3332172506404203,-7.381377487725906,-0.46259769749757806,0.543307866820629,0.8182505589642828,2.2535732723741897,-0.011831206249723725,-0.2746937218110024,0.9981272450827336,-0.8249607651629643,-1.6251381794452349,-2.172543684987891,0.01675089774394567,0.19393283487102542,2.20510461052468,0.7346177389693043,-3.3431678841700574,4.6718715589256465,-1.7551897365131326,1.6190590092875214,1.5939500866079688,5.152024087209375,-0.8249607651629643,,2.854079628231222,-0.04511205638258803,,1.2615813799801983,3.3131078144378714,4.909810808786883,0.020666301160484735
1974-10-31,1.7332552375301535,5.755850089599988,1.7831977038088724,-6.131008126738044,-1.2265294464283718,-1.7043252124583699,-4.083616916000261,-2.8649018580230514,0.4148183546707473,4.2716743155237475,2.721273766111848,-2.839241153621637,5.821930394572477,-1.8507030349242046,-3.1658523554739633,-4.801585464861489,-0.4048564460432397,-2.7413123351676676,0.2805061252544582,0.09720843210561542,3.2346386711123336,-0.03743539136578755,-0.4749617508812788,-0.8507522286290876,3.8126864255041193,-1.352345545097778,1.6604568190431084,0.006649264412101952,-0.7163986671574842,4.9539656029120245,-0.09700780694881606,-2.093778157219711,-2.4379722981532748,-2.318944393551574,1.2998027289338152,2.143435735603947,0.5361883189069281,3.8126864255041193,,-0.21263150125648916,-5.467620641735046,,-0.26214382279563847,1.4012032698966288,-0.9224779312603073,-1.5836533410244074
1974-11-30,4.784116494497147,4.672045677131429,6.704212368455699,-5.306241278121701,-6.154217503120361,-4.22908145768757,-4.863401191746817,1.646908804039221,1.6973530562193357,5.905880670019391,3.8198178835185166,-3.3454543851235474,0.8614720757306358,8.644839996001714,1.480357088498364,-1.9124608225178736,-2.2419655111858834,-1.4857625064457045,0.3359533373675092,0.3983208946613612,-2.911081307300072,-0.01702083857851938,0.27151362165744075,0.319494915859997,-0.9913345185307204,2.234868963201417,1.1090497126756804,0.012739787628940846,-3.7000539200588376,7.082603530927965,2.9075763618432022,-1.104364716446763,1.6511376945798573,-3.572713925285937,4.275028784504097,-1.632143093165512,-0.5840025384872081,-0.9913345185307204,,1.0372597081200974,3.6818129396177204,,0.10051854504579999,5.663295573840082,3.6519636773867337,3.2953846184327498
1974-12-31,-1.6009197673205073,2.06306216537856,3.397024365520243,1.3657923123801268,3.958618727281603,-2.076963038568693,6.961467487220366,-0.7078955189806135,-4.285315985504575,-2.101926657189333,1.174232390135059,4.348175133164945,-0.37693592263675696,4.4808781286016135,-1.647379476506093,-0.20242070619263336,4.008481074168165,-0.2701473600949181,0.4310744443027901,0.4978189818661803,1.686617229937396,0.02355115957876791,0.42236633113458716,1.27758983586394,-0.12279908574399873,-0.6187892263022424,-1.267925354634495,-0.0006736409988834513,-5.775673499917276,-4.250163120441815,-1.3390113107729043,-6.276402406798667,3.763804036550789,4.356093357869679,-3.735840728808908,2.0356300655512944,-2.096096675792779,-0.12279908574399873,,2.0753267530968578,1.0935751329145214,,-1.3379233900562413,1.722380902119092,2.855261654247635,1.0480687052021305
1975-01-31,1.9788484242581776,-1.8969878059392582,4.033367620751886,1.4341301874789223,-0.733014156639431,1.9094650604583068,-1.9375150689144154,4.858212497636708,-0.5841799254659374,-1.2564502427161925,-1.9973336103711996,2.0622574683742743,3.6348891728229904,6.690612131661746,4.701321387237723,0.6500973231767188,2.2893870955940887,-0.31697353828693997,-0.218886917232486,0.44111041326422284,-0.7269233668844641,0.02271687019687002,0.20503907581306524,0.04312602405072535,-2.0032204596658327,-1.7013499649100665,-1.5979900508256741,0.006758607949687634,-1.0202248606203113,-0.7607220485581425,1.2114867142554195,-6.273071747628981,2.212335412161345,4.62977652941554,-1.9925538751063998,-4.800551580728118,4.889833424636031,-2.0032204596658327,,-3.24103013094999,2.0540279162030326,,3.889739543997674,0.6088918839184021,0.24976233817141325,2.267098170213186
1975-02-28,-5.070845481294286,5.045008529072245,4.8199529765988,-2.84679286462638,1.84964025429795,-5.2657849012594635,1.1925416475258912,-2.293285407702503,7.525213307754681,7.318098607125385,1.5224371140315112,6.0759723849007825,1.7716325744086892,-2.683470527322008,3.615382696974195,4.187476955481276,-0.23578548094964608,0.23534941822230537,-0.0612591910167366,1.331413698627683,2.173156597500145,0.02691847239216677,0.4545913549425844,1.4868498336586602,5.110823084008416,6.45125878191814,3.3573509119152574,0.0053231559082349555,0.5390248757903847,4.070983693966168,-0.620899348446696,2.5999544405405652,5.711742673118593,-1.6632538236463927,-6.733311679293475,-2.7286346088862317,-3.770123847436264,5.110823084008416,,2.9849320288028336,4.012620260350297,,-0.7549451933754707,-1.3062375519249925,1.9991665327286408,-4.942609953074427
1975-03-31,2.251076443890496,2.4007851482502804,1.390517253689374,-4.474280120934873,4.2651974078146715,-5.00734998308468,0.9184409838629198,-2.67737836584959,1.2005155077728626,-2.5475637918285816,-4.959326341060407,4.999005588092216,-0.5262516754561299,0.5377607644298524,4.043162105308929,-0.6967671156157818,-4.119368877310035,2.332285407583102,0.21065029423545034,-0.5994713857612722,0.612349349857265,0.12090818953289023,0.9822499123879579,0.03900173391121886,-3.65888799102339,-0.7812004206113896,1.910611395619903,0.007953975067724828,-2.5361878642038453,-0.10039312999608879,-2.233714561530524,4.013075433762688,-0.3226688640544788,2.5553555448313214,5.067044907557508,2.9621934367519924,1.6770969514588092,-3.65888799102339,,-5.637189640297591,-2.032071495331506,,-4.9426504387392995,-6.880320033727643,-2.592569042131651,-2.738119358678481
1975-04-30,1.8016768641710628,2.7051588721153963,3.868610319223652,-4.486748232129008,1.8779223464300165,2.7118299085476893,-1.8106448127557604,-4.469640825660006,0.05073301702526123,2.9214503366433324,-3.7372503280952025,1.3386797618025013,3.071230580868172,0.770681507268792,9.111919267235118,1.680350406058969,5.342122929275778,-0.5733979047200006,0.1567754532593404,0.2816486232954065,1.3124706400653872,0.22556968889734896,0.3114485274676797,2.146695917513662,5.832292975462764,1.0566314946426039,0.3099753924643992,-0.0018422629888256714,-3.739118926506361,3.8668181198104876,1.9370383257779942,-2.8614301493450247,-0.3781241311119715,-1.6425530792606238,-1.2487921959391333,0.15843811295871307,-1.5332239005782187,5.832292975462764,,-1.5446485062883153,0.07897154224884162,,1.4632541128337009,4.2294612639219835,2.1465655556710685,2.054077168105783
1975-05-31,-1.4703107590226965,2.791699792569533,-0.34110105991745565,2.6411842660600175,0.5987241039788702,2.292001932313206,-0.12147534758902326,0.7478411035576067,2.5622103024393237,2.9852037347084712,0.5505649583646213,-7.127796899505226,-4.860281674721813,0.894580070464287,-2.922066791347098,1.412879336518844,3.7619241474797374,5.1936547399123425,0.39227959972503723,0.7273642302193128,1.0796430137574258,-0.05185470845621215,0.784622402986423,0.9445183483327069,-1.1485984517895111,0.5225142329929865,-0.3764641688010677,-0.0083539737203569,1.3642318333559973,5.8118447823711605,1.0625090278513851,3.54843361381693,-1.1702982840670837,-2.8691193782706543,1.6109210109274568,1.1797012491441234,0.7399068995939893,-1.1485984517895111,,3.0900037933686253,2.7811342978029607,,0.03195508593864982,-5.382038641470873,-0.2779133611072213,5.146179620704369
1975-06-30,-4.983328353119085,1.2348717907420903,2.9180101622565995,3.5487991808225794,0.8222640793454987,4.801887189614892,6.075658391076667,7.797586346561638,4.470470662200084,-0.08554449231474456,-4.081972946034201,4.0966691855908515,4.504274450924429,7.437125304271691,3.1388473482968946,6.936492648245509,2.0446506629159646,1.496856889672723,0.15598342994874242,0.9140949969394025,-1.0086374973485828,0.30531202521915063,0.5052883191851831,1.6276629337286488,3.210030091406009,-0.1380957758865145,0.3627226510644244,-0.02999626084041726,-6.996944930919171,-0.08747866986373848,-1.9849251523721048,-5.3894669825706005,1.3895622128970109,-0.6855477723713417,-2.2037610398915093,0.7615834042882512,-2.2708498302196993,3.210030091406009,,-3.4125993151716427,0.6415231760101934,,4.286071222061262,1.1125381084232746,-0.8990524591294669,3.8932431228637236
1975-07-31,2.9392760026055424,2.84162801057065,4.302694212774584,5.275403407869703,3.1611967750622334,-0.30702509828591024,3.436662715242948,-6.974566004331849,1.734896622930097,-4.673733769309585,5.979358634534383,0.42144331736017,-3.429329229965344,1.4201212009008273,3.627945990628134,-0.17686679037822084,-3.2473898591923116,3.7869995527828704,-0.25629305851036505,-0.297378241981111,3.489086960116837,0.19015872072462536,0.860655664020276,2.1937298737811095,1.3389780223111436,3.6932167718281756,0.23172316672677462,0.013918202028655569,-5.420959944458657,3.5937931341629934,-4.1265793783388665,4.530337870150492,-2.8995240500902932,-5.94385056707611,1.4486364520825552,0.656510445730522,-1.867356175146584,1.3389780223111436,,-1.3609257953018215,2.638467643513173,,-0.20448395098644223,-2.9362835089929606,1.0574882819161713,2.2126886636564045
1975-08-31,0.09648138120170385,-4.154988513397809,-2.459472281162779,-1.5593130146618295,-1.3768850838282258,6.200016670846609,2.38650690787158,3.5856042256508682,4.503771001694099,4.439580024962609,-3.42502701181246,4.873152061873798,4.347765139804575,-2.282605878882891,7.155251782803469,-1.7560037366940249,5.873955715733045,1.3047480862275993,0.45699223408453854,-0.2706412633950354,1.2793313316379287,0.18946254418656366,1.1558250712737563,1.6928867184088814,-1.4180988584517078,1.4217982907237634,2.8059675989092936,0.01746072651333802,0.35647638066221415,2.4968398763043105,-0.6940919424075522,0.511698444174288,2.1115715385873526,-1.6591141721292146,-1.339780422717061,-0.041644912120587685,-0.3524025533629921,-1.4180988584517078,,-2.702589744571534,-2.894399506515942,,-0.6432753957368531,-5.933587582111504,3.6977380430276394,-0.6359591674544074
1975-09-30,-5.831355238079039,-1.3146060886175113,2.4803105801816674,-0.4206648865887385,-2.679124500255406,-2.2212785164763744,-4.562513563912916,-5.520459671905505,2.494663105527191,1.785318898675599,3.7982949477932646,-5.2421641389669995,8.120677337099583,-1.9538191550200188,0.9143504546288515,-0.5116824512339488,-7.8761180235861,3.4655727187681795,0.20613177357253237,-0.39249859370697443,0.9973203156571122,0.1751101570963371,0.5873451138993933,1.9007797536006898,3.770978554376659,1.8366726361473122,2.406897994930708,-0.029039354548934887,-1.6540163219428565,-1.9872279361908347,2.24021684716064,2.913801249824544,0.3545951919100609,0.08551673504076307,2.3475942088584314,-1.7153228914734693,1.6266358136309165,3.770978554376659,,-1.3641869193010203,1.4439773099808817,,0.8582955715178495,-1.0988203462450754,-2.835988100358668,0.30473716700823555
1975-10-31,-3.710774082768056,1.8288766958414884,3.799028878064415,1.6935419445004887,-0.22550267314687722,3.7224248009751624,-2.787545742107188,0.6972900338636829,2.469337929477844,-2.020469142077569,-1.6285396297777406,2.0575849578273617,-3.9638888456995063,1.4102549934626893,5.157139482245577,1.1042897130530778,2.536798600170353,-8.445064005779912,0.5978746048286474,1.2798408734818476,0.8469583070849049,0.142978882025097,0.9530649319719917,1.5023620917951677,2.9655703622182785,-0.40373617314243626,2.3230101528529947,0.004516717971118384,6.725818815826636,-2.408380080899356,5.320440037788144,-0.7643371078065928,7.668647081325917,-0.9448483039309437,-0.3366679878892107,-4.113247566998438,2.04808102441786,2.9655703622182785,,-1.7421945779307386,-2.5556006086477363,,-3.35080242321179,0.231068225246444,-2.596332844037205,-0.05934026957487115
1975-11-30,4.284694144440486,-1.0950417242994042,-8.489399037051683,-0.8900310025178709,-2.1997830730873282,-3.6219940275063616,-1.1111348799243599,2.706585369018884,-5.421790703380647,0.9535730919448119,2.636288546361143,-8.311251074435367,-0.7999686182568241,-2.393148596013405,5.405222252424688,-5.992787861244601,3.1621456169460176,0.6496267042059817,0.4971430235162645,0.5723752093338842,2.6572960160522574,0.37902796522355797,1.1759877879861838,3.053545041833312,3.5102613149279462,-0.8773737158321203,3.3120425212498774,-0.015169606568830235,3.9620374452607465,4.543886987952874,6.605280735701409,0.0577983207190553,-1.8594336072168052,3.1450079594648823,-6.041338655750952,-1.0783885574162055,1.852916896392384,3.5102613149279462,,0.19086944928740215,-2.9191407428318032,,0.09660844299410168,1.7463848157715887,-1.036768502830042,2.569300989344884
1975-12-31,5.157872572476628,-2.0905702828960666,0.3330511573244575,2.3287303707742835,3.885034240048944,-3.8973284397049937,5.86997906547815,3.0410478394884537,-7.986316104918561,3.5457588335967367,3.010112996303163,-4.109818759282907,-1.383451933311338,2.7450172644666724,3.9973704135023556,0.22123667596157814,-1.0061309175168887,-4.8953126643953455,-0.36664230559829397,0.35999505150546035,-1.7389723455261958,0.29094260570293756,0.9725414656273306,2.7438906592174432,-2.1816306528800236,6.66763212361036,-1.404579110808587,-0.003374984664610753,1.6762267745593458,2.1170754353292773,3.360990678348864,4.2362773941206004,-5.604440614087459,3.866809157196489,0.35422839477216556,-2.656266668067355,-4.112612192308395,-2.1816306528800236,,-6.138802569332684,-2.814378628093514,,1.8992907033344406,1.3153966862318436,4.30365922332672,-3.4478789741856555
1976-01-31,1.8543023372815954,0.6414083420641343,-4.226204702253772,-1.4559749988166437,-0.33151388324152775,0.20615053832047164,1.0263819982991995,-2.026147224999782,1.9628967064372345,1.829343672486148,-6.507310813295791,0.7594747246711971,-1.3838728611082436,8.508561399947633,-5.183455942954839,1.078040781350226,2.3376695501319826,-0.5916494865093878,0.29703907310460553,0.41840894733109013,2.6302224054722148,0.04695931605392087,0.2837423618340094,1.4786525256069725,2.2170684201449236,5.1578838841292,2.0088255698289847,-0.0011928471227170279,-1.7912785233381094,-1.518767964617763,-0.4568767846630609,0.4881523195293054,-3.1701052388927478,5.264225661140194,5.613300572504705,2.5189254569428607,-4.405830608342415,2.2170684201449236,,-4.508253098392592,3.1354495327326433,,-2.2589388418023795,-1.8970344977205265,-1.5617007835403933,-0.5188754588386213
1976-02-29,4.768104267157083,-4.609510853924605,2.72840577135093,-2.1055898081112083,-4.594871985006939,-4.0605766435335555,-1.7428096427866233,-0.7932908595232537,1.1609618385264162,2.4945905300756688,4.45040361831158,-0.0015556553863957656,-2.044570949985425,1.5726874074755788,-1.7949214885726672,5.748088827277516,5.5275530471077925,7.277731303447758,0.39408427456770584,-0.013678926095741006,2.842298110831505,0.3337073718662765,1.130363326163021,1.6394657596722169,1.5638453786869506,-1.5356779557849392,-1.6678112176627948,0.010698157443939565,5.648717557891501,3.153279301902529,-0.5411842334398018,4.723452804867924,-0.7424473782267609,0.11762213336640398,-1.5882349589246139,-1.868044198224485,-2.1504030573171766,1.5638453786869506,,0.2224538758236686,-1.1315777550048787,,-2.747866230730601,0.9723102419358369,-5.287875786131256,1.4384392259815653
1976-03-31,-0.5522843717611172,-3.6257419574169245,2.653619733750254,-2.2471855823376448,0.48832269347372576,-2.553004212273323,1.9390706736817733,3.162421702001771,-1.2469607693797706,-7.269339070987023,1.0937180438073295,-2.272016142470296,-4.967925829154433,-0.7821073269120233,-4.696801760760219,0.6046691648373905,-7.388132207518506,-3.5627977292247492,-0.5487117767187775,0.38487409123450195,-0.6338799072133896,0.11867180525279558,1.0466442820422899,1.8840733925389361,2.215873345896671,-0.6060094355889485,3.056784930720672,-0.011793118332052127,10.175110768202062,-4.065058829912247,-0.5841834965759893,-2.8955763053955788,5.09752375572556,2.566363571377971,-1.382685630091557,-0.6478819057099907,2.849698194853532,2.215873345896671,,-1.7970053017708247,0.3990719704140094,,2.5100646982375037,1.1340157021755732,3.180142408132569,0.9055037628939833
1976-04-30,-6.061898111185877,-3.8699232793423124,4.129184907253209,-0.3095195051151053,0.05492479913691645,3.2237852838487013,-5.4043385540374915,-1.8924728203174679,-4.944136152691956,-0.6990102009185603,-0.3040627167263904,1.5246199506697904,-1.4302417859527727,-3.242348867678033,-3.0093991767729817,-0.8146494675181072,2.952017253625303,1.3996164436743639,-0.12226764489350817,0.5679999808717425,0.1556274438601264,0.16273431338995953,0.46085117956050414,0.2472213469031177,1.5540165652288862,2.6523240509048724,0.9087519851707712,-0.007489853779233294,-5.190417940274261,0.6183916392143504,0.5984034899554945,4.530833899519128,5.155554644388274,-2.0084646781607485,1.4798081169046262,1.0689679847737859,8.500790149961365,1.5540165652288862,,-3.1917276208791567,1.6001372455345053,,5.709523917657057,1.0487311028335453,3.325315677068385,1.8587620782970502
1976-05-31,4.787548353475352,3.9942774429788557,3.678185413261672,1.3066826989792921,-2.3124461497691984,0.44261917762949743,-1.3230122516151805,-3.3839567988213166,-5.74567775974969,-1.1776816256973162,1.8551309648056724,-0.021382614306769382,5.631674536213073,-4.081448629873401,2.1354353594558457,4.079613283797793,-2.8217060517305637,2.571761933137254,-0.49396555738290404,-0.2436878876823547,2.1030558303202564,0.17304988445117295,0.4154120715663253,1.9982867688519734,0.2670365097985815,1.6295059080634011,0.700494117934244,-0.00825690958010751,-0.3855097530933259,-0.5076845482096892,4.083272812729292,-0.6714564735471569,-2.7297681111616283,-2.7181755241678918,-1.384826951210367,1.64013928438731,2.226995477943688,0.2670365097985815,,0.8772131488835657,-1.2916964464755358,,-4.1795964329144,3.8254336476421544,4.197780321142481,2.149475294553035
1976-06-30,-1.2936190249351656,2.539230251885268,0.2709122546001608,2.8010213991189907,-1.9134454041805165,4.923438696557804,-5.150485404242413,-2.937736179214778,-1.9390778364866543,-1.1349793079072323,2.7194435190681965,-3.3846653476193485,-2.7499137526789177,0.6915004968860792,2.0444528160890663,0.48432173143709556,3.3438058747954598,6.333494887225163,-0.6733161757409896,-0.06151001453057425,3.328226656606152,0.06550162933819872,-0.09189396321621479,-0.1244073978826252,-0.4668583541365105,-1.259408915394411,-2.1761117043067126,-0.0039039069420873096,0.029877529435046957,0.8094954344498524,3.7603133559505117,0.6779831168110644,0.1657669066408211,-1.5458968338100947,-0.8239446607014878,2.409896120492016,-0.6418040075137039,-0.4668583541365105,,-7.881552440225255,-0.8901220195964998,,2.0848793713278244,-0.5394486231457432,-1.5737205034789088,1.8185922295123518
1976-07-31,0.6624762627050583,-0.9746065684826982,-3.1901034723461077,2.46468266159121,-5.065751025655346,-3.6955969559515793,-1.6339898156039352,-0.8643408510237071,3.546257881494026,-0.11354416654155772,-1.1725857283847134,-0.09993040146738294,2.6682760827179033,2.04232867495557,0.995796542212365,1.4362307233649938,3.1583194868026614,-2.0432451934234006,-0.6075401264025214,-0.05459855328904681,-1.096496539556363,0.12981326742266622,0.8850479386686761,0.14735594852959852,1.710919785834678,-2.785434955647903,1.1102919516633314,-0.016408554115486043,5.565840550822167,-3.262059576763814,2.1555252592809406,2.8648326372356365,2.7686278652549365,-0.46855021102214756,-4.321740205622047,3.36109960466888,5.256369747837822,1.710919785834678,,-2.5382772115916623,2.2904247928470127,,0.4695572798587144,0.6190413256077562,1.844014354643041,1.7030354567832358
1976-08-31,2.1865013420028205,-1.6483748061393477,0.9951816374042778,-2.7054884272899886,0.4480327982016947,2.666611912947907,-0.9421341997595467,2.5253597064035644,-0.47408345630229964,4.961242711178195,-3.3803199499627574,-0.2014567334801903,-4.904623884656419,0.8305975693632238,-7.2325323641435295,-3.8498713384534557,2.0037550249824023,-5.896449691362756,0.0029136744903194567,0.07400184927978817,-1.0853449919229956,0.16350644219123298,0.1639723693177618,1.0414575650195232,-1.804297355777862,3.6078014921765242,0.042641966240945406,-0.0025369888227179255,-1.940539690027708,1.8345687795298629,4.350663014234337,-0.3854797394913706,-0.8245041070429883,-5.2090163580857105,1.1335508809172894,1.5285174043011975,-3.0070319087112583,-1.804297355777862,,-4.535589855685053,-1.9103557203860733,,4.148364945196366,-2.3768776859447107,-2.813565067776621,-2.990701574785644
1976-09-30,-2.820474236884436,2.167804908369053,5.451830344531155,0.882489626561321,0.3236462510725169,4.610812921404611,-2.450246082276119,3.8806278447573774,-4.8044278520179775,10.517776258474532,-1.1070672183354766,-1.3045556560587896,-2.7703973229011303,2.6756556000310585,5.670920072713809,-2.6398580029089307,0.9635367305543664,-7.85488327988842,-0.44857962307815347,-0.5901237413229831,0.8540442736220576,-0.06774511739099673,-0.5970731276951856,0.06869943430270345,2.314780869360461,-0.0458267158766303,1.9111231391479686,0.011276061851775349,5.070459727606928,-3.579350513907767,-1.174824537397686,2.2669942948121715,2.0163337912276664,5.292097735351322,4.614543797088167,-1.0831632043635122,6.630314855176277,2.314780869360461,,-1.85547530431375,-1.20955319394178,,0.3090283033579674,0.0351029515309752,-1.3523544222439843,-1.1447991839041145
1976-10-31,-2.447359332476229,3.307258273358812,1.259130839167007,3.6196634443884848,-0.6774880840864911,0.7902779280525783,-4.090192858389483,2.9456975779082524,2.9661149405983425,-0.05691292976383436,-3.2285575912043534,2.032193481919211,-1.7810389171238081,1.433362305980262,-0.6451794541455892,-2.2826252430982183,3.3250331304750382,4.954157629722135,-0.7066831122631402,0.44494397183721934,0.17783040069061687,-0.15593440309140852,0.3845350520575511,-0.7324336896803884,1.0754438532993,1.2110583025697248,-2.4260928328372464,-0.014805825166428685,-1.7263587070355069,1.2183386065015922,-2.279229636657942,-1.6525273457224174,0.021144660281355726,-9.811228979902523,-2.1468810323892424,4.708642956206283,-2.690763404087057,1.0754438532993,,0.7537514079355642,1.425213204355303,,-1.2847213884902513,-0.8610126676658342,0.3368753485256355,2.994918746005872
1976-11-30,1.8928453181844125,-0.0741291701648712,4.078361220121566,0.40242646211836175,-0.2780261254718718,-4.663164070731639,6.124386088598615,2.454395668863697,-1.5521679700982571,3.9278098383425974,2.424073295423248,2.4135125984529053,-4.198115286202323,4.929711804454444,0.02831862793786588,5.722892862618267,-3.7956407293173573,2.100468114647829,-0.44204514907331693,0.35722243176161117,1.158853236325716,0.01517724581594998,-0.41748849778446123,-0.9197292081764623,-0.6120357083377896,-2.393741219560477,1.0015429188928824,0.0029092105030393556,3.933417236488712,-0.5012105402340425,0.709785288227276,3.3078499253336635,-0.3273748280230303,3.2030897325532295,-5.182602387248587,-1.0704944368786573,-3.4805577344273613,-0.6120357083377896,,-2.369655355394165,-0.3256868704685475,,-3.5702090428929307,1.6889291890047051,-3.9343642576811892,7.341634711181594
1976-12-31,-2.6945523853216446,5.07693975829266,-3.059735194956812,12.37915111068903,-5.054159130344956,-0.7641851571701498,0.8084426891606363,6.594822000971739,-4.096694645700813,5.8154746207875405,-2.711431698674677,-5.590138856297447,-1.829244259817271,1.055200729880404,1.8552070343345324,2.7432214495668092,-0.46684914049682824,3.721595528734225,-0.21946683169676126,-0.4482613728243029,-1.138220887451301,-0.07258527777771262,-0.5530357819241783,0.16945292847886864,2.0635068295762173,3.1916832738777083,1.9676770941593051,0.012758308937896895,3.3823225681276234,4.990224120025671,4.464904948442458,-3.4042186931621647,0.6785952587453584,2.2231762609598475,2.395515711052806,-0.29283063074018956,4.842506591549194,2.0635068295762173,,3.5949566561877355,-3.185165842807436,,-0.05070822168426789,2.157357297357658,4.388132214896645,1.38338134191113
1977-01-31,0.8185520429304427,0.8521114730011949,-6.996819125199158,-1.498142748202318,2.835840697703865,-5.802367677749903,-2.267870611179781,-3.5426673500037187,7.695628743479831,-2.7545461241753446,-0.17630096890919605,1.0741483567120504,0.9228965344407403,1.2350362866141409,7.328020811666358,-4.523107563870377,-4.694715828798386,6.565544294911246,-0.5335730641181258,0.16986436403369504,-2.9821886283736485,-0.03468480041801941,0.15010689583804743,-2.3181926592488673,-5.935959309223306,-4.933653554960656,-3.2609765766523675,-0.016874337111866228,3.565247189888365,7.248924969508396,-5.385952678050816,-0.5137158687280226,5.306946479366669,1.0700006680689647,5.672820745106446,3.299020443974339,0.281112723931433,-5.935959309223306,,1.265746743623078,1.5321340728369297,,0.7471296445789151,-2.6197426018669776,0.7771388504040422,-1.6896720611123077
1977-02-28,3.9503806623358586,-4.030458876009184,-2.3855980336210845,-0.515336751375199,2.4864847244158748,2.783580623538401,8.197743997153978,-9.112786579422488,0.46876343939278525,1.9908062106998248,0.28527062363480676,0.11919148260991347,-1.6349520417586219,1.6520514623194995,-1.3508102939958264,0.4900260488381874,5.6581300954754905,-3.218008057081334,0.21142516653068583,-0.1146863440205777,0.6286215957701842,-0.051285467596971,-0.4491231813594335,-0.3461648430051577,2.6116633712335546,1.3077330478227744,-1.1790026620225715,-0.029690536572756387,6.39960145852556,-5.69178091063846,-3.243614130359465,1.4312204761958809,-0.7647805282830142,-0.7484388062721001,0.43458183693108604,-0.8291517009263845,0.11109661631796708,2.6116633712335546,,0.0144191289706041,-0.9769680737779138,,0.7374822787670052,4.254727033418824,-1.4982005336939979,1.470332171831135
1977-03-31,2.0594144721951175,2.323510806159654,2.7348647101786208,-7.2776498469522615,-1.588821999167083,-2.9333805917548266,0.0894003966950423,-4.333456038406334,7.294209654483547,6.145795514791246,4.991370889887289,5.73300837329281,-4.818472625402645,5.958085262684904,-3.090729448973659,-2.4748921935486226,-0.9824554235043212,2.0094693735620743,-0.31127490097714716,-0.009411727691248206,0.018009898291954707,-0.18956941438109773,-0.7584320243947665,-2.0759624332391904,-2.430630556168952,0.7151891320844663,-1.707514241127769,-0.015560723418460903,3.339470605956917,0.48350031188846276,1.0719886702821282,-1.1629338392111144,-2.318722428914096,1.2483620355290286,1.235814353598001,-7.117465435743076,2.4607186535511065,-2.430630556168952,,1.556705167331825,1.0682577162848244,,-0.8618577552197606,-4.632671496696016,-0.8757569603227859,2.818211749952337
1977-04-30,6.052400671275924,-1.2229604918083021,0.9875335183714464,0.887621398508843,0.6149272670392976,-8.893395250332965,2.233124926805958,-5.494561774126848,3.0242070522586517,-1.9945202309520604,-1.1475275290193296,0.0034663637737348263,-0.9546264066021533,-1.1857750662665576,-0.36845930444690284,-1.6223303726576004,0.5689302111152925,-2.274583522982623,-0.49415461609627037,-0.2695925981811617,-0.4631358404696804,-0.03710510445248788,-0.5752329589003093,-1.043191844326721,0.5692645061618804,-0.21856877863608754,-0.4015536104424445,-0.003072503621725342,-4.760524744660619,8.93850434277905,2.811978892618958,0.8512595238343375,8.429663311933826,-1.0599459290721478,-0.11602262870512042,2.799296720823242,1.2944567796384692,0.5692645061618804,,-2.178218105942393,4.9592326377366795,,-0.43423568492508974,-0.19318407361049678,-0.604287715124405,0.6607167423985905
1977-05-31,4.711415067167753,1.055572980290619,6.960092207274675,4.623139316114011,2.157279155399351,1.1749242329254679,-8.183668171594329,6.713391285138288,-7.6098383841235515,7.577545706310888,-0.8213214064965559,-1.8308240934440514,4.650946871987911,-2.673743466357781,-2.615422369220303,2.1993829494166026,4.929194970889534,1.35301004901608,0.4001251232322418,-0.2897508644144291,0.10924357632036777,-0.11533773268698493,-0.6579570765679986,-0.7632632435297048,-0.34806377534904653,-5.207546836031011,-2.562688240377974,0.03010583327100186,1.2969147302665611,3.249929527323036,-0.9069262236397252,-0.5127822844515298,-1.1996184660503673,-2.0865929101930494,-1.152832897126951,0.8269566529878971,1.0625496713675715,-0.34806377534904653,,0.039312743176356996,2.6777063447713347,,1.0517213865390846,-0.8390543375240066,3.131858535467103,-0.7496536580890568
1977-06-30,-3.2371477984266024,1.6320674443882068,-0.252594602421301,1.953069985725186,-2.2722136530126593,7.251713570336672,3.4039584672725334,0.2872706191779157,2.4158708439817147,6.824997934982716,-0.00019379896660759455,8.443669245132982,2.8946303619260365,-0.9195899008028432,-1.4100943999254842,-5.273068022867596,-1.4573844106571858,3.032729262905424,-0.1980223934986673,-0.7442613060347796,-0.2531136143485874,-0.1491404020559921,-0.5730215136758836,-0.44388404003453397,-1.7268327764709737,2.1895904227136,0.5044475441575516,-0.020478453246555894,-1.4536076948428194,3.2379266225758556,-1.673343543518625,4.226085188538903,0.5371428075765414,2.4462096627461474,-3.295217512595672,-1.6946375740418598,0.5563237246773971,-1.7268327764709737,,1.571030570218039,6.298124854431817,,-6.20247941396697,1.5008854470578197,0.841381901965093,-3.0114694744000956
1977-07-31,-1.4167151487408916,-1.789216851140691,1.1379396865601616,0.2741253592676671,1.3865356992302689,6.173608630710925,4.353520944113643,1.3208242713071405,-2.5025068445357044,-0.8895492117711283,6.425227601189369,5.024818444076461,2.6803512535505463,-0.10770678068167014,0.35206764405124646,3.270710093668272,-1.331371580196781,-2.115233885536049,-0.22453423894829358,-1.0719268682527934,-1.5938249110948763,-0.10369981711305412,0.04031454946145757,-2.2199959468895427,1.167762203809889,-0.5369571851127651,-2.8461778808344413,-0.008895311558177549,-1.844810904472538,-2.402912980092422,-1.1376728176356248,-2.913370181920237,-2.8712318162948187,1.544539321290378,2.46561010726197,1.9373858850933792,-4.229120360878123,1.167762203809889,,3.2101241289880313,3.491698474899823,,3.8228602123090005,-4.930017531454491,1.8263003177069501,-0.9510128587459041
1977-08-31,-1.6755745167488687,2.601655585910724,-0.5558778617917806,-0.6673914076270435,5.512034392686781,-0.05828328393057877,5.559941910701443,7.1790253239597925,0.28450013814588704,-5.162656495929679,0.019862706490405252,1.9255369652364032,8.062094210628596,2.725673424895099,-1.147431017627999,3.44782834046336,1.3529839739068337,-2.955814249285809,0.5608458529165523,0.073508133783345,-1.6538590359000365,-0.12650871828100385,-0.3089275368378203,-0.11945742820042787,-0.8981838147864749,-0.6444464087407669,-1.4260719517793354,0.02169829083809066,4.43774873482371,-0.6359707213268984,0.497076793309012,-1.7116710169909761,3.0429848148312613,0.14259257455457122,2.183338924037229,1.578719077635396,-0.9058307821314435,-0.8981838147864749,,-4.251209037012265,0.581535370705338,,3.5501094612824144,0.8407440623125642,1.8237690267493012,-6.950015338920394
1977-09-30,5.882662438784333,-2.829164442241569,-1.5703931207407702,5.594401443839612,4.289585267032472,0.3812551369350294,1.97373534393926,-2.5535705764050887,-2.800915694485386,-1.170789930573644,1.736039481586831,-1.4121828667289555,0.9911416508121431,0.49229342709016105,-1.5740021176185828,-2.7352763459751754,6.264025257349305,1.9523917618829898,0.33208540285657245,-0.07600116561067499,3.574810389610401,0.023699805152213094,-0.9344246502634581,-1.0329874193077915,-2.8554770583418523,1.3917054613440227,2.342583358908536,0.04324804145081096,5.045616121310787,-2.997436778978905,0.35469523671164943,3.5254316588473142,-0.633368645387862,4.225443091076389,-0.3552739779670308,4.209198863097869,4.046276361788201,-2.8554770583418523,,3.030893414235683,5.410775750338546,,-1.6965564847914256,2.533766309354647,0.46744876188598333,-0.12884140522460535
1977-10-31,-1.3482059916252727,3.3902367121858488,5.526474280681393,0.3379002703078189,1.4748112397418898,5.30742300801965,3.825550743920622,-4.808020349225378,2.269622236318352,1.4583782763467883,-0.558259043350412,2.6845382784490877,2.681077921093683,-3.908548970102992,-5.817829110823595,4.082489776333306,-1.347467496464275,-0.44528942068271105,0.35539224096883737,-0.0394351086892627,-1.1106578444636854,-0.09909340298007861,0.23294984331163693,-0.9258131563125904,1.8540511318350488,-0.8757596309435469,-1.1756887373119271,0.016795441416524864,1.8577828988438054,1.1543244087149227,-0.27734106364088984,0.803942987042482,1.639475345945435,-2.84726497174138,4.441815260908272,-3.268385991155335,-5.022779670115674,1.8540511318350488,,-3.7619195151255864,-1.365368884110726,,0.9895489334425264,-0.0895537294707841,2.59895856380753,-0.8755137436212185
1977-11-30,3.068529424320691,-1.1572630252836968,-0.7193941736718842,7.25323416018906,-1.299178296883853,-3.323814977923902,-4.346607507612597,-0.2797971663290628,1.2898730605274062,0.044772114800393364,-7.008618766088209,1.1061359567834037,0.9206791816290157,-4.2755286213063535,-3.1771010332751515,-1.3432513936495831,-1.4406212575601671,3.7154918370959895,-0.26346035129620893,-0.8519246533410089,1.618540226020207,-0.0699186760863871,-0.113433998419885,0.11869919180856922,-1.3208500270364982,-4.743147103111904,-1.7673858169505696,-0.00010833862958453677,-5.765660399974202,1.9843863816365435,-5.080189445328396,1.3205345037767364,-6.44985766265718,-2.499386001040601,2.7549317968588998,3.7891192360748023,1.57834114354476,-1.3208500270364982,,-0.09695041770143417,-1.115695328806921,,4.2895676354668035,0.6891811301433676,-3.2696023772101936,1.399245440342073
1977-12-31,-1.1124451421892445,-0.48317065047449637,3.513241484960384,6.640186719043895,-0.38969442858578707,-0.8234888186185008,4.02773643422684,-2.690083545249247,3.167592470697579,1.2416707485814469,0.26224635814139985,1.0432136060747232,2.7549237010006116,-0.5144746107388061,8.081050621688735,-0.7519434516946731,0.7643046044448945,3.274365463836694,-0.5655629984416097,0.5131972662309194,-1.4065967431756055,-0.027542175675072167,-0.23914862505644885,-0.26220970389128667,1.0458810626389952,1.3174026035935964,-0.20415332746192136,0.01327357944033225,-0.6552119119375048,-3.9245190383739854,0.010093070282256311,0.6271927968461086,3.275643019412181,2.1188410454321174,3.338023702415506,3.448824678799057,4.961225102062043,1.0458810626389952,,-2.0019493795062093,-1.2702752148655574,,1.6710891875404505,-3.335601369822295,1.949887939543443,0.4213610958470805
1978-01-31,0.46155787441626595,2.51789003981366,5.622765115555965,3.634927069528449,0.7537003784748153,0.9280847400471649,-0.4632355580224091,-5.138634579482863,8.477021165247818,1.9843008998932927,-0.6433358368051659,1.684977773884721,-1.835655864464777,5.924179369912563,1.1454426235773598,-2.676209033861101,0.64313596149237,-4.25774677865185,-0.9075647225280755,-0.45699357812555264,-0.6321059270504389,-0.06692249144178855,0.2025310051127133,-0.4160660938768508,-0.3577749031580497,-0.44117713290547955,0.5682566131537297,-0.016166454092168048,-3.003068032821686,3.4671385904042324,-3.5930920918108087,1.3667447153758276,2.1613828284847076,-2.9417910314307396,-4.7627911793410735,-4.6853622555190135,3.7474637624364084,-0.3577749031580497,,-1.8726888558955834,-0.203165678859114,,-3.755333112028882,7.4781300823315915,0.4200540751020092,-1.8378804370544222
1978-02-28,-3.491435542595667,7.887100243818958,1.0118064461344471,-2.137779720115363,4.13089152583388,1.6903711508786126,-11.384514010043029,0.8707888741189226,-0.4229857744523844,-0.9946616889041057,2.9184053175365903,0.9939892781410634,3.6650527777498514,5.003530692873903,1.931917447964195,0.12830561351763503,1.9519525477994648,-1.6606250388488961,-0.2604999726383418,0.4955497292374299,1.5976108630855839,0.03747797188182428,-0.25618977668061277,0.3591700953894108,-0.19295134155855187,1.2384990730212073,-1.755139358905708,-0.0016055554258039562,0.1599204966198723,-0.8971245607056301,-1.777582411642189,3.2909821619337265,0.9996854706494375,2.63033370786561,1.35885228011225,5.989671951250376,-1.0330078311930024,-0.19295134155855187,,5.962784757295722,2.5414301818163825,,2.609013030195012,-0.6637305823503685,3.0412118504613144,4.00741391718106
1978-03-31,2.429622575687496,0.4416778088540044,4.241780271016841,-2.986430532821942,-0.6750581928658157,-10.020917035496478,2.1206134245250334,1.738250505975471,2.4605192092635693,1.4371944187812116,1.7088372238562552,-3.9536460723764146,6.025414881698733,0.2901767309964545,0.004265230792975028,4.52325752736098,0.2973877426614076,1.6670580459992947,0.329690578326644,-0.3792808262602227,2.0692046264579362,-0.04877957832294727,0.010194442058846204,-0.6397916706869367,1.6838824006065043,-0.5178238449611441,-0.0686381910288971,0.010260198006194793,-2.7154015131055695,0.3554774965867938,-8.211538019671524,3.233983420964382,-0.5125138122089361,-2.1545222513917928,1.1475514589279623,-6.055886361965101,-3.347860485096038,1.6838824006065043,,2.2853752879106315,-2.7221814784345106,,0.5605757051827962,4.867618766204664,-4.778962677885859,3.631128060642985
1978-04-30,1.5089669345480736,5.086777541441317,-1.3996590900423957,-0.3281125821393929,2.6182787025896332,3.460698545359979,1.1765052767515691,4.071000008754813,-5.502738359189935,-1.7281164810887661,-0.5246494011748482,-8.339550580939742,-0.2595704624777729,-1.8366136355727183,3.475536255009586,4.5076371924699865,3.092351002062061,-3.0620600143957253,0.076637631557466,-0.4827336656802658,-2.6367034586191207,0.1449216091033353,-0.11777135795866919,0.04140469380575468,0.6595453244748741,-0.12596056735216954,-0.4729780481025731,0.007609392055861586,-0.9607613668450998,-6.659891365312045,-0.4418965955180045,2.932159156296491,3.715221605498165,3.892929143211878,1.876322606262989,3.8187656860066768,-0.5176277808830534,0.6595453244748741,,-1.553991272956609,-1.2305300920272926,,-2.3140696206154536,1.3324181030113114,8.514125004768161,2.6332757826175532
1978-05-31,3.438829316726366,-1.1393395964985384,-4.905030945455327,-2.131576824898737,0.7148967415269867,-2.0168374041389328,3.9525112818166823,7.980002899069919,-5.190434064693197,-2.2406955987501407,-3.1177741445359004,7.110895237565806,-2.26399635161121,0.12484744915264809,3.71874573255348,-1.2535233007178233,2.221170183772003,-0.21582981262213582,0.09730113229902296,-0.4980952451493976,0.3958201875451862,-0.000746213643774557,0.4416374563274703,-0.8412468382408077,-0.3946530722985875,1.7876003468000337,-0.12473276942515661,0.009402128133638277,-2.746305955882959,4.965481786953148,2.0446201716412724,3.7573088205882716,2.3162383690314052,-0.3420185495067347,2.9185792637956722,1.430078576615647,1.3641050752410744,-0.3946530722985875,,-0.7584100935764465,3.992021449510001,,0.2020455698235358,-0.9214732484749385,-1.6008380294835176,1.2471822840783522
1978-06-30,-6.143704661935985,0.6802431054338519,2.8213513687314533,-0.2411504383907079,9.218976143196194,2.6526811145490043,3.9991494464794344,2.5823148675364838,5.212746816668799,0.7887152894751145,3.910091111235389,4.45604104406152,3.9769337552295307,1.6428673495646824,0.897557739232771,-2.820419236467003,-0.9850976030619536,-0.20431025263298094,0.3177598779438663,-0.5597718318745913,0.6544316306557815,-0.17615456698355683,-0.5672566095016736,1.271476500661666,1.2876803450808512,0.9538859454389447,-1.188929312596822,-0.01656032293217355,2.7069109254398276,-0.4779274210118364,1.8780553533401545,-0.7155218925578568,4.1637765813167285,-1.8522106005949592,5.893925858157095,-0.35097389675392754,-0.04500828924177355,1.2876803450808512,,0.03517498505996944,2.444031287995824,,4.171002672496521,2.2760206804452143,1.5574184860960412,-2.009654741752462
1978-07-31,4.503393784104412,3.9382048059004546,-3.301125926795765,-0.5156783304824926,3.3782275702200577,4.871966324127075,0.7995252144581431,-0.95326629367376,0.24700097452484185,3.4248137486420083,-1.3801211634938622,-1.1877659634346347,5.296292611078688,-2.65338936700918,1.4942585025486277,-2.2228818209478933,-2.2398380763603343,-3.324205940756441,-0.7091651540563733,0.2795043132246604,-0.11218471711280453,0.06554150052291399,0.4299507156230826,-0.4538530141411364,0.6447833061036002,0.6408213021698277,2.6899450430727714,0.016272993917077788,3.0323526353933294,0.6166701176238818,-3.18362412185649,1.4774976530097603,4.022202330687489,-0.9676124736716861,-3.3219561431819993,0.5113030917398809,5.2511340352282545,0.6447833061036002,,1.6035069893507081,4.52612728536006,,2.448269774204382,2.7732158462675245,3.1344113638954223,-1.5192654501106782
1978-08-31,-3.2242763198291278,4.241498468621716,0.22004246772788555,-0.6307680788225893,-1.4320308220348879,-0.8625677912858116,1.8033367397415938,3.080726976411573,-1.6296843163420258,-5.878213753062604,-0.9582593366414462,-0.5578213822134115,-3.4532149651577235,-1.827543274811033,3.0527371055062713,-4.649592456249541,-2.0748984056501345,8.609581366240407,-0.48819090690754435,-0.6172313187713454,1.2133620006235843,0.0370721186072433,-0.09203343997647345,0.5490581302315687,-3.322905602260324,-0.5852784690010727,-0.027755291211506578,0.001352514397196275,1.6472033771920813,-6.353894399765344,-2.1475868346181435,8.369902266657611,4.560678468934436,-0.2407873262837606,1.677202470017874,0.47582010247474166,-2.1647306166444107,-3.322905602260324,,-2.5302652253142934,-0.001842712933118329,,1.2690666667917907,1.4274325939973866,-7.129194782680081,-2.552082670904164
1978-09-30,-3.0961807447235548,5.016311017299946,-0.04456934815203961,-2.873363647208576,1.406721314527248,1.3297239866237862,-7.087390158390317,2.369737902376401,4.576139943025397,0.19527669425237826,5.8389923532449775,-0.8945893047243,-6.076399114735125,-0.4901700827926859,2.526092276933699,-1.8046779353205151,-3.200916337612666,0.9675366935202571,0.12821025846080591,-0.365328825812936,-1.0669905240079531,-0.04567322167692653,0.7151045254421141,0.42129856640201,1.5357259642386945,1.7061558715432898,-1.9116225818976784,0.0038600451193397667,5.02477235955113,-1.6471276107118076,-5.622438626237323,0.43882846418560373,-3.8232683793110853,1.47047015224055,-1.2322113331280424,1.3991433428373132,4.231564454365297,1.5357259642386945,,-1.4949193299098793,1.8896915511543622,,-1.7092345596039955,2.028319075200499,0.33185902724135585,-0.7027215470917118
1978-10-31,7.204556323902006,3.1508931530712374,-1.6552311268636177,0.20526816965033212,-6.298773573007301,-2.040220357708942,2.352170249502553,2.6215082944167514,0.7450194825484846,-1.0469045526286507,5.157953500698714,1.4451844535315825,1.351810200165138,1.5706880722638485,0.23193001729195256,3.140551776624916,-2.677023496599209,1.327786482283871,-0.06712367236281452,-0.830221863657923,1.4633715084434105,0.04405459472675871,-0.24906310076397992,-0.5605772895522709,0.22115946957999233,-0.4204782768195007,-1.723569104740074,-0.01760451399029253,0.9338100669128511,-2.1530758575704056,3.0429060664215752,1.4420297747852462,6.1833565918159135,-2.6892974816423374,-1.561226879958002,3.4833916719652107,-0.71134096903812,0.22115946957999233,,5.018041388935263,-1.6521530598648644,,1.5852200464513917,2.4141424767264303,-1.505361940382915,2.8726963268708463
1978-11-30,6.735580847669724,-3.4296452833533673,4.77840669982224,0.14609277748337357,-6.546595410904849,-4.710370875089476,-1.9297428969468815,-1.2077222258427043,2.2038934889750363,0.480410790857349,0.6599285684046055,-9.650578254313626,5.598523942858257,2.0991779082693403,-1.4559040580802178,6.91440019150434,7.618002638725585,1.9829772572544684,0.26079343882863754,-0.6334677258742434,-0.19285534298690993,-0.08742204169491741,-0.4458575118093167,-0.5625605943238695,-0.2450377205052388,-2.4649678828840162,-0.48535440525059315,-0.017480104378030686,5.383995781126167,-1.24301186806514,1.23682859316565,-1.60091583028573,0.437205724951684,7.228798067875338,2.562768820773256,0.4316269137969511,4.032879384408869,-0.2450377205052388,,-7.840131023466907,2.3725410518402508,,4.183717537774207,-0.10787281353963107,-2.888980782145445,1.3374186928439287
1978-12-31,-1.0750471810026854,3.588739723203669,1.263636972655548,-2.119856287782476,2.260241126114548,-2.378330717074933,-4.922015079876907,3.3571331664900326,-0.4787212524226248,2.944977945954527,-3.64768328083402,-3.818458392075103,0.32053224846377965,2.159716253628245,6.992996424371404,1.8379571044201006,-3.1262662005017114,1.1917830978950674,0.07388030313075672,-0.8290078364883391,0.19549739137912298,-0.05162625058360987,-0.31270085505676204,0.060564312559389155,1.0012057350815469,-3.14476681376853,0.5772731204194523,-0.01807691014777188,5.552580528514603,3.211229453297521,0.24296221225345643,-1.0202880743196252,6.6155690102584845,-4.6077959408635065,4.5247808020153455,-0.7208235434842036,0.35066184463122657,1.0012057350815469,,2.353150719844213,1.8105585582463142,,1.380718922218381,1.8389199032720105,2.1914094613880266,9.690701240041657
1979-01-31,5.471332444733619,0.7204084525328414,-7.431485326623231,-7.944143966588938,-0.5930475495740666,2.8949439499565943,5.229453696782096,-1.701700307650741,0.2963120793011635,1.1513827781401011,-3.033829065478978,-1.255481692298093,1.1069024006321853,1.6348540992774028,1.0001284513338418,-2.896785138926879,0.6851435564805621,4.755906953777077,0.42151788415065167,-1.2422789601860107,0.26393655101228114,-0.1290882784046347,-0.4731050410248383,-1.862268722930403,1.8862831673698544,5.713030018508827,-1.136424856583046,-0.032180089731925376,5.661096071837277,1.8392173282007886,3.4606984725720573,-2.5094008292178147,-3.9832954047735503,1.8462310133890243,-1.9978924949808008,-1.6579694138884593,-1.1644068311263558,1.8862831673698544,,1.7773957327367305,5.232553566103309,,0.14246070989522686,-1.1261896913377807,-1.6252106236839523,0.5151164895900364
1979-02-28,1.893548450551036,-0.46538329534437534,0.35940633056090016,5.804123825344238,-2.3363096918598862,0.3000531142252158,4.6706569936618365,-3.553989101568296,-1.9110540065852857,2.5063141155003756,1.7410940306990619,5.216546207620006,-4.041980163249721,-0.6842217358970044,0.5645187758684693,1.086884418234566,3.274021039637215,4.1178013000194635,-0.08098027346030762,0.4398318446882538,-0.35267553081497216,-0.16988591128546754,0.0667646105143459,-1.3144656033622062,-1.447244439648487,-3.111051728520778,0.5370091493492355,0.013782683538018481,-0.5293095369818148,-3.7671558051440037,1.201586479284209,0.04544373428385967,-2.7122113322775636,2.557110083742138,0.673071473645863,3.165108759401432,2.8218250824786124,-1.447244439648487,,-0.1594382669082312,-1.9757732242233583,,0.38795731153829954,2.7523977925938024,-1.004277177775766,-4.238885984493437
1979-03-31,5.4843633636571285,-5.8235144941031125,0.2553953238342135,0.34965962095061565,3.8597207119423933,4.093456020699139,5.261405094397867,-1.8107412044421722,0.6538109701550031,1.8744398501995114,-3.8017475210365554,3.8444275943172315,1.1306166905687203,-0.9843012128717349,3.0469249466171995,0.0872280850030529,-3.986288701649627,3.132216313438895,0.11872262234340969,-0.3633354005474092,-0.9111730122064771,-0.06422711624114769,-0.9988874297825333,-0.44543166845459337,-0.9223931753757726,-1.6645625117994696,-3.6511411042191444,-0.02288149270741338,0.4841186976484583,-6.181092635989975,-1.6834137580754112,1.528470145100144,-4.649611200494484,-3.868137879262875,-2.34456006208941,1.1568148007195558,2.1701082036074153,-0.9223931753757726,,0.2113299407970427,1.0249012504281438,,-0.3561039658522176,-0.2557690096105788,3.4096243487131552,6.087049404249517
1979-04-30,0.24359815463338463,-5.304611607670574,2.004430029903128,9.211721911017278,-6.816463666608959,5.229578133322698,6.723826932325462,-3.50192386806565,-2.6205541384959394,7.182463098759158,-1.7382987623052595,0.9169477668897603,-0.4271973945666021,3.024167372449277,5.520227608563058,5.036084249439551,5.865197027262047,0.38118712958784184,-0.3259700616340184,0.21824791256650422,0.23230713935456304,-0.15716882838595064,0.09407308072363685,-0.9296473039443041,-2.4064552170968536,0.5381427153631062,-4.209622390470308,0.028955099157168984,7.204155212093488,2.561363496497001,2.000873987110066,1.9439268121360131,-0.10679119286729688,1.4047127561155113,3.252855206785507,-0.3719836199110622,4.948981247065609,-2.4064552170968536,,4.605356181251406,1.451951873689738,,3.246093898785099,0.8482735265532924,0.6921154778876208,2.26374624325304
1979-05-31,5.28282358159854,0.6116364318268519,2.4214727210046276,4.649308730145597,2.263316499879378,0.09845313474163159,5.2867588375665635,-1.902280863240945,3.425946637909273,0.1361729003702115,-1.275397377400033,-1.6212937226761772,-2.497880795630246,6.451062513706189,1.190602011834344,-3.606684602012128,-1.2822496380403023,4.124428076159267,0.2723300235890363,0.6395064438697822,-2.9371888335917093,-0.22114243761085528,-1.1286397302093272,-2.1226016540938493,0.5815379389646584,0.48725577408269466,6.7086304854573875,0.03820699927644566,0.7221168845144579,-4.913210081750756,-4.685027184545227,-2.597454521652388,4.5205198105003825,4.038921271153708,0.710893067755634,-3.138059614150339,1.2868700262963206,0.5815379389646584,,-3.7817957611038415,0.3940684723718361,,1.482314229902885,0.5257892632090959,5.475586351989263,2.896875043173849
1979-06-30,0.05474429421735927,3.400425460678631,-2.8163033691143724,-3.564338060940099,1.6759612764644651,3.556384809616477,-0.14125818434977533,-0.6528946743124026,4.5762837831078365,1.398162677625653,4.644413217771334,-0.1087483278379402,-2.85354617316941,4.319790279616525,6.058737100400857,0.6687903450601295,-0.5922504071495259,4.052681967605048,0.5179776761923761,-0.1104586787675953,1.575061359935117,-0.20606133518413192,-0.4409341070065679,-0.6170807051042102,-1.2943266699474745,-3.8948975330548525,-1.951112703387201,-0.00992150836361716,3.533206830776578,-3.5975210820244365,2.230981602157923,-2.7388596088415276,5.099032614326827,3.8958655170309378,3.2464348456136123,4.273142727569265,5.832045314707411,-1.2943266699474745,,0.8942353861957207,1.7294823605549898,,-4.058064533397222,-0.1413888118478167,1.365685588326845,2.9036141053975055
1979-07-31,0.509265643234347,1.0914432523293118,1.8773035985456172,5.265360975321073,2.8819141662696808,4.676924341087656,1.4728780431538164,-1.527317093675441,-6.278854336731563,-3.067584163608802,-4.973064816573192,3.329651934623965,-4.843950021931371,-0.8383045225875954,-3.297678432431785,-2.3914208738784275,4.5337782445656085,-2.250424037778772,0.1717408050059499,-0.22850175531194838,-1.8528114812763552,-0.13978790739915004,-0.6884981402217174,-2.546196022982616,0.3997130165991012,0.21410835235060988,-1.6040485551019017,-0.012138701046054468,-3.593226113098127,1.5965014363584682,-4.558080839113332,-1.2475797705215825,2.074176538607764,-1.949641811934484,-0.14551155092860946,-0.6587181992830377,2.26123702973166,0.3997130165991012,,-4.337265083778553,1.7228353277995174,,4.972615390635856,-0.7846667482320787,4.073058566349146,-0.8670312234231375
1979-08-31,4.01129505902663,1.6055820822541176,6.236231812376169,-0.9528616649185593,1.3933172052931837,-2.404167196442094,5.439565553417046,1.4996575143651458,3.1043682954481984,-1.2787513000944675,-3.2857800735087657,1.2466040440392325,0.1800413744975043,3.7659782535591244,0.5602891233547906,-1.955554900525739,3.7426375993867156,-0.681491665879175,0.579234422349648,0.1354001153854954,0.9391324722546124,-0.180166610911416,-0.7624064080385506,-0.48525724187634134,-1.2929946664311733,2.8701048520187586,-5.286131054188213,0.009037749797540018,4.425764992440003,3.2167854416885895,1.0977657533256149,5.95485612830128,1.1524663156617454,-4.977822478059596,4.603995903503016,1.2674836906890323,-2.873019032559032,-1.2929946664311733,,-3.6873248264651926,2.5660991852839494,,-0.8277349455543077,3.162606316335659,3.8592204613639804,-3.5298704612466945
1979-09-30,-1.9715652180352026,-0.6301987418597783,10.849538914810298,-0.32773170358087383,3.2571105893941894,-3.2281651771944193,-3.5750372629599965,-4.024038758073764,0.7993166794713933,6.827909523850085,1.30963409216168,3.8234284690527276,5.842812960411537,-0.9231886370855746,5.470438677196407,-3.002894260493657,-0.6343997490231414,1.4294009396226703,-0.15963074435295127,0.48282794675091306,-2.3079432853620463,-0.21518869348126649,-0.72423074611632,-1.3359165196262814,1.3029630251381787,-3.6925590567752438,0.6390436312950409,-0.006853696053058522,10.908973421181589,5.931038517790925,-3.6266429331173975,-0.27781335452243955,0.38269806562295244,0.3185140287021994,-1.147651063653926,3.3558351993722106,-2.4965526412218115,1.3029630251381787,,1.6043823248799574,-4.229455429035059,,-4.123691096306032,-1.6638342383854545,2.8241939935707534,5.835555313245403
1979-10-31,4.811603167404909,3.544221053748146,1.3445881446635477,-0.5753417811454905,0.5534728566094039,2.058126860888022,1.4187452430229008,-4.441928691847005,-7.762498084517656,-3.135163765365939,0.27995026687144664,4.73331579189234,-0.3323597891938622,-0.4494946461713879,-0.26092169825307443,0.33070500199101094,-0.7934880299484357,-0.27969220632643355,0.3181711072534458,-0.19786961376953538,0.7030865877895435,-0.25465958631062885,-0.5877958769014598,-0.9257767604722961,-2.835456903890602,-2.327546689619957,1.4154630707927125,0.0017624295999167372,-0.02922570640991018,2.3311997915710814,2.4152880928167435,-3.1564609256771377,-5.182294149151638,-2.4410635292773417,-2.638136266269935,-0.972489376811734,-0.6837552557204509,-2.835456903890602,,1.7587074790741775,0.20689413235433407,,1.2330065028954493,-6.6185525857052765,-2.6352629699757197,0.3704773784465505
1979-11-30,3.758787310339532,2.965175500107042,-2.1571818913432166,1.769796959383378,-3.987960744979531,0.569120101233225,0.8833685229016184,-0.22325771561545166,-0.8452855245830098,8.112911897687578,0.10388484939249426,-0.4633364115006832,3.61429285708297,-4.470382458472403,0.16733852494631268,1.3497062407915053,-2.446061233829146,-0.2005576472939013,0.8521485072480455,-0.4818152885798405,0.6211242703772537,-0.16610680232474817,-0.5602685652643263,-1.929770244208603,-1.939612035737195,2.3504213703653196,-2.4686354957226477,-0.009127745432874368,3.8047059929245965,3.0673462077679616,0.9268207596313469,-2.1400387766916515,0.7861565602406668,-0.9644083056957784,3.5302441697185922,-0.4791673740123374,1.5834751048735352,-1.939612035737195,,5.0422803959046005,2.9556605639859135,,1.6634090317165904,0.0927885125074886,1.6447827891036075,6.824623045280321
1979-12-31,4.3439123573035126,-3.8041781248155666,5.16562593383345,0.14262805786956184,5.353163080546986,3.8633535315987584,-2.1973766065790508,-5.103083971871023,3.034622510805867,-1.5694814904558636,1.8419226125873776,-0.5080906905243092,3.359846549897321,-3.3103603692732197,-3.1286441527277034,0.09717380205916265,0.101019894594568,0.3164949988809717,0.3367383714146199,-0.3428019801685545,0.22151497949322868,-0.08245891278316908,-0.3030409501465088,-0.6694614088922919,0.9773117293549165,-1.00886766051257,-2.86091331305861,0.009686371080722012,0.2915561284446641,3.0948280250622013,3.6121932752545214,2.1377340790367114,5.426520610337054,0.6387639921247887,2.7789825167319093,2.3989831295173265,2.4057355748799414,0.9773117293549165,,1.4249119814809421,0.7653490397338447,,-0.7298580065777025,-1.1482764916307049,3.4153751663487975,-1.3776718761084414
1980-01-31,-0.8572514008082717,-0.5467690222371991,-0.08002192272295316,4.852685307755893,-2.827071649399721,-0.31144708041729674,1.903080505784708,-4.692919027175533,4.85192421852973,1.3454923260492304,3.7504255316909494,-3.8783356870789847,-5.907539727840394,0.12749305807654454,-3.839140916333285,-1.6465345683502997,-3.2531769921504163,4.8484410070122195,0.030134503951351643,-0.33955224458783695,-1.839657974092057,-0.11497591234100457,-0.2884574760439029,-1.5343682243523087,0.6920324831711393,-1.5270344125389832,2.4380436008653663,-0.003025817545450893,0.8716583928424979,-2.840676382042458,0.7054472169025419,1.5200572831390016,-0.6137849146815821,-3.453249734422901,1.2405707474579035,-2.3158237546623903,-7.179693128411799,0.6920324831711393,,-0.15543793146173124,3.2240200723202936,,0.5160479385225305,-5.245192838612626,-0.24010675168821782,1.0773225627051826
1980-02-29,-4.29851620901274,0.9985101302908128,-1.9600037322519512,-3.542815691790554,0.7002958298539179,0.7396582756769416,-1.0750554890698405,2.9724647970846814,-1.246501801222073,-1.0468299449299494,7.3189045647177515,-1.1505681958837473,-1.8479420837882221,-4.519637641125169,0.4300383310357,4.513354613985984,1.411144287817727,-2.1663502907043437,0.0482363889522206,0.016780051444324817,0.4927413937116638,-0.17128316014321776,-0.2097855653746634,0.051432790261309536,-1.0371273612699619,-0.6916398143226307,-3.776855707637586,0.01061722298145179,2.2058402866662563,-2.331749656450551,-0.6288162405230471,-0.9616100801367751,-2.369436650319268,5.994466112023871,4.154919504272075,-4.474172258692023,0.005637486655939383,-1.0371273612699619,,-0.7596963387997584,2.6965645523337605,,1.4891916573272297,-3.2948155519976483,-3.6666367309556698,-0.7327525352258262
1980-03-31,3.420959892111521,0.6778828297291801,5.434547448598503,4.4239417845209,1.4585869782544607,4.503459547996015,0.8697488490998659,4.52104041929332,1.6006333875177805,1.8396963311904588,-1.9871288717848976,4.370179080548681,1.5687756241575903,-5.342274310546528,2.998945593471161,2.382032012356827,6.936757504505992,0.8162877591276521,0.6040590007013777,0.7871072216036044,-0.03494811710888496,-0.04166845113107648,-0.6223341222939373,-0.8105917740146176,-0.8668387601168237,-0.8174591813719365,-1.0278840757198984,0.03248761965964436,-1.257944891998835,-1.1200712359680043,0.8193813825228737,8.835860419939745,2.3582264170382907,-4.101188006590984,2.8507847185730477,-2.7892715070062937,-3.293698828560862,-0.8668387601168237,,0.5635964326020186,6.088470365786762,,-3.7453912592319942,2.1281010819873107,-0.7415411812497887,-0.5136558417908004
1980-04-30,0.10026428530606535,-4.566415812627109,-0.7017893317318874,0.41808609418880793,-0.10026821737020891,-5.2568754291816475,3.788529129144841,1.655591720304139,2.2992269365141267,-5.143520571458143,3.0057785547975806,4.574635566348997,3.597019466592955,-1.7206532999764264,-3.7641667513640265,-8.912975832494254,4.261464746322737,2.385438206209338,-0.10911622335101945,0.21367814906575977,1.7089966318629133,-0.23753346743151588,0.264183292310331,-0.30284916133296713,0.6714372010967846,-2.071453823296907,0.17722262216408968,-0.02758722840278449,5.973834689033055,1.1542484318790827,2.9175676623093887,-2.372244732757797,-3.6436983603165576,1.1228474905705175,-1.6456204207330973,-1.020609973314076,1.831178446469533,0.6714372010967846,,3.794524446755375,-5.801474313124822,,0.040004460626201,2.98359172307907,-2.036129783250881,3.874881925471212
1980-05-31,3.204988718334768,0.38725202444587226,5.416253058955856,1.0212259189199844,-0.3546827300590105,-0.5818332529191548,-0.7036618669569068,4.779170079942373,3.503972578231114,1.9565032957195183,-1.176839269435546,-8.475581914386133,1.544053089771542,3.3105233891528716,6.88946868253781,2.7492809857069775,0.8562052203164021,-0.22811134680713463,0.45231014673926273,0.2006945980425141,-2.5740565407766107,0.14013048182949683,-0.012454138602890907,0.7603146994430756,-0.7999490501482649,4.075172547732725,-0.500515401429146,-0.004069373932454379,0.44802573893537256,3.6080755822277975,-2.190916087610036,-1.6489450152062104,-1.6955481914456167,5.088648834762193,1.531324705070892,-0.578346352429109,-3.130111825376206,-0.7999490501482649,,-0.07399965136649855,0.9356628113471273,,-0.31774196115713715,-0.09547974022310779,5.344670567015745,1.6170940940127738
1980-06-30,-0.7061747888865331,-1.5277119296970392,9.514451181946685,-7.7529591707265935,-6.668166695955334,-0.3686126808063888,-0.1853269119724359,-5.6575624439988506,-1.2287593142140316,-4.224024461798568,3.4581406324690462,2.190403257191467,2.5405562274561095,-4.593867465923003,-0.9521651882535225,2.6129786667678174,-1.2882954544523453,-1.3201861603222818,0.8301928095653865,0.5437054661933205,2.759009894550543,-0.06436604104012378,-0.008700196376430158,0.6786895532912751,1.8999016616288622,-3.0718263187642134,2.8934345755716975,-0.006582175512165833,0.42421380278670123,-4.237488107990439,4.88143538481285,-2.522283030804669,1.0521147293665472,-0.32822009016540116,4.501179448681973,-1.453135653986236,0.2175601410658486,1.8999016616288622,,0.7492279064780056,4.227869092956032,,-0.9708910684855365,0.4588780931138388,-2.78204199599086,-0.196809153367016
1980-07-31,-2.5757134471812426,-2.324018963141961,-0.8225077417926531,0.8136189985403351,-3.2715467981809554,0.7129310958691831,0.7153561102187752,3.8179021245481466,-1.6062301709320037,-2.7285222956334763,-2.1954026679490024,-3.919122534212505,-2.657748809678949,-1.5591010740122306,-0.45869630650129434,-2.0399180636570016,-9.956782141658442,0.7050438546273253,0.7250094556396119,0.8759725423115411,-0.3358489413636026,0.03803772977599551,0.5842346325405561,0.04923923378100503,2.2514374379822253,1.874681328409539,1.7050956465840392,-0.022172721255060313,3.684620194021798,0.20720765851268197,2.2447569283242013,-3.4533287749296404,0.4325770124846603,-4.991908633366592,-0.5039681557658585,0.367623040796048,0.2700433339199261,2.2514374379822253,,-0.805902380688256,-0.08022102055084279,,-1.1504623410591281,3.4141594463441285,0.5864164791921881,-1.9910863764620332
1980-08-31,-2.176098531432651,5.149641102998993,-0.26279732717766996,-0.1839467939508907,-1.819374540577035,0.6303715170309945,-0.40135933257551193,-4.193365080744872,-1.3552256874693291,0.35790939215317996,2.389804526532059,1.524317633115612,0.35102114919342986,4.847852945913582,-1.1011823467718236,1.060597838888365,-0.3039560649707361,0.15677793465232304,-0.17476184216400137,0.44307259414802447,0.33472990818318005,0.00963076133863705,1.0628874672192106,2.1813957611543136,-2.3515366110009928,-0.3170064256898615,-2.344943893331025,-0.00840789160006894,6.908571315186304,1.8904784104768986,4.424797821291399,1.002751175567445,4.280969239075906,-2.2720045180196093,-2.7045150384486565,3.3236486086416415,4.421983670149732,-2.3515366110009928,,-0.9802759399576085,1.7487328278757825,,3.8095393540803273,-2.3843123397753603,-1.3113999991333274,0.06416123456652745
1980-09-30,2.554679943772717,2.507096504162682,0.7653371504254448,2.1297465384367342,-0.22808400168721238,6.085303848773465,-2.086253821475168,-4.6167275197835815,0.7140145967026205,3.3222915503951245,5.277483365432795,-4.441647124760493,2.4211108765493856,-0.3306778966404657,4.720969421344052,-2.2338745191299405,-0.4836928516868479,-4.114988614872786,0.5428947765663913,0.9440271676417674,0.9306874863280962,0.18685423042960136,0.48258547305188293,1.1668390704310774,4.13075967513649,4.060452664182461,0.8388678665171335,-0.0029251084435518715,0.5872643957607293,-2.202143990826846,0.6616565196610337,-4.137351823299616,1.024552602827939,2.692804083181012,-4.386377538410423,6.995379265831625,2.817939165936023,4.13075967513649,,2.854357296207559,-0.32898376901583326,,-6.118008115663368,-0.982308916987357,2.43757378725817,2.0296378100566788
1980-10-31,1.1775842376944439,-0.5646829123888268,7.1988801265442275,-0.5342377412979382,2.1135079338823988,0.10580674488142905,2.6084040560591046,1.8471301393957607,-4.41715484311522,4.192621930704244,-1.160822420889277,3.319761902868852,-1.3345088565703471,6.844049185185431,-1.2646405705886257,-4.526757416543778,-0.9690364265854836,7.8460199729460305,0.732909625422768,0.6568490658892818,1.2195536751487794,0.1313601147520606,0.6089372407895493,1.3806560975848026,-2.042992881137161,2.845746113697688,3.04135514453726,0.004725035502032515,-4.0027968323315015,-5.633280961159332,2.6628139115533918,-0.8038779785545579,2.0243498441568866,1.7128793851981676,-1.8521665038567172,-5.5542927633899275,0.11765247477561247,-2.042992881137161,,-0.9651524015691446,-0.49052545292660676,,1.756470766855938,4.149217454844752,-1.7460954732921232,6.3474425670766665
1980-11-30,-5.449566985468822,-1.0579457422516003,1.273463189311037,-0.6485504454231695,-3.663590812765312,1.4084193439437491,5.563752961918578,-1.6797933087009926,9.301916897298733,2.7743765851781768,0.2781156566143916,-3.3130552372857722,-4.592617004393788,4.885034546275286,-9.38339356935886,-0.9799222719235363,2.1195010287317184,9.008037884822617,0.48937722305253134,0.40866619337400506,-1.0683420369246919,0.07554561636310997,1.2187543093512438,2.552209462996676,4.819986179424022,0.7090699398327733,-2.1206546786959946,0.005654595901361026,-3.9491812811141527,6.153597502782725,3.644408304089586,2.179663367361365,1.221678959710639,-2.4205371243713234,0.5527090610215608,-0.8618440219801815,-2.83210466283058,4.819986179424022,,-0.7287175585962942,-1.9000724138392453,,4.064199074750956,0.6472009516488961,-4.06280860603563,-0.6898341249933577
1980-12-31,-1.511695345796777,-5.070454081336402,3.2406921398715105,6.575530276079887,3.358292080482916,3.693819723436824,-2.881204698714716,1.5420283702646551,-3.3435707944884716,-2.2821192338743512,4.180380267706823,3.2278732323765262,-3.3652925345566977,2.5358294945667645,7.621744388702524,2.6225252507288555,3.849371655339614,4.360529730182137,0.36721251543806993,0.17706368397287214,3.588745273694737,0.1576945153952941,0.41614953278542005,1.6397976518805828,-1.1670101289176253,2.2956497577483272,3.7736029120083034,-0.010524211404169814,0.7321304801312241,0.8364345860393021,-0.09598400759126194,-0.3918389743057248,3.3106471311774692,1.0908552734458876,-0.7320865919600839,0.7636717642158326,-0.5614449089835173,-1.1670101289176253,,-1.8117153768637762,-1.958103951847907,,4.178242397700322,0.3629318590270086,-0.27017561134894874,2.76498882856718
1981-01-31,-3.7074878664451902,2.9533433416657062,0.37925079020065194,0.1002578667489159,14.44599141467098,1.9161199544573997,9.62123502324968,0.21590524882787238,-4.910761364341702,-2.7449213458380832,4.325894014467315,1.2727785291905305,1.5355214734935734,-3.7925399713403585,-5.3798992124510905,-1.4626929323279843,-2.457271171680979,5.276043112426257,-0.8009210519500034,0.31092758238443025,1.3776356699860397,0.1518837976735134,1.0287835508979302,1.0804678434932768,2.717890705331658,0.5750939330806459,2.4296137705956604,-0.02221932006256283,0.35176998027314627,-2.2950569462925814,-1.0079656978988718,-0.025751296365042753,1.0860966571245088,-3.390869620463898,-2.114628436353496,1.4573555930957651,-7.527285629601916,2.717890705331658,,1.3476452163719896,-3.0111895460997453,,2.7895723373361574,-3.591744169849439,2.3844689717338654,0.37541065799115464
1981-02-28,4.777537492656331,5.532791531167438,5.079921650124417,-0.7196055748281056,-2.1396523274295443,0.8022514861473093,-5.784156582017998,-5.791062572696124,-4.761006073820305,8.073136250137646,0.9223865739246864,-7.746315889450357,-0.2712201480677535,0.5798403307900883,-0.7586567205899438,-1.8560426810221118,-0.7213505465850024,3.8009211720161042,-0.048568120721750485,0.7420899072489193,1.7209363423803536,0.15266625377445148,1.347800594357012,3.3176872777038366,-1.265062504076825,1.0347610729420087,0.6951755045816868,-0.004481860329568044,-8.25618221059474,4.351743337080958,-2.9113380737507084,6.2389540614390935,-0.6208280665108603,-1.6193363403382097,-0.8452459776652828,-2.2001934990008998,0.6454153614202647,-1.265062504076825,,0.8698875944226823,3.080226242335187,,-1.105039684057954,4.327525604396105,-0.3923999352451376,1.5638106595182433
1981-03-31,2.157458749158133,4.098908669102514,0.060508373252763537,5.349030801320397,1.0402578201131485,-4.077426529954738,2.8703097448150867,-0.6803985566122981,1.9795516578165402,2.1239305993590376,-4.043875001391325,-3.697373642091168,2.032746517330555,-3.161378102289487,-0.5364979707494015,2.77070273852776,6.701484473584139,0.06419226747032819,0.493880356642577,-0.0778259378693763,1.3007394245835995,0.3405854146906897,0.2614949583355243,0.5886295212980112,7.468017652630204,3.6979450177393107,3.5197452903316537,0.0024924622798424,0.043822037387722945,6.833941330616548,-4.6245534207697245,1.8612047246099732,-6.247321659874456,-3.764755943963895,-4.958152658761876,-4.935346614585234,-2.484565655975886,7.468017652630204,,0.5251438153193221,5.595233331224864,,-1.50292219791215,-1.343868819959273,-1.0796051432422291,2.5021228265256203
1981-04-30,0.7164450094761488,0.15682652697638305,-2.6458887424642983,5.817413572947036,-1.2171283729023799,-1.2472350567923924,3.867997003395785,-2.195504293779556,0.6700143860186067,0.23276033294058296,-0.8662755734035348,-1.8841756364201399,-2.913380088291878,4.822957668833116,-2.670955846203931,-1.0358913485659873,4.0658137949709365,-1.090539418383427,0.5506784346946041,0.3111934776379248,0.17216560848450357,0.04280660630781269,0.6140973163913912,1.1651712699316157,-1.3266720445756814,-1.1357043408222756,-2.3881012244502466,-0.0212677856101402,-5.051778287313416,0.06433738239472153,1.4092866073798287,-0.4363712304258879,-1.1167437497625003,0.5610595002646193,-2.549467024266405,8.4732888450224,-0.3842755618684424,-1.3266720445756814,,4.220176451629791,-1.8148225512430607,,-4.600756626482283,-3.998269536471981,-1.5442711943664305,-0.16127031422320642
1981-05-31,1.2763799001319616,-0.8385170286234445,-0.27903936745748337,-1.174246214285089,8.149211265097646,3.624516317440198,3.8158428912409934,-4.09166723131899,2.670525936899145,0.5046574575343774,3.9031465852612848,2.0391393646414664,2.687935837898989,1.3813612196803164,-1.3837655947568537,-5.225835175967806,0.9533524068705943,1.2220634077890682,0.051756177771505485,-0.11489582768571854,1.6397953709046997,0.19394243911676,0.98033189083289,3.27854620899566,0.1937054823854148,0.3310560531699181,6.324464047705165,-0.00933131453209482,-8.23917517832586,7.733982020478264,-0.9130791280712243,-1.6393290160316765,1.0792894181028885,0.5218651528249743,6.046725369178124,1.031602262213233,2.814293866092501,0.1937054823854148,,0.766853903238542,6.145057519227181,,-0.5917130797698339,1.066144761354468,2.052577137530965,6.07395210770457
1981-06-30,-4.51657740489312,-3.2731494243588437,-8.774072839263415,1.8035101082818192,1.9995638749081328,-7.509444941437024,13.486352630442433,1.5597356346793776,2.3066174643907886,-2.692667254667197,3.0931478355669886,1.9199530877850313,4.645419360934067,1.9733659755929267,3.9034002145655524,3.359554781172668,1.8536144948301057,1.1204544132847403,0.276806338469231,-0.0433609829538284,2.0530520537668506,0.19180617220545487,0.3678191348124864,1.446088066370036,1.6757466352992445,3.774733023743109,-5.777658490618179,0.050558694993608044,-1.8262505098742299,0.12167365604768088,4.076970882102699,-1.3909979279953877,0.5055064872342778,-0.9315272761853717,-1.0782346330290005,0.9756925532029759,0.2962696629738948,1.6757466352992445,,-1.2115021543238553,-4.206129794594798,,4.977591556654306,0.5516953975338088,-3.737414946232256,-4.230203121615871
1981-07-31,-10.538602653832394,-2.150108814896413,-0.48943058443459553,1.6404028027553375,-4.572360472866153,2.2822486741306687,0.8813125391013131,0.0697172764875301,-0.04227886849722004,1.432442731400176,1.2828161663536928,3.502139544391912,-7.036845141922078,-0.05841925484263097,-4.983274141233189,0.7465630395929792,2.2237389492019126,4.687800372511564,0.053310636371907666,0.3019360219360018,-0.045831621965927355,0.12849556731351527,0.8742684473819445,1.336519570681674,3.550826145261049,-1.4992911025596392,3.380219170867532,-0.015517437074790419,-1.4276258986907797,-6.532754988995106,-0.2734170774864484,0.8776607587069888,4.862590161336272,-0.6290152270458437,3.0489354922887353,-2.9920142492154227,-1.13080656750883,3.550826145261049,,2.612470390907112,-2.5851576247960413,,-0.32112319941852385,-3.719869150705221,-0.08345143441813421,0.798011448162094
1981-08-31,-2.3848398725785827,1.5119889125660149,3.478539533069244,-2.926470291577927,2.9897855585300372,2.6002575205584346,6.147110560301622,3.135441600463762,0.1020838300152655,1.9087010336217172,-0.9847435069272839,2.9616073086775705,-2.013976025219335,5.169929010630446,2.7009921621680952,-2.722102110292271,4.789261885877731,1.6675499487550365,-0.10490397042065697,-0.677673038161132,1.6908247218508412,0.16353205368497603,0.5641135908115718,1.0999751452588662,-0.565644275618408,2.6514870143754465,0.038495077742627726,0.046928956545808975,0.4373799411578005,3.1115018506797467,3.54644667481583,0.04308889916150388,5.820968760658863,1.0460831945879345,-5.466525378961663,-2.4526614918463685,-1.5359165301838238,-0.565644275618408,,-2.597439556730555,3.4091193047303894,,-4.1293334009011105,-1.8444332922977535,-4.800328647415324,1.8328240602527779
1981-09-30,9.016820235308664,3.5788442387091077,0.03629086814447832,-1.3713284997538726,2.5319047251142033,2.41005740592121,-4.3846722944999605,-2.29723762103133,-2.862568239733288,5.210642015028942,3.1212541537915786,-5.326713363091177,1.5023853904755176,6.328437620092079,1.9416860094713289,0.4538547409064414,-2.842088688144768,6.624671621141834,0.6297448837516478,0.054988860797577394,-0.12224888925394799,0.07040813629265333,0.33821043279238794,-0.5420997787624793,-1.6791921541519823,1.1023720703238633,-1.2532789191975644,-0.0036531183005005796,-1.2002487306557261,0.782406386542542,-2.7689036262397484,2.383392040875312,4.986233299101063,1.8689306612160226,-5.7823623015554,-0.012350894576295152,4.138058716620062,-1.6791921541519823,,1.6676753092182823,3.170731795168654,,1.3715612933060155,-0.15164390270806052,1.2495244379529404,1.9386207191112281
1981-10-31,-7.604255264420851,1.4053154718555578,-2.294665409579214,-2.866278192675748,2.10811821142616,1.078360253146257,0.8418759345044194,4.888494916207425,5.865952003773045,-1.723605571010789,-0.49368149293173014,-2.8975710505345513,-5.626737372808498,0.09580662155276456,7.003898786837842,0.14923076721626652,-1.2007124275630865,-0.38139909069758526,0.17913740529713942,0.45891151099382343,1.3888724783720319,0.08365400744680299,0.8300269651210436,2.2008033799993325,3.3446799488805476,2.3124632236051776,3.38732779018866,-0.003840061316606025,1.2636206740834315,0.8975138793781311,-3.0525813921029332,-1.1161250829393607,-3.0123697012107753,-5.7687061539394735,0.8146981158954775,-0.27545455035734967,-2.0077119706890207,3.3446799488805476,,-1.7686823371487093,2.6151277486760858,,-2.626689767121054,0.2673239332665913,-8.747858624522667,7.58866482736761
1981-11-30,-1.5521425767767578,-5.996986688302175,2.7161010845367723,-2.8429835198295157,1.1117537339033248,1.5966062532890217,4.6408700331322175,2.6480674005139626,-3.297581658147137,0.3293779299467209,5.7875885426344125,1.319003689979075,-3.6573143662864007,2.438497687970595,3.212134808282583,-4.718318091349362,1.468362526343477,2.3670046765779276,-0.10566359652769264,0.47369178076094465,1.1035253126770772,0.015625538218723423,-0.07890932800725989,0.7523216647847695,4.204216881367281,-0.3770543468243003,1.6893327397837747,-0.01288078947309465,1.5251842663131203,-3.030326707987556,0.993957832896752,-1.2832799203790275,3.464348833448258,2.2071035739748055,-3.0374680706805703,0.9850993007157409,-3.8623372346919114,4.204216881367281,,6.025944257144503,-1.583862187917938,,-1.5790075757229947,-2.784460863656924,-0.6392732114483812,0.5683434108700085
1981-12-31,3.356325169397682,-0.05791904177754273,2.267823945437351,-5.078973683027687,3.39807070587375,-2.4015613098490713,0.7045639295118693,0.31567417183494195,2.464561391112584,-2.0932747988131775,-0.6731943916001808,-4.136432560578547,2.8817685628197904,1.3977363818663169,-2.171280522855023,0.8698583284964181,2.087447553060447,5.271895247156346,0.023233996902119775,-0.4190356074826953,-1.3195147718526012,0.13880560228864544,-0.17725970256036086,0.28647576274803555,-0.6281043830153865,2.0479800165151376,-1.8878900785859385,0.01579774652290064,-0.20732077650733927,0.7803117258738548,5.19210257622484,3.899828221941768,-2.913518760064683,4.038040691482961,1.7652776858325692,-3.3372983914960357,-1.067519939390869,-0.6281043830153865,,-0.11060702555625798,6.574323052608858,,3.9066398222812677,-1.2811813256066196,-2.5936579818446654,0.6548016799609361
1982-01-31,2.7682916283594214,-5.4403315462196025,-1.5096934125902886,2.935954925352914,-0.1741619518120041,-0.9598587319048465,1.7281894485306308,3.42288012796877,-0.6882810687048395,0.5096801563659032,-0.25584414299405167,-9.802970344782924,3.584913542087383,3.499580289723864,2.269199679411227,4.62859975553463,3.302162406255115,2.698626374228785,-0.10910210673242993,1.0237422089950137,3.4623811867815557,0.030672758780596526,1.1097299121316406,-0.1363074669897399,-1.838373182580876,2.268934572484793,3.308907671268057,-0.012616987913382949,1.7110418675954833,-4.251383694397414,3.2570409389943187,6.1338143842644355,3.061867001157498,-1.1759276434281891,4.309179032955687,2.976328684614751,-1.2583108926892916,-1.838373182580876,,-2.4996371280994443,0.033258167116708315,,1.1833509857203732,0.5949912875075466,-3.5210830269875775,1.5301515326483242
1982-02-28,-5.877292844810791,-3.3306077858128313,-0.4924613668458344,-9.380508405077682,6.75884011030087,2.290164886255891,0.40220897557146507,2.340440003929437,1.9565174955820857,-0.1798184754532127,-3.675089729067384,-0.17182761030654345,-3.9874183653518376,3.0090239375361643,0.1440541649437078,4.661840194336996,-0.2362996596021921,-6.603898177580802,-0.6036163025152173,0.39528831918560736,-1.3892419034649615,-0.06586930349208811,-0.48366595551646463,0.8683611623762542,2.406742236584891,-1.947125740509123,-3.229257348787291,0.00727570128699262,-4.8078272609864285,-4.350907107200932,-2.250109079452796,-0.023081068896754847,-0.18560794012651746,4.244548082789575,4.121900145484295,2.260189960696808,3.8295547840904627,2.406742236584891,,-2.8567895764932367,1.8318949020012185,,0.2821299645548109,1.7085246116915946,1.4734575591561798,-0.18681008443572641
1982-03-31,2.1338554402076397,-3.8076338046240457,-1.0744876883206977,2.613881684741857,5.208352761383967,0.9746635164951933,4.500840331605775,0.518263635554096,0.4962182938522538,0.05700264344531136,6.085811108148063,0.9475662799107474,0.32634011050708545,2.7048696680435063,2.542127660660962,1.6426679001971496,7.9425742788520575,2.4234432739824,-0.06423549633427794,0.6599135353368728,0.5728227514392272,0.011754278727520218,0.008724237689800823,-0.4498001320613001,-2.5273216997348733,0.24236474835730382,0.852002349687681,-0.013664447949370606,-1.0172435836479496,5.8957153701897695,0.6347357465448541,0.6407212093166446,-2.9766375589262974,1.1269958919349772,-1.1785888549603853,2.5856850467026122,-2.442814821034398,-2.5273216997348733,,5.999502154065878,2.4909384187384154,,0.5475956956964185,-2.6774472945347982,-0.7360237628406829,-2.0627840309304935
1982-04-30,-5.0156567189320596,0.3866114434313465,-1.67644557950626,-1.488584871769726,1.967863012004401,4.586735557674137,-0.2320396048368652,1.9485416023325723,4.673127827279442,-2.1082068874999464,3.0842206041389817,-5.377926444036009,8.547568388687527,-2.9061807697309336,-3.5361554535603013,-0.7772745891346824,2.0011159695238456,-6.603581417891427,-0.03621158955050546,0.17113089692276656,-0.38762000611791925,0.08174583568182014,0.22404156328980945,0.22945268822883635,1.1042900621505405,0.13277923800866337,-0.4969856266045065,-0.04619166770885966,0.7500001433192263,0.26235393775774063,2.6010291336742397,3.9186579353394637,1.5722514838617418,1.0691520311826435,3.6575187885926863,-0.9149996387581492,1.255337212951971,1.1042900621505405,,-2.292733578842028,-0.09858180339326766,,5.449072381624193,1.935588735974735,2.4782627994646678,2.252771108276541
1982-05-31,5.2126958816476465,-4.948185503002674,-1.5353864552504792,0.9915686700049664,7.944062247530204,3.1984018068528752,2.3358136069872493,1.3148321819029818,-0.14236528065045956,0.16582168004679915,0.02220109294237299,-0.27766532438357366,5.026618526174701,4.49485997219919,-1.5621059663468944,-0.8616607685840527,-0.08964441194778511,-1.176896089599356,-0.3988067957604294,0.8724466026666897,0.46277816478535033,-0.0859374370060445,-0.16014074522103205,0.008079458821574237,0.5551975684847579,-0.05526686905034783,-2.640402074415755,-0.0012968643262341317,-0.4768639435065447,-0.41898474516686257,1.440108811684258,2.905103681040955,7.442609021610792,0.8930862352218856,-2.1526619726361536,-3.7939387452152853,3.49019284782919,0.5551975684847579,,-0.3741642750406046,1.589844159659002,,1.6209503221775214,-0.5375054942453936,1.8448490778508535,0.6084878150445978
1982-06-30,-6.113909509025072,-4.344284565796085,0.5351543416391836,1.5391558665487624,0.2793422343269978,0.1467775497776337,1.597008626570267,6.614072327390343,-1.5921839716461699,5.820624955195687,-8.18759502928514,1.0349934144041675,-1.249374813388251,-3.11668331246888,0.5236795542481792,0.9173069526084554,-5.50456807349837,0.9790679953353616,-0.3726458863194393,0.5213944750059818,0.770717905659215,0.0660150348086177,0.13909157975825803,-0.10562268230592399,0.39625987106235583,-0.42955749841744867,2.0001219375927324,-0.00392436940115895,0.7828018794037679,-1.8924044319226196,7.463598815959617,1.5882241301617044,1.1758956117189656,5.419915640914713,1.337860583803187,2.0725914460178263,4.055651720354613,0.39625987106235583,,2.9590382047608745,-1.0871931009460878,,-2.553554050355741,-1.6335746968703453,-0.7884693133192608,3.335979677334575
1982-07-31,0.17851593322447268,-0.1337913455630712,-2.771505051607379,2.089955737143714,0.7086252644608297,-4.490348744668704,-1.2053918322500292,2.3753859111854707,1.23740785614309,1.2318399309937025,-5.458253663140062,6.237365162393706,-3.7696549287753456,2.017921632679721,-1.2142176228187949,4.069550444791084,0.2543096073143236,5.4199220505303085,-1.0784279297896795,-0.1989268185212914,-0.2269785360859775,-0.06375852858453285,-0.2308086816783075,0.13088489622184907,1.3311868245255924,-2.352872867445566,0.41164637817128474,0.019249681931988588,-0.9318254248406503,0.38752422234325484,1.810795947612164,4.210887672959777,1.9222191431661209,2.9113445997284764,1.0203286082772904,-1.4234381601586517,-0.9391797192196747,1.3311868245255924,,-6.277728778186662,-3.86244142295839,,-0.6276928867943434,0.935848931067047,1.4250471382319563,-0.3084711103814794
1982-08-31,2.0385296940796898,4.557769415346652,-1.6056033337750308,1.6393369662463158,0.3569942424864939,-0.7407848020060182,2.6734774773656373,8.396415120487928,1.4340403820977305,-3.7971906518368086,1.9882154540588715,6.716703525804289,0.27240219853865166,4.514900842200204,-1.5660093623067162,-4.408694306241322,0.41018614723016544,1.3916451551923978,-0.31425856638712235,1.3732959982162882,0.953197102831492,7.841883777753855e-05,0.6504602887490104,0.5865808024738856,-1.361970882392351,0.2591621053826736,1.5221935987903283,0.0016735566044041028,6.373155834842297,-1.607981297779391,-3.617767472965312,3.066943088199189,1.7159762360091648,-4.900708526104903,1.3342890188478138,1.0864461636214366,-1.7251557918391323,-1.361970882392351,,-4.311564431794973,5.92862805946337,,1.1386705670239323,-0.36262639500728755,-2.7978838800970744,-4.198421851463429
1982-09-30,4.783724083736273,-0.16324831434131426,0.6226870152733679,0.5948710852701999,4.717269499323778,5.636333362698848,-4.09330723085958,1.2945090670332993,1.3480298850792358,2.5923022341037543,0.6998375765861158,2.7486611427120344,1.735636801575153,-1.0614089896717795,-5.6439866059397445,-5.057372402201489,-1.081723494765866,-0.1365737068657894,-0.07022204818135136,0.49336584727145927,-0.47931600120891177,0.17375253478241487,-0.1385400176241336,-0.3048135783783656,-0.2826374698315236,1.6237992517528435,-4.020955167101321,0.01954943855264743,2.991134500733013,1.116490931571772,4.7492199334515846,-1.638256232858722,-2.4263172307614296,0.5155519569987858,-2.383166132064475,3.6028555080216735,-2.2747457047623882,-0.2826374698315236,,2.7367460558093555,0.39150189295612214,,-2.8989417584599044,3.07493911502384,-1.0898751226201895,8.166750125517328
1982-10-31,-3.985532402012573,-4.207479287321174,4.624993237989479,-8.378674406291262,-0.048744381411764626,-2.668564000064587,4.562609022363865,3.5967729237688157,-2.543222099773396,-3.1946838841643586,0.9816183174165564,2.776590723439697,0.9298008730306421,0.062063972941762746,3.668495898173567,-6.162232378155246,2.592946456079301,6.014869018630939,-0.16690225984814588,0.6372787379000481,-0.1608231030995576,-0.013810187281282665,0.12475911788755562,0.556277214291597,1.8134492099814556,0.7527413404369927,1.1719146090632577,0.02215418730539684,-0.7235674388331839,4.619507107541594,1.4803481358417891,3.2687552748624418,-2.299801113855981,2.8595875237427295,-5.7875602718920325,0.1789920011515348,2.2454119325935933,1.8134492099814556,,2.7869679048424185,0.0017414192405904583,,0.5499080194673859,-2.198534743810235,8.897102313866048,-1.521904892489486
1982-11-30,-7.579538048020382,1.8204989560846927,0.15893713630147518,-4.52258899085567,-4.731581026606138,1.539274398125438,-4.008491288190066,-1.3089718042167178,3.8498167506596612,1.972570887782408,-0.09828341740693206,-4.385209431642095,-4.406772770024358,-6.093754952974458,-3.58058438462143,-5.444809392946501,3.671752210399764,3.6236055105133014,0.06631563195216492,0.09893910632956723,-0.18901078301730392,0.06607365899784387,0.7092670006593794,0.5604331331012523,-0.37022132279521824,1.1916936071108148,3.366019128762842,0.02696051535955235,2.416303728523092,0.3804828691252825,1.3530661439262184,0.23978394028519182,-5.08289538623518,0.17703809673010748,-6.245766919098613,-1.3007105195138606,-4.7612049694376415,-0.37022132279521824,,-0.3736920993515136,-3.3500460786507564,,4.681011681387468,2.1107824464686633,-1.8455268730340284,3.33385478622484
1982-12-31,0.10653187198633424,-3.201529151889431,-0.2205461548357237,3.3049120584695117,-2.485408423144467,2.759452333851371,5.3107890402917155,-3.574136967148218,3.3172191086417686,3.7264229814040175,0.15357635850938456,1.9037434227331573,-1.2360063606546108,0.38229075231748866,-2.5730395324045747,7.030560436116234,1.296811462219193,-5.295942564769811,0.5016258834672952,0.3835347099853351,0.4451233800185038,0.08263508330091907,0.01580415979016106,0.12494248634729677,0.8416153563648084,-1.479694218926416,-2.9505159038800937,0.016450471524159377,1.4726265444358035,-4.827978470625064,-0.966935098344674,0.43263876121337186,-6.472131274044753,-3.8037884946195426,4.369153387089116,-2.2817479930467597,-4.857068632718765,0.8416153563648084,,4.024603592271878,-4.00895290706117,,-5.237845236426266,0.6169846186558096,-3.3943878429290484,1.8404714267577553
1983-01-31,-1.481764374173493,5.519204934775895,-4.895636323783134,3.9465828344100813,-5.9616803253548,0.024268912091533007,-0.04652782193940455,-2.0556015342002345,1.3105868373169944,-1.427663320175834,-7.180189842262497,2.227853861434679,-2.2364173118193365,-6.998621236700675,0.81732577273203,-0.058004914887276576,-3.899464356009634,-6.314764502767168,-0.4566522508159818,-0.21703843980248697,1.3400590706988873,0.03308117722183551,0.5803169055190349,1.0239898784939017,1.6061680588360758,2.7715634744180924,0.5384645528763984,0.011239417390340012,-2.273915539216793,0.5048936235180556,-2.954123802794356,1.466928114656855,0.1947955169880162,-0.0530849898773694,0.783440459470529,-1.4901132091845835,-3.44346723554481,1.6061680588360758,,0.08896231063846624,-0.7292422330512146,,-5.14089090390964,1.3500859860138315,-2.6894326483317186,-2.2052767671869415
1983-02-28,-1.3311182340882453,-1.0278726525719617,4.067973726003748,-1.4596581518339766,-3.7988844386203904,2.925467326050427,2.430137148889356,-0.832424560951645,-0.5604221552866456,3.5078678279227073,-3.7859753075365763,2.9218499249949152,0.5961170163056163,-1.7655144218896113,-2.005969777878718,0.4409019915915199,-0.3028423754725974,5.482021102177763,-0.32999653507721527,-0.05232195767671566,2.3159853830933064,0.1319254603043971,0.22298349080383478,0.06541752852517602,-1.1448665247047134,-0.8718304443005184,2.3958922572205865,-0.018218705710740163,3.148741547306953,3.2838992068458936,-1.90361682542418,0.5632669792779205,-5.3496631772234124,1.8359797941727258,0.5775491498236557,1.6451647988328193,-3.0234944296603397,-1.1448665247047134,,-2.224757346889499,-0.2208425619759834,,0.38161890387043307,0.08304816009222016,-1.8200379601062657,-1.2044839376441434
1983-03-31,-3.43104427324075,1.0657197609321878,2.204449188706046,1.9501884829336154,-2.298855151710504,-5.788366394964832,3.0082716826934264,-3.621272240796399,-4.020521981029044,-1.4915337396751425,1.6091093207339393,-0.4221804321350405,2.7318624779018608,0.9895783674980045,-2.7100075906569696,-1.274981295519341,0.47555438099091213,5.564094533355589,-0.6567415220702053,0.039877187614065945,-0.7681913538870158,0.17306449479202957,0.0780908105724934,2.309191805502155,3.705689359216127,2.0585586578222435,-0.6927338264581706,0.018205833043054148,3.852771211060444,2.29829302825908,-4.711606087111594,-1.0181490846187435,-1.5857210271966613,-2.2049151804509735,-1.1192648363876503,7.9902403182050445,1.094450588606357,3.705689359216127,,-2.929970326083349,-0.18431417084771823,,1.9918194020132203,0.8302675670618098,2.2617355283691842,-0.9458272876171634
1983-04-30,8.021888105322358,-0.01672185594399056,-3.67991348891664,-2.8024805941246576,0.2172924800087826,1.131458329130158,5.454599358718205,2.4856519706642186,3.191711309827419,2.689540673794694,-2.7207832089252677,-0.2673833365806029,1.981649873770455,0.9260707629018102,0.8063445040870584,-0.8082907947390546,0.32117298555224383,-4.471098397789797,-0.011625370439655058,0.024143214455835227,1.2788518761310885,0.11073977331765344,0.6659342612386072,-0.43531922513904575,-1.0451519708863573,-0.44224091293414064,0.9931609428334315,-0.028373473370774033,5.5924253712452705,-3.647391937497995,5.82066861244329,-3.446850441194122,2.4197426102665767,4.350938409315072,-0.4798361044095597,3.056651757051456,0.0874404841229186,-1.0451519708863573,,-1.5946963436289128,1.5815424863843761,,-0.34330730290001177,-0.7444281175383379,-1.4520973669879798,1.5973282236902562
1983-05-31,0.3953545041651094,1.6629870355453304,0.9323200569418824,-4.421722366211616,-9.624760760593006,3.5646094126405092,2.038885259158172,4.067650912545268,0.2692706942865615,3.4848413775363154,-0.9228202899442584,0.9181945123984794,0.47185116844434283,-4.867273072779732,-2.5706813026089357,-1.0988553631890445,0.3527332334759533,-2.9102152607266403,-0.7003024093373817,-0.1813280169085869,0.5968654713673214,0.020539599480182358,0.6442167116314037,1.9519410998206237,1.5184570962184258,2.8714231378657162,1.5687620659339,-0.008709169391211247,5.54584864400995,1.3263541691730443,1.2910587800947086,-6.882589311744867,5.315124524789208,0.6889856659698521,-2.755409261573658,7.91978202877537,-4.362581499284047,1.5184570962184258,,6.445104736983853,1.7042694136901841,,1.0866462319884211,1.9553589779782155,0.7611393601182921,1.330434005649438
1983-06-30,-2.801134064011767,4.508108367704485,-4.43625906945116,-3.85659269463983,-0.9427079996656498,5.534725277511664,2.903928662509882,1.5387864888367724,-0.44844806280327754,9.597817302647432,0.259239018801804,9.953813139976747,-0.0461932420595291,2.6898630233381735,4.580734959787334,2.7958082496519583,-1.2860649997709765,4.470519204313195,-0.30931342286463404,0.17218235804511237,-0.07259832574513236,0.17273961964673543,0.3911502478066943,1.7681028638308578,-1.3611740261391716,-1.8631610120745763,-1.8155561947188792,0.019810329975963825,-2.262110530110611,-4.048534196568981,4.066704293662277,4.82267547562401,-5.265462305346707,-1.2113504296072852,-1.5605210757227106,0.21256191618490225,0.42132357779801854,-1.3611740261391716,,7.648790843582123,-1.4374000242519718,,-5.418395197212796,-0.7761024202369765,-1.2077035032305656,3.428566739465458
1983-07-31,2.6863875881241857,0.9990589219401751,3.152385152115295,-0.6581608599809914,8.590929994917426,-0.09847971978946507,-3.6225810542737684,1.4071571821698283,9.099237092718274,1.185835447466304,-0.24235299391492543,-4.525913719733961,-4.577528256416975,-1.3864087524640492,1.3428096191891723,4.219228257730589,-0.1613316373592169,2.0855489396938482,-0.20374216130482253,0.2227421835351832,2.6089536997867913,0.18055666696860084,0.9092918207177829,0.5335434217998734,4.165435721424317,6.313011282197428,1.3495442688488277,-0.0077344817949924205,-2.4109821185036155,-0.0794422518175324,1.1331546514919788,2.5840655821617493,6.191937589509278,-5.078278847181792,-3.7985467004084286,-1.2430742308534573,-2.5215668886456872,4.165435721424317,,0.5173746425944246,2.436642113843441,,-3.2471561123749084,4.197875299982337,2.839549328964013,2.620684881202998
1983-08-31,0.3207647067863091,2.409447457728172,-1.039720597515514,-0.22779288340459813,-4.090507418700284,-0.9678043969842458,3.144443706140739,8.617976574914259,-4.513020208647313,0.1767844417564977,-2.6516901307031833,-3.8589469826350307,-0.9694496320499174,2.6627697707830853,-0.6720025014660181,-8.12697413131769,4.677533827576442,1.858597211823954,-0.2277767458447072,-0.6283273101962278,-0.2866242503227232,0.06935945062286406,0.07063994329733833,1.3593269984965195,0.5924984925292064,-3.7011416665189936,0.4685072870551541,-0.008360584486769379,5.985925126727455,-5.318347431740997,-1.121087106927472,0.042366989439429514,-3.9822012776194367,-0.07503545347575302,-0.3974451919923522,0.32071644456732645,-1.629239001137332,0.5924984925292064,,-2.788232635239237,2.9962269268445763,,1.1668108956228767,-3.932378240037183,6.7313263625762865,-0.8755315251147308
1983-09-30,-1.9963440988929269,-1.8588943792052695,6.897516648779962,0.2804706814438851,0.993596626687178,-0.4790719499373226,-2.8276096351177316,2.837023402339835,-3.1400639146055185,1.9935715134514236,-2.0187021513980774,1.1581570194417936,-0.004807266266890514,-3.3729075914193563,4.665152251682315,-0.3725289179122022,2.7966411193904404,-1.079881005191587,-0.1609832959130769,0.0004532496121295859,0.7614319263933582,0.22900740820861668,0.48339442702932756,0.11742747935588152,-1.9501547003852824,4.22670066149747,0.82676209020484,-0.00321591507775032,-4.520947677523558,-3.801018052264264,-1.6097456068378095,1.7061541551270971,6.614828662054121,-0.9126693531560711,-0.41653571994933347,-8.874640494237347,-4.502828283247028,-1.9501547003852824,,-2.1884684353692734,2.5155068255230315,,-0.8560961223446301,3.3757945878408435,-0.2501058061904793,-1.2054548540283339
1983-10-31,-3.647249689394954,1.8788837379980532,0.871673675721023,-4.3941406554601015,1.5116288593673357,-4.728622466083364,2.055866233199569,3.7023221246482545,-0.11282054553854756,1.634113475670739,-3.0665616066193797,4.29868251740081,-3.895957771045092,1.8089063578868232,-0.6474391203362461,5.0959156672424735,2.537053827603116,-5.783026515318824,-0.18475507344088968,0.32212496458587936,0.9949455955694763,0.06767716011291011,0.7551178270761099,1.3490896676152244,2.4426136128199114,-0.5921285181687292,0.6677224724075221,-0.024339957714050037,-1.5117931868848458,-1.0230164028187083,-0.9885322399371989,-1.4856991107594966,3.2202408689044226,5.449831268815902,2.5812449993921414,-3.4445652245391853,-0.4762000279325572,2.4426136128199114,,-2.629557936463849,1.4915431950648377,,-2.598327116111621,-3.8198388252870625,1.1605612422370033,-3.7394037894563645
1983-11-30,-1.2040347809453358,2.01518867920635,2.7731934070655297,-1.8158993036085351,3.6708029459286253,-3.809759515386877,-0.3637612887803212,-0.033340652980944574,3.2437646037241477,0.8911030422168287,2.743903983046418,0.6053704322860398,-5.563017436478129,0.46467179733749486,-2.166408789072155,-3.9377279151021147,2.181459226845294,-0.9497827089765157,0.22959134122394853,0.2769238435043657,-0.30066131180314526,0.19881910782579637,-0.022151981311322066,1.6912753621300434,1.5204049590002895,1.8711127082191308,-0.6130646057124001,0.012867606461183984,1.2058162823407044,4.095857541994883,0.7423168810342619,7.052777755796933,-0.2670546356664104,-1.8540375981622947,-0.44270530735258407,-2.593803992441857,1.986450330170362,1.5204049590002895,,-4.574933374468228,-1.4383245724941882,,0.86716851547327,-2.9122685635802483,-0.5196387068778712,5.1881760737721505
1983-12-31,-0.7637404175949734,4.157894861037897,-2.200401840126898,0.096310532745742,-1.4948275249431866,0.327873960362949,-2.715664701525513,-6.730656904317078,-6.649545045792028,6.790604361943239,-3.7132282166891497,-4.169851647978715,-2.9605274002488446,0.42241383712716063,-1.2566517894695024,4.814229858408825,1.6519885053158698,7.488448285428383,-0.2703776081124767,-0.04978475640726196,2.4207037940192135,-0.013439744831068745,-0.13143617881396893,-1.5142003236109085,1.8177759622519134,-4.458901873161789,-0.24051725477435693,0.010750320250060563,-4.86133162088462,1.894696294789437,-3.4039026914228474,6.223012337780364,-0.7129695708564467,-1.4721983105733152,-2.806613097874542,-2.019183440324679,-0.88910034629805,1.8177759622519134,,-2.7873912631877813,-0.6726928802531735,,1.36031543205026,0.7296342724054554,4.709309924947246,-6.900087875348548
1984-01-31,0.9500311610872413,2.1666927502595716,-2.8350598051503315,1.4314777535316825,-5.038258335576356,0.8248131849600945,-4.468295348757625,-0.3399595637821735,-2.096204131265153,1.403262029820119,3.9508611746119873,-0.9009307187002428,9.23669628529426,-1.4265975485757032,1.448026084638823,4.093587570339459,1.1580506207905423,-2.4538686201612054,0.3527092693585375,-0.19934439534867077,-1.2890344833901821,-0.07127121432497016,0.29465059842688435,1.0988599030790227,2.29283491110068,3.8266204591365014,2.5982852483647854,0.005655765329470708,1.1414027691773931,-2.512762874997139,4.048731880915447,4.8748067578207905,-3.2093619927271138,3.3427501692279455,-3.323214105633546,4.186918529755762,-2.4988719493437075,2.29283491110068,,-3.2587356675926293,0.2756014227370326,,-0.983803480763605,-3.1584631532678524,5.038150808735998,-0.7942917218667279
1984-02-29,-4.109364058901307,2.4881086708716214,2.1883430857994033,2.349654436559032,-1.1131591089876864,3.344967791534584,3.884273341277097,2.4362645383122574,0.5065462614807211,1.3206848295357845,3.6529705017879563,-3.8154349822342186,3.4924094255228053,0.7225817500996664,-1.473143204731401,5.248697918863023,1.3200405260814727,-3.874412144441329,-0.0687261783879829,-0.21131700928292263,-1.246226987165477,0.09510709924676033,0.00297963580605462,-1.135097857975408,-1.8301440165226444,-1.2510824693106173,-2.7978071601438397,-0.028843181207069288,0.2601945930290457,-2.3341828424235533,0.5176665873824791,3.0032267423424135,-1.3841801443928972,-2.4891750348091892,1.5738655583808951,-1.324074066444794,-2.4496059215394834,-1.8301440165226444,,2.433609504673725,2.2315675940565773,,7.032903511559224,4.142879789475888,4.16376442638785,1.4251850002015791
1984-03-31,-2.1680078054917313,0.6689719902003874,-2.9511181043085606,0.34577205799490324,7.980647525912382,3.1885597857928554,-0.576108232466735,-6.076997727940023,-0.4524438159445782,-2.5624404572460757,0.8017924022464378,-1.1867890861064174,0.33928976958922974,3.73515232046015,2.5919624565853745,-0.8927822175817601,-1.2303559140560456,-0.7221655129475857,-0.04082715830518374,-0.13228864585886274,-0.30956052284773544,-0.18586232456666035,0.061437541283764996,-0.9450959399385559,0.6859568715218887,-1.3779526317531934,0.833656341018181,-0.044308596452242555,4.9605211079168,4.892062369477259,0.11273779507710474,3.1230448679874745,2.0646303859691106,10.73517322580068,-2.8751645472873695,-1.8107870783811009,-4.049050555346199,0.6859568715218887,,3.390425370216452,1.7232808176938503,,8.615439682832125,-3.19553660319321,-4.383933581311309,2.245763468310907
1984-04-30,2.7705044267020815,3.1452430141116343,-4.719410435156631,4.382630378695103,1.0792471146153646,0.360912269005073,4.207622664188116,0.8295924456905329,6.4688707051591,6.037909094186876,0.2630537811360234,-3.8521980029336444,-2.136061057210229,0.409843408252639,2.4239230365106845,-2.135860789063257,0.3119416248737814,-7.933854382276075,-0.5757101225623431,-0.1948689898026081,1.5062208673845747,0.1352763266201986,-0.2946775983569575,0.5736438622675427,-3.496022939520943,4.619111614389414,1.3895175811128546,-0.01080030641878102,1.8634024740907156,9.158681547733462,0.6536203638075296,2.563741824307954,-0.9184660479595481,2.23591681228128,1.3111380922413982,0.2405283347419628,4.177880640167658,-3.496022939520943,,2.0986731158528737,0.7111903768111393,,0.4541450959250458,-6.872715756008756,1.4843606476643336,-3.357281957023132
1984-05-31,-0.9425585729385411,3.543663576319231,4.690642332695591,0.8756587512369376,2.705911929901296,9.286180792516088,7.144007957048397,2.371393125463894,-5.349733422567198,5.343275639762818,-5.374870022284916,-2.025079363828501,-1.2453384216090109,5.351560088394118,2.2517585921756744,-1.150664874669276,-1.4214227591539075,-0.6382327898125435,0.33470261121664246,-0.8192502487752156,2.472360217278178,-0.11874980938867713,-0.20689286556915568,-1.4706530836818952,4.173020523864521,-2.1087551498392996,-1.54825703895136,0.023129572429756023,1.0744928391512298,2.06895482841323,-0.7933814155905146,-3.531625726082461,-2.1507746877443408,0.7286972791888311,0.6329911065616641,0.5546279599644477,5.206708407225585,4.173020523864521,,-0.3819334043059619,-2.6421113286175144,,2.641861627367664,2.604281295931952,2.2729836816435727,0.23223268148102277
1984-06-30,-2.023979596357776,-4.472195174094039,3.8492449681148493,-2.4186621025965582,-3.873481655379795,1.0457411756281858,-6.989850027886907,2.0957492991674807,-2.231453923058938,-2.1523120338913713,8.587767394390632,5.058023083662693,-1.0991919109065846,0.3801566266064461,2.0335732042595414,4.076402460538176,-4.5961475724396035,2.8598087624507285,0.12734217129514325,-0.15041655000585918,-1.9186012197613576,-0.06763831178619105,-0.7578185112173642,-1.1070209424197974,-5.862606470741604,-0.14939247058690278,-5.363490773912384,-0.012778039485880938,-3.7860702062171123,3.0325747592372885,-0.5793369672625548,1.6481902347214479,7.453820348111563,4.053940336735208,-1.4760249357422606,3.339928357634326,-1.2855475699489773,-5.862606470741604,,8.492851893282745,-0.1231791502156383,,2.739735917047276,-6.118835764504814,6.191440535816723,8.458958255864799
1984-07-31,-2.133869610573629,1.564513764069745,-2.9404788892370552,4.071283831399606,3.281929779502889,1.8760562702109032,6.907278279521291,-3.1336746370730078,1.048782438997014,-1.3537165634496562,0.953227250497849,2.340363696624244,6.94274647659107,4.222903073612095,-9.97449816046694,4.403375152257576,5.5522659637532215,-1.3091495252873446,0.5143119836792578,-0.4865893113571249,-1.7225038173230816,-0.27867020628064243,-0.9378804653105721,-1.731241873025943,0.6210574791311756,-1.4858755939922996,2.052258125596753,0.016345336298598162,-3.396091052277586,1.313334280271598,0.833278762271827,2.414070604307135,3.407307477005324,5.094427705373485,-5.232884654779234,1.946496308603757,-5.029258739019104,0.6210574791311756,,-2.531658362710361,2.1361495785417914,,3.218600462629602,3.2740907393113683,1.5975413048945446,1.7336083238837894
1984-08-31,-0.7404516663968608,7.72207429498541,3.893443880201752,-0.0475372133020609,9.17400782491004,-6.003858175500217,1.4719667689556986,0.06313484299809696,4.454489686220445,-0.1399220943603034,-1.8978678453890054,-5.504132259641228,0.49972797993732404,5.929895605420598,3.136389105611334,1.1139107359102787,2.546326054744024,1.6800703942025528,-0.48199535171627844,-0.073620663259309,-0.7412546289779227,-0.12432256046947995,-0.6623706712719473,-3.0852189173508795,-0.5633611714228026,-2.2323259315248998,-0.9395206901121931,-0.023127188089538425,-7.083123870755699,4.4109729066406365,-0.12763568531813713,1.7907555008549076,8.182727339162895,1.135770398509589,1.1188358906746723,-1.193929207766344,-1.8822675074527897,-0.5633611714228026,,1.156597973630061,1.6966820861042424,,0.3922712050847407,2.89868626372989,-0.5407217601245755,-1.1610643428471916
1984-09-30,5.360381575410478,-0.640747876640593,0.33533413784349453,-5.4277133398030415,-0.4011580396347272,3.5536944213719517,-1.3071277531888956,-0.08780449891312261,-0.23616702060486253,4.513629188060404,6.233072456711127,-6.621307624198759,-2.2785586189899325,2.7949567250158522,1.1736519785825696,-1.478355314998858,-2.0976384377955664,-1.5895413339271005,0.2413538551031351,-0.10705463318314304,-0.23434511038102773,-0.1544426383371602,-0.5518605422751762,-0.446228078063558,-3.9052251679501153,-3.1635818090168533,-4.777403434324901,-0.013599579009151874,-8.903590887556597,4.760738674886415,4.504762876794401,1.110995767116989,1.6327761265692198,-0.4540751623910513,2.1572814668138824,-1.9859299342762333,-2.1533682358570005,-3.9052251679501153,,-0.37238742716315865,3.1834129763762347,,-2.0249198237859054,2.523542965357499,4.241257734491147,-0.9098242779201695
1984-10-31,-0.3384201996503464,0.7913455702091277,6.4341322486938894,-4.5335307679116985,-5.5121653280850476,-0.19668360149064948,1.5753663678897811,-6.774614104782219,5.446830479744082,-0.61272456311439,10.378458105439655,-2.743523596748242,2.687906434031437,-2.8423259118659137,2.4381465966435933,2.3016317310221965,2.489811238655047,-2.9917664618194597,0.15020038418755408,-0.3042209115799279,-0.1760014873314193,-0.3054030395170475,-1.1809248353960349,-2.2415571400677767,1.4838195813072046,1.4942648425519744,-1.0028225461986633,0.037694538621642876,-5.036459461864488,7.7292566478622,2.5384679753110557,-1.5613157974398768,2.0786319253153716,4.925398002826161,-1.372062415341384,1.2871659800500805,2.2549256425888453,1.4838195813072046,,3.787760573723515,2.7860289954836404,,-0.3369617821142762,0.9212103794814293,2.2499026426248823,0.5894405160165477
1984-11-30,2.4807662096976424,-0.6446107442945017,1.5876036315645097,-2.3936250696583135,2.9713532222618193,-0.6302497418288815,4.908153889957524,6.804524213862131,-4.983154001832082,1.70814677566941,2.225822897321766,-7.078422526271709,3.347929201431614,5.819028227024228,-1.9790739276816598,1.5620737841020937,1.9843141990322626,1.8440868139941156,0.041229983488406646,-0.71398100599948,-2.308115823863379,-0.12343988740548782,-0.667017826869391,-1.2321892888548596,-0.04822351970422259,-2.5560994363174854,0.8523721956987624,-0.0029755446540239983,3.8610999121537004,0.7917720313319814,-1.103076044936853,-1.044914465519974,-3.99549345006205,-0.5583344606744598,1.0083398625375914,2.938631570570695,0.3020884166730493,-0.04822351970422259,,0.7855086338705997,0.5745708972893854,,-4.906990861548731,2.69612925142914,2.344272234434011,0.7886043431695864
1984-12-31,6.6692682829493135,3.2288463402453527,-5.646443490682231,2.4525275032817673,0.17132082431670226,5.1589505511806495,1.0337212318881706,1.7335467884661222,-4.909893145413656,0.9159916306727496,3.5508814834766733,4.421826879655776,4.296169205105134,0.07026892889353653,3.9506960509828577,2.2741350120608628,-4.402031245746446,2.213784522308294,0.7857336391538092,-0.47886273219412767,-0.1160818979597189,-0.16288784587892258,-0.6393216392735579,-2.9032761898454265,-1.942804207253052,0.5108915915680083,-2.642392776759743,0.0022806124275068784,10.695458493730083,4.995287955038516,-1.12629389677876,-5.008019733069871,2.6099358001223827,-1.8811090152854248,6.141860231605877,0.19839457098987795,-0.2985461932262419,-1.942804207253052,,3.026781062776851,2.5620586263179757,,1.0594684609657912,-1.6077245366496395,0.593577069676127,3.2336258256801544
1985-01-31,-0.6811938946980363,8.425869501108231,-2.756912478749049,-3.7705218039630193,-1.2123220197826052,1.9136375664512446,4.095543483084712,-1.3192171396398344,-0.4290698158383769,0.03280540213335137,2.8177816590491447,-0.3670213803913688,0.8674413884275843,-1.7447981037144822,-0.11987753399167489,1.6601617281077479,-1.654547690838588,7.548006553184798,0.27538212983739563,-0.5863839355938286,1.4924539945190487,-0.22947434496882746,-0.8768284046290604,-1.853487765637194,-0.1530954632577981,-2.6029003894880405,-1.0909378694472676,-0.008667290176124054,2.1795527175422453,5.071732379832018,0.13656835860708083,0.019552542446977683,-4.45672713108936,-1.1763275861391924,2.6392605195329515,-4.074481287519804,-0.32860404423901757,-0.1530954632577981,,-2.6639834491537093,6.509200560470563,,1.3092579758578946,1.7064469194781555,4.530524473916166,-1.530093872235558
1985-02-28,1.6301637390307548,2.0136113845907464,1.4270935112571599,-0.816344779901524,2.027212716424079,-5.106640144621489,1.038690763223908,-1.029185972314057,3.641176869503426,-5.647915480003153,1.6672431473556721,-5.658276231214515,2.4432318151975374,0.8604183645491055,-4.055693919988052,2.6077485189029646,-4.572718577500021,-5.635975046199251,-0.5889816075918866,0.1748079261954758,-0.745446737344144,-0.1827792959933593,-0.6360237744601343,-1.910153097479391,0.39937767583531136,-1.491263895073301,-2.139035969434673,-0.012721387288616215,5.539432354488207,-6.530949777051024,-1.993994740176623,5.77315300602131,0.37149294704417457,-0.14104231429537228,0.8512963082060969,5.663179898279717,0.35966590127194187,0.39937767583531136,,1.9506378152919734,3.0693186793199825,,-1.8395226423527893,-2.97268374090823,-0.8291170902199204,1.5463704564861955
1985-03-31,-4.179774641058016,-4.5960565180669315,-1.5971100404055971,0.03181672124300122,-2.6335061462766762,4.218078442317037,-1.8620741657092024,1.2053336356654623,-2.31720143848722,-1.1118063179701096,-0.16735072834722048,0.5940283521254199,-1.5513887197332696,0.28652366511644906,-3.824556096594559,2.670447068178841,1.4410959398591474,-0.019545022252964672,0.774503316460615,0.13440740784741195,-3.258712345842192,-0.27434154213789363,-1.0357814632053925,-1.514722260327999,-3.243693615480618,-0.5173675247518539,0.8673505701087147,-0.004682725121609943,2.2571931996185803,3.8584687465738754,6.737978402986849,4.703349250840583,-1.182230454626725,-7.227045055782382,-3.127980328064724,4.044647276035976,-0.8550359078431073,-3.243693615480618,,1.5600423977401237,0.29315692097389673,,2.364651137364887,-1.302406852965809,-0.253820393194427,4.287081482896234
1985-04-30,-2.810616387908352,4.249698501808475,-5.900210681496258,4.246288724364239,-0.6865158634954562,2.224479534216579,-6.676100020178248,-3.6755006094639118,0.9045813991467562,-7.608116381913404,3.0915583724330817,3.2491552397644847,7.235535632722603,-6.402145309754949,2.228200646210137,-1.7333364596752447,0.21192298242939983,10.55446405379844,0.09485038985788113,-0.4058302188919339,1.0829620555385655,-0.2084337324277048,-0.5105837012347023,-0.693742509577316,-1.0235734294436372,-0.2216594563963578,-2.3097746594824646,-0.005633102605106632,-3.2890125810837545,8.549156185116955,1.016408131638371,-1.8001443137729027,-1.4513084386261905,1.8907180084199795,-1.973955514170163,-2.7835368379567256,-1.9570436498447834,-1.0235734294436372,,0.681967234233197,-2.625299828206961,,3.0842270785049566,-2.444440699891427,-3.037365982389496,-2.7058890943280764
1985-05-31,1.5104681516159473,3.176978190888094,0.15900849536241435,0.7911145378305234,4.382356777173118,-1.3987784618278982,1.9902447504015015,-4.689630365094542,0.5371547627180716,-1.4988585622964776,-0.2564275799542358,1.177751771387272,-4.276830076000227,-6.758289014165109,4.074857962068128,2.954517740257766,5.033077366889361,-0.012372979256501937,-0.3410740901240187,-0.16975136887842612,-2.8426380115219767,-0.09056048511214368,-0.4254804566192487,-1.9657778884568313,0.6116555751706185,-1.0083326728290254,-4.372494085952865,-0.002163233503836348,2.2685649276508926,5.099173476019425,-2.0513553935252045,1.1502684383843933,0.3849225263687024,2.7299521000298466,1.550953812651255,-3.8026531981420506,-1.5620982370062722,0.6116555751706185,,0.36248254163568006,4.218980871958071,,-3.2044059368888647,5.072894114256047,-4.805804216705469,0.8637796951178768
1985-06-30,2.536763000240336,1.391238069571716,-2.682471434459755,0.23636384145698058,-4.503218266110468,-2.027542699434734,3.233943449257445,4.037975919878047,1.2544206192412677,-0.8833764169507885,-1.1707418778138545,1.294053656548008,4.541544740009445,1.8405298660508906,2.7598121147509502,4.9881043952682385,-1.396833663633369,-0.2927555062878126,0.7904142630889588,0.14566684763514187,0.9779586238113083,-0.1334941636637189,-1.1833854356912126,-0.5595183435909695,-3.3611532346233486,1.3833496193865145,0.5430399783404303,-0.013262311423040463,-0.895955359303612,0.1408558764497756,6.008527015358416,-2.190529945487392,1.12480313927002,4.124768705537169,4.690012940001103,3.418177247094861,1.0285077866241112,-3.3611532346233486,,-8.930357439694191,2.1622323792517313,,-4.030719783725652,-0.1726111022567262,7.383637795490461,2.32085295798581
1985-07-31,2.7129931602641837,2.763785406210558,4.219962703604371,3.472278277031498,-4.392961428700976,8.052648558493368,-3.152951502691809,7.694823106842186,7.8057115466743685,0.7113892754771542,-2.8980056246015184,2.468766078889242,0.6987964614314182,-0.19355678301067125,5.363545932955893,-11.382555416371094,2.1038901318993655,1.108603985386155,-0.22386272213973868,-0.904986117017053,-0.04376115228380806,-0.14494487591403082,0.19192734722107319,-0.7933488048209727,4.453356217184816,-3.2591256324323012,-3.2773496964678923,0.006519034705556148,9.066832901556275,-0.19263147480264586,0.010885479985220547,-2.7315854679576788,1.2788995493686128,-1.2583882164535196,-2.046009887781142,2.081672067523789,-1.8709406142328961,4.453356217184816,,6.232799692067235,-3.199714422375624,,-1.115304389373808,6.694540896896328,-1.7468310136930416,-4.838663701262609
1985-08-31,-6.836055871382135,2.4067431534397628,-8.24148004403242,-3.5989974357248538,-2.91596121579124,0.46027038900665235,3.936352768460609,-0.6843313583876982,-4.333266344651521,-1.8018334835684782,-0.9116775932325252,-4.303063528227746,-0.6951871073854603,3.4063739633132766,0.24051488349397582,-0.42998319211076036,10.741414034755197,0.42480850865807035,0.784630140384915,-0.615739502540577,-1.8408252710651456,-0.18924204356886032,-0.48898921465266276,-0.5789354946753493,-3.053641144471075,1.8501255036458224,3.6820057502501307,-0.0055056389837112585,3.18522585273005,3.856553202975129,1.2264442790865744,-1.843226207969532,-1.5122390289850485,-1.7086332784407678,1.5601980030422153,2.856073227006457,-3.9315501091197946,-3.053641144471075,,0.9108323005741716,0.31603325713674707,,2.23874890254844,4.8814211717505165,3.6153656184736835,-0.8658367923080514
1985-09-30,9.155829334590809,-7.20434409757999,-1.8052382943483878,-7.013837875941428,1.6842064399069518,5.059252821161459,-9.833322755939676,3.3817988822872573,-3.826933088861831,5.784206004943729,-2.738846885802122,0.060871000529868546,1.022928640617486,5.636120632163757,2.266373661133593,0.13978548939489832,-2.906560108932208,-2.492337841393727,0.44707810608659493,-0.23311836686861298,-0.3521676905456765,-0.10029553048024381,-0.04526314635258999,-0.3150590491635844,0.25938558825554814,-2.918183976377264,-1.7097085984235996,0.024834168751247,-0.9562081751815343,-2.1470152647998164,1.7927094873310687,1.8691686027285326,-5.4740082354609525,1.7161177582345877,5.672016438323617,0.9274628355710259,-0.3665992868097402,0.25938558825554814,,2.2534202533510745,-0.833251856656471,,0.8373731789728514,-1.8544673024809328,6.545059862838796,-0.6574134547076104
1985-10-31,8.587519033755978,-1.6200865921629997,-0.2299083291596692,2.4571544647737227,6.085189138579658,-8.154844118417252,2.0863304204693414,1.711620854179972,1.9779801726652644,-1.9342691013749684,-0.6059682063807823,3.4580595349569827,-0.5798112883043323,-5.855872466796007,-0.6402503949616549,-3.0465430437626404,-4.763487241256415,6.084168338640349,0.49869701170322145,0.03083314428809114,2.6948378691298966,-0.04696979745146612,0.18704545983291954,0.05515629075994466,-0.00515134966552927,1.8775496000109047,-1.2643220026567992,0.01395586938299509,4.0847719400348,-2.0718039974136664,1.8423904147245933,-5.022467355183284,7.071883126122566,1.3232521057896087,-1.122560187850382,2.527363107746898,1.9107033542067269,-0.00515134966552927,,-1.6654496560087937,-2.566141644272725,,3.6992442811114303,-0.15174432795025972,-2.907030065666474,-3.0737251832902457
1985-11-30,-5.549804603290982,0.6242156653220354,-5.8347263638309,2.4252458840139135,-0.4260891457712112,0.045877246321102405,1.6105019290293991,4.086687060103894,-5.288030274043091,1.876474485061525,2.192214109313162,-2.045496290136906,-3.9708401607200745,4.48752539477043,-4.11002563031196,-2.2499403893006003,-0.2572892649341048,-1.0250164431167057,0.4908225507003559,-0.16918367849062327,-0.09831765198952999,-0.09913943313293466,0.049845820471641045,0.012976961912119944,-0.1507286920056337,-1.2578629001315413,3.217451970621058,0.0017850980561780472,-3.897759984192989,1.3596705945634997,-0.48488375278719137,0.7798267657561475,-1.7395968457114879,1.2201521614750541,-7.396140864315043,4.246918681533929,-3.577964120902111,-0.1507286920056337,,4.806807005664611,-1.6040339855085473,,-0.7899773164324648,1.9835552158613041,-3.5892202405497464,3.8584822768890197
1985-12-31,-4.846545393045382,3.1673856171833386,4.199670123648394,2.7931149316509094,-1.5554254067195161,-1.8841776157705141,-1.2284812043737152,4.4283907422222315,0.9352033639789867,-3.217370804565425,8.306148498750087,0.747061882314749,-6.424671379965393,-3.702072212905784,-1.1739942552672002,2.284108639004484,1.4073604747091664,-0.6750816534989927,0.6219698412447967,-0.09327043326271478,0.819535952529683,0.0705300325291946,-0.006989244967769592,1.0766029733229752,1.384305564965893,-0.4132349791576364,-0.5575829739777872,0.03211499647049143,4.213012763300813,-1.8084119630381406,0.8448541636354239,2.131484079654183,3.2768646218270847,-0.4177266776378298,5.030257057451378,-2.8643821868378536,-5.541812648822375,1.384305564965893,,2.7049314552749957,2.449015011673165,,5.37575530023152,-5.798002179065603,1.9933433983055846,-0.15673787500973668
1986-01-31,-5.058728806142906,0.38919661667153854,2.88587082562749,0.4847172370708028,0.46165127645509635,-7.538973306285912,3.811158263452878,-8.346558390278965,5.5642728197830245,-6.818024729601829,-1.7086337763044581,-0.6205203796595229,2.0601743314985175,1.10629549714229,-9.948557425873533,3.23654734871286,-2.9373238233919476,1.717508997086129,0.7233059266180153,-0.10293222795499607,-2.5511258587365133,0.10392433154130959,0.18302357322506885,-0.2924098103460395,0.531022841349301,0.438669677648674,-2.4613038888475045,0.013961288400156091,4.383579192288435,2.330981468583672,0.9464142175446761,4.3696348561120955,-4.590565948452869,0.6688140472621418,-4.334230436612,-0.012956583725310444,7.1847044308361605,0.531022841349301,,1.691194285438834,-1.4762807245946705,,2.6562549841859475,-3.939219013234456,0.5493350254362996,-0.6000765673291721
1986-02-28,1.505846465145554,-2.3396614487674974,8.23180365260966,0.2947751044935562,2.8899292764758284,-4.484285675336946,-1.475834740106818,-1.482577112496247,-5.841078007313277,7.629050920420583,2.1374285897191383,1.066006499789659,2.991294749498869,5.829371783123674,-1.051613696255816,5.972358242106088,1.483973203547267,1.0209906923581826,-0.11912112120950785,0.39804676390506993,2.43363290688468,-0.01784922011747636,0.43555563715232254,0.19997735303768255,-1.2971222565028624,4.6372877398853065,-0.689586898572294,-0.015988409850656637,5.810222821212607,-2.7363979255586113,0.6278059693486115,-4.631802769380465,-4.2228099116031,1.086083449266678,-6.125561472841396,-4.646793675078323,2.971541603334885,-1.2971222565028624,,-0.9268914628434273,-1.4764432586454874,,5.9004411313175495,-5.765042382073357,0.341800730825984,-1.2876393627308558
1986-03-31,-1.9002693971416842,-1.1313881791773244,1.4707410177093834,4.277077121032849,1.1583673021825212,0.23636151283770973,-4.813056946034458,0.35913446066654847,2.487586832362288,1.0302036047703844,-5.793065226916001,8.624724167460109,-6.266499053017013,-0.8849048447495269,2.0071936109249378,-1.064682955732606,-6.746528037054975,1.9173912357455605,0.2663308733232272,-1.0407001058513454,1.1230036385532003,-0.004361270381470661,-0.1406770503714897,0.8095095448273684,-0.20033810241838063,-1.5116545899096134,-0.024589485552987456,0.005079686153721841,-2.521955562968426,-1.028978561488878,0.3961721083386565,2.766691979315491,-1.6415882052056565,-2.3756006570876327,1.7290353937384328,4.011135213367879,2.24670230226612,-0.20033810241838063,,0.4900435531237772,-0.2914612129173876,,2.727535550265269,2.8100241754128183,-2.0760326712654407,2.123767952797627
1986-04-30,-0.01146869187949906,3.513638259684846,1.4837646617522795,-2.311370156305341,-1.8939126237884916,-2.4566700133155503,1.612722233840267,5.186939653973953,5.151532364012829,-2.1578565424493665,-2.8724063455204307,0.9694647435011663,3.7989823285968107,-5.46439351340454,-4.646662928331165,-0.30800744030000643,5.428642842818245,0.5088261309507522,0.13776257317081614,-0.25707513164268375,0.579987665335226,0.05874648012057865,0.6069373526260933,0.35170328342622253,3.1386637474332737,-1.4350855907788693,3.760035397111464,-0.03607454029067725,-0.036408288959017154,0.726603810961612,-4.834161926495634,3.37870261689234,-1.1791885307495178,-2.91787536172107,2.786404243136467,3.134265499166863,0.48233217135813794,3.1386637474332737,,2.1085218082821036,2.026869459075245,,-3.179194649091374,0.08431099280835297,-0.1809997492737872,-0.2926644530956881
1986-05-31,-0.9561771170814054,2.885095069910615,0.3455346395582587,2.27699616071943,1.7379682190173962,3.209618808584969,5.595538200269825,-0.47610238467200816,0.5021439271322351,3.6179304050259136,2.335611900404313,-1.405241394952943,3.929221003935096,-0.7352439753559892,1.6073801146063555,0.08594660274708632,-0.3221381897559209,2.7680273035973673,-0.17729891873061832,0.20010972197486054,1.4369056324186893,-0.004369699882358358,0.09092229598459883,1.2175001974555504,-1.571799346114752,0.6316325900148526,-2.4924666305021854,-0.0063357338539534735,-2.2698047566557458,3.9690435926282612,-1.9717290849493718,4.507250771051673,0.0263646127201439,1.651290382098518,-2.9775814674578625,-0.590409742129047,-6.854811334904927,-1.571799346114752,,-0.47153740202000327,1.0475568804685524,,2.259793879527206,0.4986190801749204,2.2310556433907958,-3.2069866250942742
1986-06-30,0.05897385878128858,-2.795803965895171,-0.0462684226803855,-2.751578556037369,6.4692308423779235,-1.7610283786827308,-3.920030387380662,-3.2097106761461336,-2.949951271529001,4.308341769704141,-4.934422016026828,-2.514689605989646,-2.894477181917289,0.5662550570848552,-0.3760236508121078,8.635827198145044,5.862644360673938,2.368368712211128,-0.09720767650007761,0.05404429430400065,0.5753370473242436,0.048143448976234404,0.5295656001516309,0.8515134384225314,2.2937691167741465,4.5913215956036195,-0.030258619588953706,-0.0022262160066577885,8.106925686327255,-4.8917143427519765,-5.6952359748547465,1.9414559083087972,0.6264428481958142,5.890499909782863,0.030678641648705318,-0.18344954274990932,-4.077534148998753,2.2937691167741465,,-5.644146527129693,6.985950454361426,,4.502797451328455,-1.2018848461409395,-5.170841126440274,-0.6090996118262466
1986-07-31,2.2484253050076055,6.268160275570095,3.1859813516775928,-5.660111832119281,-1.0907662180186324,5.252606282460048,-2.885059581920858,2.394879134912561,3.083272016906813,0.4086297960367516,1.4835020214825445,3.8393778391300204,3.7205165080982265,1.8523247301853123,-1.431791852184327,4.834434688427259,4.681489205618662,-7.161277042233308,-0.36045135207290196,0.6513181495290314,-1.2672699435613246,-0.023437078192378058,0.2976655775129781,0.0010840444396160165,-0.5356815240180066,-1.4939827103843126,2.6909892114355367,-0.0003003423206179301,-2.386133069537191,1.3484327540370225,-4.722161705875046,0.46136972165808926,-2.0218868806486805,0.3983885827106188,0.9473506947595063,-2.5871316455962123,4.230024006147199,-0.5356815240180066,,3.8487727041756035,-2.5869278514055347,,-3.355289411724547,-0.509219708577032,1.4403573700196597,1.0099091115556391
1986-08-31,7.014211705845456,-0.819968966316797,3.089033576600313,-1.37534343919127,0.8785083198546599,-3.480850527683399,-3.6237825022137695,1.1942951008937222,-1.3254452627477196,-9.916106509665413,-5.7537082106152715,1.9520790098757057,-9.061528472787034,-1.276750899255054,-0.20984576451708364,-2.1436831238243577,4.325959739666039,1.216800273868165,0.8644022937436382,-0.32810979027291215,2.330015426584236,0.013410264736168631,-0.286609004425626,1.0234254726251133,4.26646784612822,-0.5775321217429814,-1.5554390987362092,-0.006563214931851025,0.03572038588292492,-5.7193281692233375,-1.4027358371430043,-0.867680551649344,3.0990092121809316,-2.1848620805408676,-2.1208984404164277,3.1429179787644865,-5.796039922142714,4.26646784612822,,2.6052781116697115,6.270780255347818,,4.082136641071296,1.7513706483627793,-3.0330905263655272,-0.4860723087289575
1986-09-30,-1.213302439931245,-3.8863843561289886,1.705102377431742,1.7856892612828443,-0.4919036889433561,3.075399896342611,0.05556485283228063,-0.01403734967092335,5.470730966674725,5.7895753876830875,5.1992507037677616,-1.7940639016021653,-5.37561793010751,-0.46856714671744737,2.106135285238948,0.9037861453531606,-4.793146806498245,0.541099248133337,-0.17549227056354244,1.0267906381261023,-1.480920523812303,0.11968195734261833,0.3811193049352395,0.6395530054553278,-2.4630149128570973,1.0255932557584444,-0.2287437577623055,0.002690541727819573,1.5425360510808912,3.8982707022733942,-2.67362714190451,-3.4572101729769584,1.8695613801929216,2.7320270735353795,-1.2527626229941462,2.0417846110704625,-0.43157652765365717,-2.4630149128570973,,3.309607826796854,2.1509493926651975,,3.8310964545417185,0.47855401600611636,-6.329308808130909,-3.8660621404518745
1986-10-31,-0.9659628628028002,3.978561537829402,5.019754710998485,1.6449747299254964,9.186039786385404,1.9949728091293513,3.576273517634181,-1.9617787613954394,0.4057112164972946,1.8681373144786444,6.110566786976429,7.60004753533616,-1.7709390036024346,-0.3092285415633327,-1.1523116605604242,-2.807570998015012,-3.747504501115849,1.6909845670254477,0.08765489902538237,0.554532475763272,0.9664125080188849,-0.08490280250641774,0.38682430304408577,-0.6352093163713775,2.477164937532001,1.25756918656821,2.3720052873312256,0.0017284803725751696,-0.7854334998157949,1.116223053134108,-3.6395723639419755,6.3701476988904036,2.759251150415368,1.693963513252219,0.42196056222004563,0.17214361846511667,0.46847522926208685,2.477164937532001,,3.3122830506589436,3.317794237861863,,7.3147454900269215,1.148772252266879,1.1393089084943493,-2.756219789154377
1986-11-30,4.4457566826849995,1.9685563873345426,-1.4192559413700367,2.3314720596259715,3.380728689792874,1.306668553749828,0.17047004518513958,1.443016103954266,4.269881545821785,1.2731327907847585,-1.3804643859210888,5.18996506765953,-6.426473909217045,0.9668337845229957,3.380861390008202,0.5479569676300144,4.4543162884582514,-3.3845417127171995,0.574655969773902,0.1401481641274795,1.401031862528103,-0.016230559019946522,0.1068189202784951,0.4031161215914903,-0.08073942040635793,-0.06121942733000141,-5.38567124667287,0.004697661441971701,0.45315628762364085,0.46074385074752716,-4.515039927651765,-0.007683929135403722,0.42660741484833914,-1.706579343755461,2.593788729314284,3.0351569415609347,-4.944357877493784,-0.08073942040635793,,-1.5326176563046583,4.54915738287845,,2.8774735352737033,-1.1465729741032296,1.0832771244703425,-5.863553092654508
1986-12-31,1.703993731053423,7.535176503741177,4.785804681123425,-0.13098205479749903,-4.074901007408285,-2.046943533789684,-3.21384262009503,3.985731223259444,3.551002294774782,-0.13471161008620658,-2.0613972777453746,1.6750925058806867,-1.7565280924268418,-0.40930228000190083,-2.226435203774191,3.589319057724736,2.893444859940095,-6.447493363589614,-0.18664965576188375,-0.1446634562052631,2.113151687420279,-0.08784816785766236,0.37007971065139156,-0.7188541547456294,0.6913255808597645,-0.296264993081018,6.195269417291116,-0.01571212839290337,6.048760627353857,-1.7998984924005699,-2.4321368268425267,-4.577043149346181,-1.5591819188304183,-0.5953333078066048,-2.2760354418006763,-2.742184725140465,2.958913141683559,0.6913255808597645,,-1.7780615198600611,1.3560537582301386,,0.037032072993065324,5.9645583180694395,-1.9792709015982666,-0.9113682389725009
1987-01-31,2.0309546707930406,7.079389186761664,-7.6881112388722155,1.5412291776818867,1.8746756187303955,6.332266168148125,4.182838352633503,-3.934876101856535,-4.2810815223468905,3.4012734946143945,-0.2530288923468023,3.712697453331831,0.7946677903238117,4.872548706268164,5.545918690787942,-1.9465897685844735,-0.17066532805278406,1.9214222063114688,0.40716693204183035,0.38309915572022907,-0.09518054799172196,-0.06409013333734465,-0.43370111786131504,0.6189418362026073,-1.9842704237487396,0.8990009337007276,-1.8200509630383797,0.010344717098762723,-0.21860758934987012,1.223652874587846,1.3695107106080517,5.126707774838852,0.19225098428911053,-0.5533961671406371,7.677986975232671,-2.4472213201088713,3.067588732607144,-1.9842704237487396,,0.9918222374513668,3.538384457309247,,-0.11616836591401686,-1.2931775693790384,0.27560520312337916,-3.2318708279126893
1987-02-28,5.024268451607003,-0.7090670799823406,2.196133312319326,1.9041712414425194,0.36233750094912714,2.837396838235925,-0.37190515238144856,2.716781174909457,1.1721444510538828,2.2483239851256434,2.7371976752173013,-1.7821229138881967,-6.795231623547839,0.9003378596272567,3.029815186791357,1.7197064529077652,-1.9281645485088095,1.6659616208359156,-0.2906499874138582,0.3294015302289585,-1.7422336226905843,0.06337391248007729,-0.15675525369897653,-0.22726403465101158,0.8086541513876253,-0.4065837260653902,-0.9828596554694491,0.027245996092749136,5.82518918390223,0.8786282914044312,1.9386396063942553,-1.5438689607211107,-0.5710210833199398,-1.8087576478163976,0.6045989432708163,5.122311209590371,1.866143716009758,0.8086541513876253,,1.4141602695937594,2.4997142529464096,,6.473191098035844,-5.592753946443138,1.1791603855227197,-1.7573289535619712
1987-03-31,0.055553241466112846,-0.47086967365273846,-2.789634580862447,-3.7409909654293654,0.31525261708652363,1.9068242467617709,8.21248933041382,-6.213522291144809,-1.2638325143250708,3.915445634423986,1.231187886630261,-0.3133908653512013,7.825467120298222,9.33380719939549,-5.66575508103094,-1.6201456156603564,-5.1521906098792565,2.0836452802992924,0.6716372280681467,-1.041995370774405,1.586802378366598,-0.18166089291493992,0.04077488529953127,-1.1063121903671398,1.0521995669972424,0.5048274246458688,1.5888992450733719,0.008786118375556706,5.544521097467716,3.7026974607251826,2.0635441397238234,-2.603639798197277,1.3341590861988668,2.9888508390865884,-2.356896502289118,0.22870009686199622,0.3484413770099474,1.0521995669972424,,6.921175493008694,4.125595499334654,,-2.0614026373866,1.7199619900819552,-3.204675516269614,-7.048653927059253
1987-04-30,5.5484023246681184,-3.0009421692359104,2.7902707422108577,4.929380225312991,2.505477727303637,0.3803682075701868,0.413510319976145,0.958028722375398,-0.14665891786124524,-0.2160838419841104,-1.3559762891222902,2.986057998150083,-0.795621372462554,-0.09257612932168796,4.564254420066167,-1.3459921699862292,0.5753755374880929,4.551590231703119,0.3946935267348916,0.06405932895798933,0.014476874301370679,-0.06870155986741591,-0.29351269193426754,0.5466186262346098,-1.4210506403858958,-0.27053511199565833,-1.7095221666740472,-0.031822860082382665,-4.986939901300122,2.2979863121534483,0.0015432714801383862,-1.5419723213810168,2.709602829666676,1.7621495989644347,-1.1526522263002632,-0.2495321649102903,3.222252909367814,-1.4210506403858958,,-5.935556584922331,-6.271593705668055,,1.3605562570765004,-1.1030425392336902,-2.6955792007069963,1.0171383702531143
1987-05-31,-1.708047965541545,4.971137686950081,0.9288055345121411,-7.9665166048790015,0.9779000825288924,7.963728430582227,4.370605305205013,0.22551982087085637,-0.2548823083658677,-9.245320978780395,5.496967736003349,1.1166834161775763,8.27054964822696,3.21119305055509,0.06864628107548887,-0.23863387143859288,-0.9130674894175839,-6.308943918212146,0.11642984077402402,0.38370806067995494,0.32825481655364325,0.004791124301297023,0.1183937512478126,-0.1668014946809234,1.5974560640158308,-0.36098553986370724,1.097477935333538,-0.01281052442645969,-0.9484626502154176,-3.5407278604137167,1.8838453441995708,3.0120011300013085,3.2246734255825413,4.748187133736506,-2.489961127702319,-0.20351296254807077,0.6084248534444481,1.5974560640158308,,-1.9260065765317547,-4.5419406642574085,,-3.446096933764838,-3.2059360129417223,-1.2700712703651682,-0.019890702761515
1987-06-30,4.651873966290295,1.1055605899068774,3.9482909759814113,0.036853494926682606,4.096281447951416,8.830775552507028,-1.0565730465851475,5.407955995085208,3.494262137901168,0.6158945746877693,0.22346997065891538,2.225407691025657,-0.5996201912352039,1.9261722006857556,0.3315597033279851,-0.5342445752555357,4.517594091985995,-1.7540445296820628,-0.3143719188891343,0.37321692610338064,-0.6527201131292549,-0.013285088839868786,-0.36645922602153314,0.5399663920476533,-0.029665242497338484,-2.2962103200687016,-3.3188535122231526,0.04148621219973386,-1.8313860195178193,0.713632505039203,3.436814221462983,1.240463297187988,2.075701040724252,4.195887873301268,-1.9610227605547674,-4.492719515350019,4.2984240757182,-0.029665242497338484,,1.5128725302254487,5.165198651885531,,-1.2547766122402335,0.8277613399397195,-7.22854432035344,1.6246371950387202
1987-07-31,2.017855005598036,4.415089635814763,4.506071599393056,-4.137359135908616,1.3995270066786616,-1.8426341220182532,-3.759703857711668,3.9218057743072854,3.772192615186602,-3.8540497391595028,2.6477732153358757,-0.8518718899560404,-3.1766166471818837,1.0781840390148618,0.4150327511143842,-4.1931656063305764,5.920045814265255,3.308755878386091,0.24604978195170657,0.5095190960658019,-3.5712746836599814,-0.10998817237648476,0.4261760515442732,-0.8898903149975251,1.4878596941616062,1.432986669334233,-0.19397263540772783,0.0016925233720125887,1.478914279531435,-1.2428812771390132,-1.427359790309196,-3.7686243330076055,2.2779364387052796,-1.6302941911212399,-0.6296462748065434,1.4703255639667936,-2.9442377883890596,1.4878596941616062,,-4.200883292079007,-2.8857607410178807,,-2.3439017311787986,0.9707922804780268,-2.897606913997578,-3.4977003436360494
1987-08-31,-0.605911288808835,-2.6420098774410565,3.798563379284312,2.8753077828705678,9.187010923398645,3.4899025987240035,1.734123795234713,3.136892667206329,-0.09781882863470992,-2.4193336797220217,1.822870951387348,5.142151219619397,-11.303879319159364,2.364067289103673,-2.884152367890352,-2.602688277345978,6.238982904081605,-2.1531769993859338,0.8582686390718354,0.7938728041369415,6.051586029015997,0.025221040855766153,-0.757819034760312,0.14587544025563248,-1.130997289637284,-0.6484212135251196,0.27840279782387756,0.01585201812726378,-0.1422469518326196,0.531297626651668,-5.608680852109716,-2.2487945113709937,4.317405763260952,-2.0260925884067063,-3.490717835501754,3.3363681651405472,1.232887877675649,-1.130997289637284,,5.678826564098218,-2.4384713024450604,,-3.6578516602097317,-0.6148681159242776,-1.311480941425676,1.2605767625368327
1987-09-30,3.0591307812563633,4.592345314642569,0.13158636878260072,-1.7615879297088375,0.33365718392225163,-1.7476199853107404,0.3636532995575049,-0.8431020572810161,-4.814869827956017,-2.4490050283658134,0.6626081975445547,4.04454992311641,3.446047326925222,-2.7479762548112516,-1.0510435047185842,-0.7461807335653828,0.8769355712237777,2.5476032742872152,0.1028520468527977,0.7028252062655344,-2.97900466337395,-0.10197834623746879,0.24267269508622713,-0.9502470769475947,-0.8986679651647622,0.19724140544975466,-1.2068989619655257,-0.014668250996768661,0.7718909405467805,-0.7974519524278822,1.6265193787967909,-0.7657358905733496,2.4590235116229606,-0.27566952195869343,2.5291855510548413,6.9064701146281084,2.0379862860447697,-0.8986679651647622,,0.18669972236689336,-2.055180020612104,,-3.93556015082359,0.8554579728494561,-3.6052904371735344,0.2439789551811411
1987-10-31,3.326323516962642,4.357689387515348,-6.1324800649666935,-0.301272739806748,0.7019137834875033,1.6315475143600444,-3.125783813404161,3.6960429715579752,1.8795495646364766,-3.61219652690582,9.097733595637742,-1.243571472831904,-0.6903957780736218,2.8864596193287997,0.2591382918065143,-1.4268000916365922,0.15759394015909395,-7.882659984512281,0.8002717774134118,0.18422107520434178,2.2503606587153233,-0.015544779607908843,0.2815434719845428,0.46306949369399525,-0.13287947013774262,5.4117618734445045,3.904670031557844,-0.010177606738138667,-1.1545405010035927,-1.6488421539881997,0.38983131244265995,2.805268264310176,-0.26071633883174034,6.657573430544839,0.7487095858889299,-3.6097723583485526,0.3279185779170633,-0.13287947013774262,,6.579694757763798,2.0633333004697145,,3.210898531051535,-2.6161032354877016,-2.5749141173718635,-0.6515463862828998
1987-11-30,7.005228401995301,-6.134797389727705,-0.7709886813962793,1.015916104071375,-1.2001976249492103,-3.2872445175284803,-2.7222816560725627,-5.955477781182671,0.20903224056422154,0.5528670964466921,2.1451929560033025,0.542607230655168,-1.647036579848682,9.079716215733745,2.219273001972534,10.360699704468281,-0.5494279508384876,3.968369770876096,0.22521825391972017,-0.10554997051726345,0.00017727550120588687,0.09139412093688143,0.2931465250234925,0.9093129786793804,2.0038923154191908,-1.8484197230017503,-2.3274641132607994,0.0006831909876155451,-2.2933833574585316,-1.770421384082371,-3.884429209467351,1.8279422732991364,0.4038679970748298,-0.06034397231460226,0.8509750302266766,-0.7065494784923998,-2.5772167367015593,2.0038923154191908,,2.091764991228599,-1.766602595842088,,-1.34405560382153,1.1793549024301182,-4.692159404241272,4.42716621828169
1987-12-31,1.1970303586103057,3.282926144279208,4.266058396131406,6.586813051857307,-7.363696028821624,0.9152317792727181,-2.698625500417082,4.8071618315424685,-1.459994826284408,3.276729780475733,-1.9963396048402942,-9.213268456052834,-3.7454832113325143,-0.6789633414445159,-8.490975106195641,-0.7554454130822758,0.1534440352543439,2.8389220525536882,0.6854415911563526,-0.5250441283037112,-0.9682223898246092,-0.07852220833261206,0.4689420422511801,0.9276985225465871,-0.6086604456674835,2.1445326397896776,4.511190560948945,-0.01772542781373193,0.7221310855607525,0.4901836739200266,6.6566391279218955,7.37339005584135,-0.9666880747798978,2.643165417681931,-8.356705117881562,-0.3808523085450125,-1.2227606340859138,-0.6086604456674835,,0.45681753600801966,1.5084531983888363,,4.762764853983547,-4.512904563006849,1.3005991562291732,-0.8457165827283524
1988-01-31,3.4160678318800297,-2.1778653539933712,3.8365394072812675,-3.4095932053053524,1.8611545717723315,-2.59223997835295,0.9037280609338683,-1.2946682331604922,2.0764230813038305,-0.07449137231725206,-6.115888768381346,4.538512781729415,1.026781182703316,3.6026167853348303,-8.933885933295887,-3.0367117118916145,3.1493703501023322,-2.8283878599522296,0.49790745915056456,0.37354366404095907,1.5679074561020567,0.12830820374734786,0.5560118654039843,1.0192234702013692,3.0262405765818476,-1.3090625047921995,-0.005115301494463709,-0.001856039716846558,-0.29877896231815015,1.5604577215830808,-0.07614042016803929,-4.335696316492532,1.4065848624213573,-1.8779052763476647,0.41824570368248426,3.369726573198525,7.293690055663162,3.0262405765818476,,2.2596878318811067,-4.595782542203675,,-1.231108318923718,0.38727036735580234,1.9102988092929831,3.3293638882884107
1988-02-29,2.7453520057348397,-1.6121946538046898,-2.3437581167321575,0.8779871346609656,-6.997630699419273,1.3963608277578334,-0.962757456117308,2.0484832237694603,2.5478450847226544,-3.097877062469657,3.218215772267416,2.4932449115906103,3.9382288355147583,0.6478545874299102,3.7629755599998678,-1.5334540313426763,1.2344283373539073,2.0674158641399374,0.6992985535898777,0.6173790147271374,1.7908831511281291,0.10512718946361005,0.17102848320119202,1.1482490808848607,1.896064418131258,-0.6830190863986865,-2.319355799918687,-0.02071824915283671,5.972935200511574,-3.690795569998465,-2.63022940444149,3.447365652681226,-2.366525733694948,-1.2459054385540302,-0.735412294337001,-2.181861866629328,1.1343612011604034,1.896064418131258,,-1.8296205558444498,3.5310526988395665,,2.613671781281683,2.62449227262396,-3.6013519018092226,-4.943225655902189
1988-03-31,-2.2591030401358405,-1.5084011926400311,2.440895634428797,-0.8147823461196115,-2.5936173190702956,-2.909594247449246,-1.531533211916459,6.075958637318793,-5.5949210791927415,1.9959963492784134,1.3069425261668364,-1.088820474006657,5.799690468406827,-0.47874842322074007,2.460992379544173,-2.6748041326913947,-2.834995097581955,5.246874343026197,0.2883825664259734,-0.20725345917830018,0.5214781756464065,0.12772461355326814,0.7133058806176995,0.5268651681835509,-0.7315846445858016,3.544275581315329,-1.3982254468491349,-0.029195410983821113,1.1279862445359545,2.9341775457838706,5.019582655509174,-2.8300593709932738,7.635434644333454,-2.1047408052509766,1.2734295936432527,1.7178332147963944,1.4482760572318594,-0.7315846445858016,,-2.4017450212424816,-3.82784399186027,,-2.1598154008048382,-0.9021737648610648,4.5700955559109815,-2.175305939585237
1988-04-30,-0.9478332101700753,3.536793402238865,-6.990609906037625,-0.018138262479963807,2.4857650803449265,-1.595471697125436,-3.357121029570295,4.751852214348854,-2.4702687197826054,-0.6463451035190325,3.147020335769032,0.8928887425550649,5.004233217309838,-1.3398586356383138,2.340433311796018,-1.476145838516449,-0.36827944737892093,-8.058161246705927,0.7866724522111972,0.15753882865363206,0.34448366564127214,0.1950706807071828,0.6760118830349717,2.347464596016619,1.7844919791888727,0.07195725068139802,4.347731424401923,0.031007665566923526,-3.192359011926118,2.8937522648167997,5.236359210588608,-0.7961079839538439,0.05936028798968718,-1.0047095952603005,-4.442534532034515,-2.2254777240053962,4.964359184527418,1.7844919791888727,,-1.7674620434155996,2.191452664797483,,-1.4341579930109587,5.262007437708733,0.40967966490890456,-2.725972568475041
1988-05-31,-7.083153038848793,-0.08969438875703614,-5.117205189312542,-0.12422641000805135,3.1971673629828374,-3.7402764402198305,2.0476956386569705,-0.014554912597159186,3.531052116131345,0.1436786105289179,-1.601357054931502,2.918218012365105,-0.221258226657887,2.8214043573275402,0.7772308454376875,-6.40969536715707,0.383815797481143,0.08876325367529225,0.0944501711009827,0.4029418426129506,1.535189804688921,0.053734850844603166,0.7629575728394429,1.507371203158756,1.3729501651252292,1.0725509653033698,2.005951118457906,0.021776302053691854,-3.367066169752052,4.900747767608486,4.297155683275344,-1.8881325535929199,0.04859364854505249,4.114105993941585,3.225174053608485,-0.7731592140951091,1.359407481801637,1.3729501651252292,,0.18920912025990272,-2.845735178765823,,-1.3688893508568383,-4.900840048743265,0.7328264881589515,3.935691000680453
1988-06-30,-3.2904957528883214,-2.251724440626873,-6.606647071435323,-3.2324402153222827,-2.339358209022588,1.2214843256448287,4.255696695830493,-4.065487395741517,-4.132114275541833,1.412666168037345,-1.0289381402169273,-4.4677560040587965,-0.22856152099517715,-6.463070328299881,-3.159657219096139,4.928198083546977,6.215629111005987,-3.1815626396840337,-0.06577231283142698,0.2687586072060299,1.2221898945484118,0.2243580985835481,0.8880206652762423,2.3352795349530724,1.4440547161115087,5.347315043343665,-4.285164147880785,0.013091275639475097,1.4220807629860657,2.264981921358731,-5.339323955106041,-2.0549847565695667,3.056103070606193,0.6359674295099393,-0.09137169836862327,5.682646938615423,5.322809959605811,1.4440547161115087,,2.232356802986999,3.1583225516372266,,-0.9581118481210096,-2.1604931906535416,0.24327139308860107,-0.6842538651427001
1988-07-31,3.2879791160205283,-1.0682924183026092,0.16883066954582523,-0.9298000733480022,-0.8055410424364321,0.93559645495151,4.3544249362308,0.8633724050963462,-0.16753269925024972,5.8870139882250125,0.7012054216358569,3.7288008841616374,-2.777311411489444,-2.890736643243578,0.44701919424232917,-3.1898496360155484,-1.8346600224356175,0.31527104063553546,0.4631505365415184,0.8355131453564429,1.5048160163147442,0.2579072537418273,0.9314434489998343,1.3796973683307527,0.08054020472284326,-2.61921362430545,5.815925912348874,0.003121525599268482,-3.716808502471618,0.669683158968344,4.535711283591697,4.268377268193257,-2.9695102786451355,-1.712647979897662,-0.9820980936572321,-0.7409213554348868,-3.127863746382164,0.08054020472284326,,6.123203795876198,1.2626441731609341,,-5.451048234544774,2.875413876422959,1.8473577587559642,-2.5084668570822406
1988-08-31,1.909144750876596,4.444482710838553,0.6666956398573053,-3.85844006694906,-10.609783064022348,-3.3058136748578697,3.89640062767404,1.579407286875166,-0.4139330644621389,5.597576292510576,2.3797022689224465,1.656091259261625,6.173736065476904,1.423444563272314,-2.7160303707006945,3.498867431676009,6.23413155561519,1.2352348439922771,0.0023561185273844876,0.5076316713810302,0.7312965509357064,0.14548580713879283,1.507034374648398,1.9773867660700812,1.2836988283870738,4.4215774649867,1.56153456511742,-0.007383160979755471,-0.4921276892486433,-2.2011765101445873,1.2076480156907512,-1.7168255014483256,4.267393965775085,-5.133266193206102,0.6027458703166646,0.4682978991470721,2.8186526931878237,1.2836988283870738,,-6.319299419804821,0.02784906995686015,,-1.8621609972186808,0.5049803105186422,1.3423615441883494,0.6148801623331157
1988-09-30,3.9253864813329047,8.73137693181793,3.9380753027935222,2.7010922600219383,1.1526339230491445,-5.157547034878603,6.260640360497336,4.009637088930017,-3.4108849858978054,2.8410451092039626,2.980993044866204,-7.191252136799843,1.0967349123501953,-2.4281585424829792,3.9514979658955856,-1.8626860809877297,0.4736765018811411,-1.2670243742862284,0.044291280270981614,0.6502790585963047,2.3479355459477915,0.21959814567023161,0.4134394168450536,3.934906194912447,1.0116358230288125,0.49734186893628063,1.7138381821293092,0.027288016119920183,-1.9073154169930862,3.1741487487438116,0.2934239908094878,0.5479053373939513,1.0406059808565964,0.7406597291960935,3.9433664099623966,-3.580546008461761,4.152101859856513,1.0116358230288125,,-5.386329707408946,3.7166977985345486,,-1.3253677977537457,-1.9269536111625767,-1.3982616509440757,-0.04820336173884776
1988-10-31,-4.490498704200448,2.9574670618602203,-5.911037209772913,5.351771837924807,-3.649722343468209,-1.3922208707478174,0.2704364341821759,-2.7674751140161593,1.7240097909999808,5.824099596718255,0.46113394487093307,-0.737357546523026,1.226220664561116,-2.7359938001696444,2.1661579813946035,-2.4165420125600616,2.6123674539281456,2.368525940079271,-0.38124485225784044,0.4421681038711034,-0.7274032300943807,0.17957472013878686,0.9369392048352363,1.3420702884030902,5.839733516734585,2.2275471102000894,2.737484766028122,-0.012347626240016008,-2.232421487600865,0.7024931932654854,6.269791854545853,1.5506465892132033,-0.040015568008759966,-0.015728214231115617,-3.4177760479891957,-5.178537260465189,-3.2839530142993913,5.839733516734585,,-5.443251341677977,0.18749519519712857,,4.024085576518222,3.0870804404828442,-0.2710805716628588,-2.873891890869073
1988-11-30,2.9789755109611185,1.3966060659191442,0.34661980155201966,-0.2089972724293856,-4.369540055759467,-0.7081362549149931,-5.125790156744531,-1.090965057611974,0.43719532445432174,6.48354419186664,-0.9769159522046117,-1.1511906526957913,1.1139761962908628,7.326282814094425,0.9010293927521434,4.616937792960359,-2.4169023826486176,-1.0018136072540917,0.2784704101832224,-0.0536530806479375,0.6249766353739673,0.3024874812947455,1.1480334924051978,2.6542331127850955,0.3647608437488167,0.256612468820534,0.09300388237811208,0.0015107273114730313,-3.6406471659664614,3.9096742482105706,0.6895598603564889,-0.22193449095427725,0.8760225685213828,1.687216458810906,-0.3615011544478368,-0.4800911989048393,-6.187579437406148,0.3647608437488167,,-3.670531589507702,1.8055000188587162,,-2.2629108935480735,-1.0317663464622766,-5.005554380570826,0.6132742495786994
1988-12-31,-0.83166931262441,-3.911488448394583,-4.183765914213287,5.614534248309119,0.9812276694553054,0.4898806176224402,-3.7591753292122676,1.426897714806168,6.618144836617335,-1.5121222465841035,-6.7041331290848,1.213311403314655,-3.310143684253477,-0.7246163677253267,-4.666704895734752,-2.490029723834115,-1.2634642578447388,-2.9497799910159106,-0.39154093537181567,-0.23357815733101683,2.6774900826171986,0.1986934126027759,0.5765425516933158,-0.06287590723918807,1.473323358632637,3.467642436369634,3.1948903248965563,0.0012611418493805038,-3.457437602398783,-6.931756881141257,5.34717380642953,-0.8111146074694259,-0.720708461719815,-1.4632528191342034,-6.047232861036149,-4.772278619994899,4.967911578229276,1.473323358632637,,-3.8988858786026475,-1.813858948241407,,2.941865938005848,-1.6567203185224333,2.2619698061688753,-0.3007936809388788
1989-01-31,-0.5776335893707025,1.7392255581521,-0.09499915623127442,4.0371207108757,2.1345426818563062,-1.7507587833268525,0.5445514457705676,-3.8254289541904214,0.12201731488490886,0.11593817022376257,-1.2821089564659092,-4.420623302008939,1.4388844785782786,3.807849028023568,-2.2454513095259,-1.5514701329874532,2.702415669503253,2.2549602253459327,-0.2319637237809523,0.7435456177034628,1.6450009959560794,0.14184431013365872,0.6886405886951443,2.51446947085793,-1.0995306445611086,-0.7322044129541367,-2.2347458975965893,0.033869937160240365,4.48808955624365,-4.772500657082865,6.322515217595629,-1.3270438810271612,-3.020309198062841,-2.7084592586781584,0.6885634389256162,-5.020281022802001,0.8734818923116375,-1.0995306445611086,,-5.738422908595083,0.5071638325741691,,-6.189316715961303,-5.8677086870621915,-4.0880046948476885,-1.4221481298816054
1989-02-28,3.1497589340371954,0.21894013344655938,3.0213329232623343,5.5027836527886755,0.06920136581387062,-4.3747188281345695,5.021984350410494,-1.0231457510238753,2.6826902478694725,-7.102633846195141,-1.706717867080002,-0.35323397353337926,2.325161413956307,-4.433000450956719,-1.8701508867222993,4.7197677126622155,-1.5338922837920974,3.059652834177815,-0.35309956974325324,0.6935180730622275,1.5372989500653729,0.18963931269995482,1.2700287730604665,1.7285616219875286,3.7884133394773096,2.094958899574878,-0.16905290254288152,-0.008731965509073764,2.4360231925057607,-1.565745541830809,-0.9793487923152848,6.885105711067292,-1.1617048748507268,3.7213164139294594,4.895472956493516,3.009823071685939,-0.9897000187443925,3.7884133394773096,,5.28944577343058,4.293070631696174,,3.05819985406226,0.34898027521708036,1.7524290958791284,-3.07456093865561
1989-03-31,0.18463651597450587,2.882819583820015,1.1271373117051002,-1.1585643635382925,3.0046078713860678,2.4928796666206052,-2.0390972417453574,4.4764195559307565,6.905405146913642,0.9675416174322714,4.801853225213473,-8.500382597633099,-1.664076511168151,1.657771114797093,-5.417224255851424,1.851284475989155,-0.698939183085726,-0.013252973072535257,-0.44746151886392205,0.4638295067580521,1.0397521490876653,0.1025383521672513,-0.007169612988170093,0.9729695990700177,0.9920497530030848,0.2921356662928676,1.3257205087494488,0.02604820414789455,3.2596230868668377,-4.043026331492794,-6.717873078823175,3.3053561638246194,0.6256154045248118,-2.3248104128678015,-4.031410712954691,3.3683383085400758,-1.7357303343741615,0.9920497530030848,,-3.41535876788317,-1.1857590554334592,,-1.505629782616766,4.687764203674011,-1.3436262240554893,0.43033998524155603
1989-04-30,-0.6627217309603984,-3.0123012657462898,4.835877430216261,-1.7647334217821848,2.2904402560622894,-3.198982334722112,-7.389121146985354,3.2914958581642892,-5.07380400750503,0.4934001567594032,-0.5639113403296317,6.681775917011607,-3.29641037969606,5.562411866162941,0.5947380774693253,0.6274996102954762,3.273219973558098,-3.206208736037612,0.1496989703011722,-0.1453106172326288,0.8687184299329256,0.28001758358148754,0.6819157430950513,0.5782121472169868,-0.24961899490774042,1.8275888763520958,5.593773809144658,-0.026862693579650668,8.45685766062489,-0.30411343056754025,-0.9496162041333045,-3.7591988700781096,2.4865371899575424,1.840743944790126,3.228468623457734,-0.8141185598860357,-1.7812682001717208,-0.24961899490774042,,-1.0097933686382476,-2.537763431827948,,-3.458526984835218,2.334487734600044,-1.0730057587507993,7.089991601695824
1989-05-31,4.4161276199054855,1.3507742506120914,-1.087267863448611,1.70367234461276,2.8471149679707497,-5.156648756465002,-0.6395386313000222,1.4972637864939826,-5.886383578408435,-2.486445857079022,6.351248295441541,2.429494213401243,1.6070980078913708,-2.780140298731171,1.0767797289741212,1.9449454853446615,-5.958021231155755,0.9395506038856922,-1.121668779284147,0.45385084696335426,1.3929920315421764,0.13745650631475775,0.4766385895628314,1.4295343997191459,3.1440520773299983,3.5094384502323335,-2.312909600685131,0.0014492736402320627,8.794147655008935,0.22803663130115176,2.0904650768749833,4.978272396668297,2.3250801602601503,0.7944720418881395,-3.590247513011039,-5.2022209723060095,-2.694254594445796,3.1440520773299983,,-2.558975656279833,-0.09305168735730346,,-3.571364495566502,0.6011345067601441,2.9160933829071314,-0.9804560570402634
1989-06-30,-1.6024352009843041,-3.009358464740733,-0.05081172211564172,-0.353023471185365,-3.24246149638745,-0.23615042833945904,0.7413033669802989,0.20840390137593418,1.3880213149665286,-1.1578718534014485,-0.577928889576582,4.815397290370158,1.2024319923805051,0.09694395818665008,4.804083047045371,-9.240926056037196,1.4459112250791275,3.9940360098932404,-0.6174377817636314,0.037384835638386404,-1.7937491846836733,0.04034928789524039,0.40320354396265085,0.47791009121434264,-1.9734895891122326,-2.101541441991414,0.921805944628614,-0.019494491678713408,-0.8066453772374322,4.291675846662845,3.103202918992796,1.676105861894872,1.4856973434726606,1.8755532543239861,6.137096566471266,-7.697663126458247,4.315331479893868,-1.9734895891122326,,-4.421617435219561,0.9868682193588976,,2.3884227347515083,-4.75486186569384,4.464024932163452,-1.4679711829041269
1989-07-31,-0.1714887836076474,-5.108314599926193,-3.488573308882086,-0.42257524994057194,-1.7366566761944806,-2.813515463168197,-1.0299345765763528,1.0011670389257745,1.229651446267382,3.9649075901121673,8.483219254215806,-2.4162814811289035,-5.625037558694072,-3.4749957854805444,-0.7176857533320948,-1.1285516868286962,-2.5138928705860257,-5.075203088806972,-0.1613265316258039,0.8997313459579004,1.6069949225520859,0.06570419767970928,0.08091048178137936,0.3089668674613688,4.326548575896531,-1.6529966313372795,1.057510644560073,0.004413131568256068,1.1304473466129552,-5.481967187275216,-3.1275073996920995,-4.899021248135813,2.244066730373043,-1.4303068215083337,1.3141589022596818,3.6531098499036805,3.5219077585031213,4.326548575896531,,-1.8080196428456827,-4.747098706334369,,-3.074759683510841,-0.2791526612433801,-1.8920857220661373,2.7008594993878408
1989-08-31,-3.4184396900816054,-5.374195923304645,8.536260476322232,-1.3274229412356013,2.382254499464949,-4.239346748647555,-4.089380699922794,-3.8432232515873794,5.7881997829752,-1.777404837272511,3.144870104220466,-3.457948841263388,2.517694120586006,2.205566764484584,0.9045254515804649,-7.366626877742663,-3.9841623649975753,3.310752561452792,-0.9291304512138373,0.42662400594765815,-0.9415708138782297,0.07199777780129743,-0.1353729376663734,0.14406577885876565,-3.42917767555532,1.2717784564070538,-2.797991852783132,0.019876040136194012,5.613852579254186,1.3812210840597694,6.145085266570328,-4.16331449127658,4.792731773459204,4.09657116328551,-1.7270736853838033,-1.5640904415309027,-1.830939919476791,-3.42917767555532,,-4.063330991177338,-2.0644871600874133,,-3.5776480074704518,0.4850611960345834,1.7934734247195285,-3.8019827882405686
1989-09-30,2.3611195044205076,0.44473658157043183,3.723125448924619,-2.930717760981332,6.827505585191393,4.105528923642655,2.2958846990949944,-2.1693023306791943,-0.9245873336981271,-3.914220703334109,0.2625092672392976,-3.3458009582985504,-0.288115499787175,1.8800896063832404,3.6705971787923746,-0.018847344020698986,-0.002374239377477383,-0.9280250940446179,-0.48544912270591034,-0.05096648214413735,1.1229465648646586,-0.001975737681523204,-0.08236057746846892,-1.057624198817296,-0.3554742265567002,0.958701962288522,0.2703757174948782,-0.0008549584842095226,-1.01906328390602,-3.205724857861386,-2.4978908517216882,-3.2060776892973286,0.5529266234701363,1.1495232574570466,-1.5467852837001164,1.2668844773802244,1.7820547616031472,-0.3554742265567002,,1.239229313597447,-0.5802276790383267,,-0.8486510137714283,-1.2793335389340674,1.4789856876873535,4.017178334706843
1989-10-31,-0.2687429782978321,3.8040503514300648,-4.012669918848224,-0.5810090822217231,3.894153533644579,2.8601964596425673,-0.6209380211319925,4.633407060169235,-1.7856165358270146,1.392717942865259,0.4127956049302258,3.7225384285703433,4.570252457356577,1.0329599199782211,-2.275725451132331,-2.9837001978154767,1.5242743593826713,3.625324024752293,-0.3019207891688761,0.2329506421208757,-0.3680651031955724,-0.038984629606385726,-0.10107334798942136,0.21053257676771778,0.26980431438068353,-0.16403763388260953,-1.284215919089606,0.014059891888844878,0.4839177382542731,-3.212982428471899,5.021505741984609,-0.6824885328130629,0.748994478011217,-2.9389165329635305,4.362401681907327,0.13804714854548664,-1.5037313078154482,0.26980431438068353,,1.4104524523414126,-1.2108156086535844,,1.2579642687380501,1.0721433612251734,-2.7605535565014434,2.470515410373737
1989-11-30,3.595024194967736,1.361508348628193,-0.6338345120022262,0.49228001221894807,-3.345180213096935,9.515972978083681,2.305428985826135,1.395902009622187,-0.30659614168585797,-3.9840608790351557,3.9509344859823012,5.548590724067376,-0.9957229344282104,-2.9598673527052806,-2.6066906181905423,-1.5879914712671257,2.229872560463058,2.682489807507155,0.24031050338261978,-0.2836768948418816,-1.340637861497793,-0.13977772636656555,-0.6212652490447994,-1.5821913938438628,0.6769994416670719,-2.4208756917556364,1.102894183497158,-0.00448825744592074,1.936161342501834,2.7500601371058253,-4.826068478307332,3.876651841804056,-1.8562827113279827,-0.18083697684897754,0.39268767355264195,2.0492947924366325,0.07804708984418535,0.6769994416670719,,1.6900772482177437,4.4700506326700085,,2.7635832061341365,-3.1876874177043772,-0.5647403308858316,3.9920643366390975
1989-12-31,3.2978465192679973,-1.375430493844977,-0.24051937706217508,-4.766872882826178,0.08505593541318013,5.148472186882801,3.1397184807639777,-1.2038330284404757,-1.488496355537411,2.1337882475789742,-0.44250422265029354,5.919678156358062,2.594557631771505,-1.9774574918355414,-2.300406226990769,1.8837761543446754,2.12950390771428,0.7065089483686986,0.4673713368685948,-0.4303498054681101,0.8757864442431165,-0.007634897197429602,-0.03384956561468898,-0.3256531145507265,2.1273793972370743,0.251608756547143,0.1490243017477339,-0.03128540133458717,2.0792660502270133,-2.5708193803727983,1.796811700060372,-1.4782046344813846,2.2106394411178787,8.472344467915184,-1.8056377507734398,-0.11903451379267171,3.057922848051594,2.1273793972370743,,2.5351473388632924,0.163780414370788,,-1.9003673120045703,6.075052330899352,1.1849892029253979,-4.200406129837834
1990-01-31,-4.3378697914442945,1.7546146080274316,-2.6042352841286203,-1.4092381572877462,-2.894076575224682,2.8774730303468274,4.906712453589384,2.45232426655192,-0.5697271941253939,0.20179394136806905,-1.2766991262241034,-5.044647273438661,-2.5531492479922697,-1.8455143670002068,4.061848726880848,-0.43405107273067833,-0.23868651804797736,2.856144687919161,-0.07473462667328623,-0.22490631174149844,-1.2550632962761414,-0.11332954843912682,-0.7212652146892679,-1.2144419972546936,-2.9956070163087674,0.5338134484346032,-3.1849597492636565,-0.018289318534213894,1.3436002074054743,6.178685981723788,2.249873180554058,4.775143568355386,-3.713864410444975,-0.45248884245430887,-1.3516331006730098,-0.7683914809016995,2.548051373918579,-2.9956070163087674,,-5.119848581888999,1.2301646435459792,,-0.015877410277487125,0.5782822777835671,-2.190096670152415,6.77262984581378
1990-02-28,0.30345785586765983,1.2913641129939668,6.577792465504427,-0.29908091964204186,2.6328892419501635,4.810697245402918,1.8038976725093856,-2.51615455474595,2.192521766977185,-5.238585527342959,3.1049653079645205,2.51728663664826,4.284822200019671,-2.119624994846604,-1.0423256188395842,3.8163640030596104,-1.9874242949843928,-3.840652737487304,-0.23737869769075326,0.11020126915090689,-1.5506681713897308,-0.08055006371553503,-0.26640176664122783,-1.170283902851382,0.12912717956056857,0.024577410241560516,-3.931012625764878,-0.01846329349915135,0.9547615925243431,-4.84225292535792,-4.929475013612254,2.5985536334131307,0.07722194382213998,1.2519124806018138,-4.0093337599348216,0.5505742157914367,-0.24193423692663685,0.12912717956056857,,-0.44481857365528943,-3.507844244796509,,-0.9105401738533645,-1.8110890197126877,2.4221196704914227,5.204850108709162
1990-03-31,5.610389716117508,4.261336714358159,-3.5814607351122265,3.9334988925607934,-7.139072961585861,2.9723201211772716,2.935251474899954,0.45756117355364817,5.060888138537183,0.9482700349133331,3.414968973958354,2.2247419569961364,6.115043982739099,4.803305743170067,1.7459272298074424,-3.004327695802306,4.676252375130861,1.5496131277538778,-0.4483449318554263,0.1457741433482766,4.064130956813617,-0.07390202471945632,-0.5169415971153245,-0.4703169907582024,-2.952056344093743,-1.5476796126346122,0.3464112547234541,-0.017921213289362553,0.1033998198833066,0.42799400732068266,-1.3762635509499588,2.212587469229176,-3.9986886962938746,-5.38407314792982,-3.3863319119324764,2.131105678735009,1.0416975711595855,-2.952056344093743,,-6.700993274150198,0.7845788792410988,,-0.4052349478933916,-1.6951856456576566,-0.5163811040058108,-0.08464921705444445
1990-04-30,-2.0088967542726097,2.2258531938979607,0.1011127629906809,3.8767130837973083,-5.059767802250124,5.646275677371546,2.965878470426113,6.575755659811287,-3.728081611626206,7.559847949592889,-2.923913042801671,7.976185807663734,-3.0500324990453267,6.986134987580919,4.789034566884264,1.6845332077348483,-3.4969714987412748,2.5101461886926684,0.09022373790888666,-1.0712529145369165,-3.071021007661827,-0.114776139588632,-0.520495151190236,-2.12894877085251,0.9069004211704044,-0.05075466427731318,4.61052113439148,0.026465235166230644,2.666056204622177,-3.232552819298842,-2.6399711670194677,3.2353497587270788,3.521888938845625,3.6011303523658285,-0.47360602245014555,-5.198797058287632,2.31842181382968,0.9069004211704044,,-3.0023304548867626,-1.0992326114020488,,-1.529212365341639,-3.29169566979047,-3.215462867855565,-4.766732286859676
1990-05-31,2.428091006696212,4.56789841696474,-0.964168906387234,1.9309842362258238,-5.412768397825981,-0.2382441366806073,7.151432511741409,5.510318960755698,6.380142360011591,3.390851591700157,1.1143026696104048,0.8811662720459493,2.0039364716671524,3.100391810853106,5.067208334025746,0.5073465507658025,-3.9552888052144843,1.7422210443572732,-0.09433042022010285,-0.05945128388952392,1.264980156902042,-0.0852465047441509,-0.29732640549124645,-0.09109257411888975,-0.23556192328195688,-2.0781278940914465,-2.399551719194642,-0.04473344020678813,1.5819278304408515,4.829610854481546,0.22851886745399924,3.714168755615329,-2.0122217557918325,-0.12709891417989683,2.991664153288411,-0.49702682715289137,-3.165419473913467,-0.23556192328195688,,1.3624253933200121,-3.2221302149278466,,1.9388932557060943,-0.9274713335902284,3.3627936886497136,-0.502397184169626
1990-06-30,-2.4688232783880033,0.1582630472518373,-0.4773298332449418,5.588965766093826,0.39062390776762657,-0.9569898642298057,1.7018739076326292,-6.1904468451558206,2.945303964429778,-0.7965667221665456,-0.8647022211678619,5.033212072030643,-3.222248983522933,8.280293374078957,0.5553319642733768,-0.021191216652829054,1.0486655976716044,-0.8915020481315905,-0.2621541894063526,-1.1962906471701205,-1.0287641260883944,-0.0612665362686155,-0.6371289597947757,-1.313352016215972,-0.8281355873624365,-0.7259322295912951,-3.615273713135494,0.02682157464229798,3.127264497841074,-3.0510167431155244,1.903602483396325,0.9793404071103318,-0.3910143662772908,3.155711286404379,1.1544056457603658,3.61011442706519,2.4411424164312505,-0.8281355873624365,,-0.5707623707085826,-2.922734205844898,,3.817202174913203,-1.5780442172260294,2.9778148550245636,-2.0887348247791517
1990-07-31,-2.9213753938663958,3.097109717412481,-2.1172132384180884,5.394103310692835,1.6814424281569933,-5.9828979802960225,-4.4000864120224605,-0.03858717245452667,3.544968456598087,-3.564858872934691,-0.6357156192987461,-3.969769680295851,-4.214724250965749,7.93964128842674,1.5496378538512061,2.6775363052355816,-1.6252227546199258,2.7960672485576294,0.24285452043530867,-0.22744298858870046,1.9838115749161,-0.08879201078743675,-0.09222395692281225,-0.3740598222218243,0.5120198962016176,-1.127325867434532,-0.14519743159311058,-0.004426733459545862,0.42116480605657514,-1.2170864210511385,3.9795303377229185,5.089768802847753,5.577021612287759,3.5496402610057323,4.529691824138925,-4.211273549131478,-0.9368534239340147,0.5120198962016176,,-4.564160567814685,4.262600475456773,,0.22417972078180062,-1.2303420052540475,-2.0585307598181317,1.4334650334726657
1990-08-31,3.004768607528674,8.560169290063467,2.3918745929746734,0.9448817641771211,1.8209826034400056,-8.999563482638184,-1.511856510836555,-1.7234871266402283,1.1258691305689876,0.20614560314804878,1.466918016370115,-1.067227012827719,3.3301064660785338,6.404085985487063,0.18494126082585302,0.42476260613612327,4.46312911700628,8.502583443167456,0.6025097349865335,-0.5543989457097446,-1.7391604062510517,-0.02157742334555826,-0.06509856315513293,0.1732945878947801,0.6079574786565909,0.13713366335061114,-1.8004542270384194,-0.018321299644145306,1.2853266518679693,0.9596725064011337,1.908623842125677,4.482214248211287,-4.1397318592054155,0.5284109845729832,-0.10563644956034299,-1.3922032053295343,1.5602547165332015,0.6079574786565909,,1.0846908311070724,-2.1059061592188186,,4.022337001146708,2.228828117162033,-2.8433640900276145,0.11107541232383053
1990-09-30,5.742456384721265,-0.0830360349030701,10.987008207574242,-0.8055452124712535,2.2383816946454598,-0.5061014626189732,1.75624031504682,-1.3991435971779274,13.019867823006035,0.07595680797807924,-3.9714757075997724,3.9060398806466257,1.9006484238714207,-2.38870088640022,-3.758285852606928,-4.409766129007168,3.2049289653129653,5.450040276700565,-0.9656069355434653,-0.40342303160365955,-1.5718494281440734,-0.13847016462528555,-0.6259276567804353,-1.8426165993148824,0.2975726672987571,0.5374812675630078,-0.31781267228348603,0.011806349133814925,5.124824328928235,-3.7586413935180403,-1.4886101616835314,3.5416270762021957,-1.8189875596156366,4.728940292914105,0.24359168408121185,6.662403524707345,-4.264588285210953,0.2975726672987571,,1.9272466513721878,3.5120471900775714,,3.9964990172642914,-3.2528926037701806,6.909517040272426,0.7655160532014185
1990-10-31,8.420625151241019,-6.252053781628283,2.475302559242333,-0.7228904343475572,-5.677138215607553,-0.9681028680772384,3.957995401086715,-2.6513599072790406,-4.189329325306074,-1.8128277281716452,5.68393708802705,-1.5121525498304416,0.5575416684954151,-2.248346032416936,4.890928755565976,2.82773540557841,-4.685886055311013,3.019979253931155,0.7466837938058303,-0.5449695823049493,0.7343106046748129,-0.02512865463687569,-0.22631719048307514,-0.6229658765758278,-0.2014709036765482,-2.650219826340275,-1.2077733828380908,-0.01593655973770758,-5.597330179787162,-3.1747015469631847,-0.41113255886681566,-3.7767951075962016,-0.6059422555142567,2.78346718763039,1.106202558222873,3.8932019875781054,6.3263575996098105,-0.2014709036765482,,-2.837629393134917,2.684781221960883,,-3.6587732118100758,-2.861485467987366,-0.6720426391441746,5.1658643710223
1990-11-30,5.000124876215725,-5.392188789226422,5.369951360813898,0.01843589236082277,-0.5718025661705847,-0.8451008422331769,1.09692558725453,-5.292052785094684,-5.552785481590444,3.0043758383461796,1.0207147965064562,-4.371652460050147,2.5533962866040976,-7.38355760477327,3.6460166702484496,4.102686744258051,1.0709939254966372,3.4644842896988095,0.07254777805866708,-0.45939546162268685,0.722077700370335,-0.01773854891466159,0.2857205426144046,-0.5092582348137179,-1.9901100604727442,4.253309750025592,2.2734181848082895,0.012832141578818151,2.914684096770984,8.711931837436508,-4.111313552513776,4.0944696634507185,1.265026449869611,1.4856256766564337,1.487820477612598,-2.7051087741550854,-0.6139027425595917,-1.9901100604727442,,0.36900791853539183,-2.0870005072289985,,0.20492498740011744,-1.7008652954329562,-4.871312585508282,0.18443558700012497
1990-12-31,-0.37618630670541386,-1.8763324802309953,-2.3143254731330853,-2.724545115174442,-1.0290066377326155,4.494624620094407,-0.12677819328564763,1.5242857138221748,-1.0266428629798852,2.4771707964644345,3.4230317465880207,2.786367522057804,1.2081042806006843,-0.0009758685685482271,-4.362208934733048,-5.995729581254843,1.8690076794592352,-1.113418386140147,-0.08869753167547031,-0.6232079800688364,-0.23578337426091275,-0.029610750229698418,-0.25485244623051584,0.5105806400455956,-3.3600813895150217,-3.113853386357853,-4.162054954263292,-0.0028016284640211553,1.8822443202435621,4.0054109457005955,3.1656450831560763,3.0762818349081327,2.72181700706075,1.9224515209751762,4.673097194279074,-3.5086394947528867,3.074012655618158,-3.3600813895150217,,2.602348529526474,0.8563119876156169,,0.4564537074573136,-1.654845468876075,3.008327928275307,-2.601095529309915
1991-01-31,-5.436098934197326,-0.6864576541486935,-1.891369776895129,-2.777245753122785,-3.978556362166734,-6.256573995249408,-8.743667267694864,4.926333233223793,2.4716051743147007,3.227984344979221,-2.732655442417598,-1.2997150497136705,0.970800537652501,-0.8243902441285728,1.1156464980595409,0.6962274145548272,-3.807745833804044,1.7978543907067182,0.09615917245028624,-0.11654443412008844,2.609287129965339,-0.010476849045942732,0.3980960595786138,-1.0109293050471229,5.351893491082963,-0.1306242814502706,0.6000456134907234,-0.01143394719846183,1.2310166651311065,-0.0856183031276414,-0.9662567696059982,0.18464301857820972,2.0228400961277417,-2.3761707541476786,-0.6298239689840087,-3.321471329344347,-2.976418106904566,5.351893491082963,,0.5912066245594771,4.484835166536518,,0.5673952017913477,-1.2042867490803983,-5.083486910011166,-4.315020401944006
1991-02-28,2.4249578401665337,-0.8795730049533542,-0.9376994919953735,-3.551346501811335,-1.3640541083962654,-0.7676102226446229,1.1810610990896908,0.03264173393035413,3.003413995232221,2.7764595793899405,3.570621077894355,4.242458601733798,3.7364699727742128,1.5990405874586364,-0.3378837847782665,1.1807448374673424,0.9756146269373438,6.051100880787086,-0.06436287587333789,-0.36628914678187474,-3.471969542319219,-0.02886319634414375,-0.4209933743063402,0.16218060692026343,-0.528021584536319,0.8964866511102816,2.154349897311701,-0.00849260639956681,-8.478717333242137,-6.714479973307981,0.046365625168183655,-3.719652542326759,-2.968120647739035,-1.9475037178207624,0.5501277662850521,-0.6029329058558996,-4.395103702046242,-0.528021584536319,,1.7938350304785398,-4.46174139104086,,1.1338054640328457,-3.6490462203388385,-2.434648615910302,-0.4261489654793643
1991-03-31,-3.659290961011534,4.608903147879966,3.17683855161765,-3.1620020231407158,-4.610750090624355,-4.5386224735918725,-1.3347489913584105,2.0168256265281306,0.4213631192295478,-0.9798975519285971,6.039885382114964,-2.781975647049792,-1.3374816879798146,-4.251527516075594,1.5702276092756187,5.982533993221672,1.9632376209662221,-1.1392774035885582,0.07423535766266048,-0.13909743298122262,2.6858861204963413,-0.02593927240910282,0.27943445275419926,0.491239709319842,1.3179964323786033,0.7574875700602048,-3.730987577037978,-0.004028256542329439,-1.7766670749401374,-4.1672845426197345,-0.7324338276794602,-2.35813842026997,0.1352236081988058,-4.169367220039245,6.315045047096629,7.678455215211463,0.26162196231284035,1.3179964323786033,,-2.874856654069447,5.512570053017909,,-3.3581249006236544,-0.09267525593172427,4.0698986268129795,-0.956771609034148
1991-04-30,-3.1013095072698644,1.525734130637685,-2.106356890932101,1.0776618207466981,6.850700556671154,0.777506347297197,4.118512769957773,-1.2427522994014393,1.7336908596966283,-2.181383126447849,1.142792838909691,-4.538911654895926,-1.9101329798776279,-4.105118216973403,1.9043348691660649,3.663892160585991,-8.916479883125964,0.5330022208796137,0.27019772344224297,-0.8399460197735205,1.058515598169585,0.09662452072676209,-0.1224800974793503,0.2870697700148626,-2.7400468257922976,0.9951166064718204,1.3011540820017125,-0.0024148228369444136,-0.030561333086627895,4.959445857862974,4.891885641826186,1.3378208520429906,0.43777511085227633,1.1858156049232798,1.0183159994055773,-5.898969031074413,-7.552439187458876,-2.7400468257922976,,-0.5094357663303553,-0.8689190805528753,,0.3108345415783777,-0.7309131272699196,2.5624615028297346,0.4800666388406489
1991-05-31,-4.86008789963401,6.9616538851970535,1.6060185653151513,0.4335101367412929,2.4197149834657536,0.8488861421133774,4.422481146383308,5.517898079641612,4.427822173275513,6.11562045451741,0.35952366813361114,-2.581445852444174,-2.324386209441171,-0.0436722720528703,-4.290001302718724,1.4491133753989063,2.66431917720545,-2.559190008424711,0.616149103185582,0.06819769089691005,-1.7373828936128126,0.004766626454507955,0.5396746995891305,0.2671473687416204,1.2495273896422117,0.017867480688076948,1.3288611978905114,-0.010253698358236307,3.258711528250217,0.058322124190704566,-1.4029624398715774,-2.7656901720359004,2.393142724763325,2.2396112084971365,-0.09133523598715396,0.5458963330647001,4.529487803284495,1.2495273896422117,,-2.1467692991485143,-5.022151162020764,,-3.2446675929563074,4.372869952436901,5.239574627176382,2.6098462941299836
1991-06-30,1.1969990417660212,5.45643651115151,6.024265614105603,0.3481262412762339,-2.890786397172212,-3.889366345609908,-1.959284777225437,-1.4774833420705409,1.4205727651573776,-3.317911374483721,-0.16268509211466173,3.739031853316196,-2.5178577799493107,1.9071551735898644,-5.981533777733244,1.231550050997172,1.1896536705566867,-8.291194610628683,0.023564603628483366,-0.34464395135999726,2.6980312243842044,-0.022379824538400622,0.13542747703668764,0.2522927898803228,1.0457015834125911,0.2742507906610776,-3.089316158817705,0.021212023597644653,0.3673405494935901,-8.281593167246339,3.420154165817544,-1.9480577877852892,-3.729805832813563,-0.4810418886877428,5.7011067892221385,-6.20223526389802,1.8725957742854218,1.0457015834125911,,3.5988278645437317,-4.696287061440884,,-0.8672063102163592,5.128390619874009,-3.918981899670973,2.200425270559637
1991-07-31,1.5866849219614976,0.48536387650251234,-1.486739421049304,-2.669347498350954,4.478329838955923,4.526833720706105,-1.6559687010382715,-2.988332464381774,0.09945600487715198,0.9543705511390742,0.02304173900986292,5.677994390637054,0.9762256184262604,-1.6814758368787666,3.652303488544614,-0.025351668364201968,4.854861236957984,1.1114886960902117,-0.25499004134118286,-0.5533941007807216,-1.5932711208378267,0.022803880166458262,-0.13652272772099555,0.11112484636026546,-0.5298939882813785,0.07294123459273541,2.30390280464981,0.007323915568910905,-0.09222797396259275,-0.6101744919293962,-1.902241126724617,3.8408423083712244,0.1928723545039435,1.3868060246466272,0.9248798051606449,-3.7631569913024414,0.3554980487291298,-0.5298939882813785,,0.6688918752309996,-8.522138739699692,,-0.38643777801588797,-3.686968197513977,0.968831918460911,0.2248361736373081
1991-08-31,-11.78205980357311,4.508447590136744,-0.3174732235055768,-0.3606729141322052,-0.1820526717788365,3.5970794021948573,1.8024168686654738,-0.605698606674345,4.034684665215929,-1.7431739424870523,3.1256329569214807,0.7416897525925676,1.3170516637962,4.960358496607854,-0.04131561646011689,5.06627202620887,-3.2370306968774063,4.489237029781581,-0.4981107920853219,-0.4646563467979599,0.9427259172151397,-0.018869184747724616,-0.25446967643634044,-0.06312436669019308,-0.3583837488545474,-1.2483387510670363,-0.6040575142773077,0.018613325732459884,3.101304500674111,0.18075806988547505,-2.90454789381755,0.10755688725621926,3.759543395909326,-1.871703131051695,1.2546354817901506,1.0560369827818668,-3.598493528561921,-0.3583837488545474,,-2.19185717336661,0.9171031327668171,,1.9486300693436895,3.209465206582223,-4.167387579097718,-2.292898368539126
1991-09-30,4.632131863521581,-1.015826741351268,-1.6899452551144891,5.318214686591889,-4.794439749789536,-2.9655568222610516,2.779869565716924,5.65292831808449,1.667226359103793,-0.3246320434694057,3.334853987022313,-3.5252167926192124,-4.145434630877315,-4.8111958799500565,-0.7538494813973606,1.8067760159764925,-0.882953159828131,0.5970268634368108,0.19129225091286067,-0.3738500044204012,-0.44862709865435,-0.06461144462616333,-0.23269060951512832,-0.34308033462772625,2.2467899764674875,-0.5529977469808853,2.1112629254718343,0.02623648600512246,2.7126330738509234,-2.1999613343753674,1.0046507926256896,5.213481855391082,-4.5583237830929875,-2.3054185520720796,2.762151576265899,-6.471780267881728,3.4027554509236686,2.2467899764674875,,3.6370873743693033,-0.5676441753994512,,-2.7877892205940937,-2.0482094295460977,-1.479910098180418,1.2656579683154898
1991-10-31,5.383154263753655,3.088432396452847,0.6627236574028389,1.977114890772181,-2.3643504110885822,10.63810355045352,2.118927104392386,0.5271487069057892,-2.8509911863753064,-2.9873303036921355,3.8012950390254123,-1.0504427958466043,3.1260482577488724,1.2231957639157125,1.6215998933755613,3.8122682178745895,-1.7177253847279832,-0.11677708179098858,0.12163344973055898,-0.05915320945787764,1.202592744015755,-0.1338351066706004,0.052436060155068104,-0.9917705966906405,1.5278351828758256,1.0507443903499596,-5.2266170629710125,-0.013943481639220906,0.8706697896491608,5.615978109032534,0.49395556237800686,-2.390876543746041,5.638861394131093,1.978749088284389,-4.9243016087097935,-0.5821271383562199,-3.856034128533498,1.5278351828758256,,2.6555725546783937,-4.502439768031277,,-4.441302706326579,0.7353050278165801,1.5417980797033664,6.312272509785622
1991-11-30,-0.21388694488448456,-0.2574234496612581,-1.6283130240818462,3.2909927670547514,1.4858973688983557,-0.5468015917954631,5.435599488214886,-4.85882692574889,-0.6103919792918646,-6.0289142844678585,0.4503582895100623,-2.39702959726446,10.105055317679938,2.0057831206123122,-3.565427372677317,1.1969694848843149,0.9547492344359825,6.840608582034775,-0.1911184939491941,-0.43035644319889843,-0.5832890477526095,0.010328443715891145,0.0455087163882425,-0.21839143568140368,-3.017601213986576,-0.48374022874132305,4.448956146644036,0.007737714813491003,0.7554960392408999,-0.5718546151339319,0.5539950284375856,-4.043559707737821,6.457814722024093,-3.128945070219862,-1.9942778538135257,0.15461163546174883,0.4776406059796162,-3.017601213986576,,2.352534921837103,1.608444124573708,,1.7041646591954398,-4.363318314537214,4.45742355243253,-0.07377484619715946
1991-12-31,3.523104838752436,-0.4585623946188748,5.093003576744914,3.8614427570151224,2.8854567104670803,-4.878976146465938,2.577439433150432,-5.124446651482835,-2.6109893525734265,-2.2413568384537585,-5.771328750622483,3.3484079348096523,6.534020003378996,2.6094107967397213,1.877263834051506,-0.5970676865696027,8.370520478945625,0.7528436096925895,0.4278297425711839,-0.28908344006938225,0.6131789595191464,-0.14855115168154925,-0.689354285577587,-1.0555326943618768,2.0594981780608124,-2.2313725611398345,-2.171501808604097,0.0018503953364586156,3.7677873609649795,-0.6842965318999928,-0.9070425249280272,7.244463187928632,3.127080042686758,1.0110895510219813,0.9271212890250065,-3.038569185434544,-0.5115173217546852,2.0594981780608124,,-3.087711464868711,0.9077767440282014,,-3.127535153806181,2.7761292937756465,-1.5876524475832807,3.990255429810499
1992-01-31,0.20073224810305357,2.0345842292374745,-5.410076316079405,2.9528752918789682,-0.8079709496894009,6.190830185622449,6.360806976251423,-4.384580074176317,-1.819614259439866,1.087800336924916,6.062142047311976,0.5968225796416292,-4.288395865380836,2.2480443396635614,-1.7167581554363736,-4.705017678469535,-1.9649343476887635,-3.3993268838852946,-0.193177705256805,0.09506941788616563,0.7157927202351614,0.007884904831899409,-0.2323775835777669,-1.263788291176923,-3.892978229748839,0.7766647583851886,-1.618307086945448,0.009273857327167068,-2.905881204228683,2.821024378370282,-8.219671031218864,3.632218855801211,0.7202792581236338,-0.8550909013976581,5.102715602994196,5.832165662525486,1.9606386110174867,-3.892978229748839,,7.730852193625501,1.835979721874207,,-0.805937998330783,-4.629206274631602,0.687365113708346,-0.8741423881118172
1992-02-29,0.37562654546258706,-7.079756874334067,-4.009841711780956,-1.5299618660183276,-0.6586195338139182,1.158603700972243,-1.6997221186726634,-2.0575670066591267,5.941661537635413,6.127300315916534,1.4325456547161037,-4.9412642315382,6.5559038810041175,1.5220207000474824,4.2917310646629385,-2.462695393521648,-1.2512844087508033,5.575485315545675,0.5658457254790801,-0.35312144649499216,-2.0421695063011347,-0.23807325982964003,-0.7630245162423397,-0.2213591784040101,2.4991264907401005,-1.3534717791991693,-1.3393742077586697,-0.01905854079766764,1.4930521836746111,3.391553794476933,-2.664707125949898,-0.06428829397294411,3.844265654232074,3.9659993395875803,0.7562514997258722,5.761482357351982,7.511296305396861,2.4991264907401005,,1.3102747137317217,1.6830753712245612,,0.9463347053460589,1.218080675333966,-0.6376442372127782,-0.7631002246638514
1992-03-31,-2.496957993917907,1.63157561026328,-4.343039280799154,2.0085830679646732,-0.03976015387643422,-1.2823577433581739,-1.4593350876800593,-1.5333278889666804,10.416197985796469,0.6817745505279531,-1.6984462448677762,1.6162645096404191,-1.6210478925056107,1.175111563910131,-6.322562702280131,2.533715788732937,3.5405353214437447,4.9787266241475345,-0.5455261980882582,-0.9443632902823069,-0.36181660877642974,-0.19826132248690737,-0.7760014708908228,-2.247004323031603,-2.272306579266677,2.2270895436280833,-0.7822691044575278,0.00416965912625511,3.7626097138623575,-0.22875317958765096,-1.6088010530361145,-0.2740449019943297,2.6555842563742473,1.6177614180509383,0.4095590230476948,-0.5494592830427945,4.356062415758786,-2.272306579266677,,1.8566218349559953,-1.7329734597790816,,0.1448472567447857,3.436348046422768,3.2793095878610203,-5.362022790611234
1992-04-30,1.933522795520952,-3.920821018402597,2.0137738514690477,0.8207351938198941,1.9242557761220696,1.8869137756487102,2.751102585549166,-0.23653561963533742,-4.964262419136165,-4.338695961855657,-2.255815868883049,-2.33794156067347,4.871707975692029,0.9122693658677221,7.621799655491099,5.021619501234643,-1.626390358392723,-0.8182074262630494,0.2535367514606468,0.17734516642060494,0.26657447394073064,-0.0725529473925402,0.07562440833608075,-1.1880474279025905,-1.5522275709322118,-4.117544675614931,-0.16665698111042943,-0.023637235500344522,2.4192170830655595,-2.719275939751597,1.5417208756895955,2.3491104624472783,-2.007405313954534,3.3336100368511117,2.093861651279644,-3.6475157998156114,1.9638250679174891,-1.5522275709322118,,1.9510412145568885,-2.1248649816993446,,-3.5068144588848558,1.768492818310613,1.1373875217575982,2.6783770082550307
1992-05-31,-1.5896427985063926,5.496811714912194,-2.069494953305545,-1.392342894836632,-0.8118454475132154,3.2110933990403843,3.0452057885118227,1.5451497125460305,4.067938440335395,0.639776984477213,2.18504725627178,-1.0164272510309975,-1.2234344468440224,-3.742674765857005,3.670272166041783,3.8237212344849545,0.21548425166893226,-0.31022167896553265,0.255922069982201,0.007051338909752958,-1.2462652171488018,-0.24428223589592601,-1.1834986837383865,-1.5859398021902011,1.6613858620887987,1.6270161675602326,-3.1246621614228904,-0.005835574038281277,0.5774495316378113,-2.8352666021427773,-4.877601633115221,0.831138742488256,3.6781916339794307,0.44290284273843117,0.4372751963864845,-0.517626868674133,-1.4951706799195503,1.6613858620887987,,-1.9678364294691053,-4.0216017102353625,,-0.8927218656725364,-2.6251036858726144,-0.7172412626855309,1.6866266829135648
1992-06-30,-0.953808715851971,0.6996391913138307,-2.2902388559593523,-0.7727832999396294,4.572084039754329,1.140044821849402,1.2648435354102423,2.705478045231234,1.764542635158445,-0.4541640465194389,2.7061548158163475,-2.1203670233811733,-0.7327409715100008,3.077855882111108,-6.364557292575179,6.830249596293645,-4.928452949226023,-3.7739529091449158,-0.08087844656316395,-0.4539467173864597,-0.9325468609611431,-0.2114034159423478,-0.45002412349678056,-1.3290709112707628,-0.18243180900182668,-3.126707758673541,1.6566039501397078,-0.016020776459628794,-5.296887798555964,-6.059390886355838,-1.789861116493102,0.7011087667426019,-0.6543300256060394,1.1659562412036428,-0.4351128296630929,2.6661824250124577,-0.23920320847376358,-0.18243180900182668,,-0.31177764731903573,2.1342787262608587,,-0.8064756673086049,-5.490706076831495,0.3549648504469915,0.26725283552725126
1992-07-31,5.279152328820835,3.5154400046004053,-2.7449638409184223,-0.17528580949455302,5.7793029031607,-2.3695017325331236,0.946076845573691,-0.753150200917641,2.4141237556760164,2.031003041686777,1.9298351778428555,5.365173704500511,7.838204577561838,-1.732153692181138,-3.9412026764765407,5.403228864142543,2.4755267500761495,3.194089344172891,0.15519930493387885,-0.10776653982787449,0.5868015481803925,-0.1661670678518363,-0.9582540036271121,-2.125409789281195,-2.0215650030840147,0.2653222895974809,-2.078869693417776,0.019251002959791153,-1.366443918457715,5.039905169346348,0.9584971012263812,-2.416650512892741,3.429588603751964,5.721128447584765,3.8605583516493924,4.554208396243222,1.0291312171911398,-2.0215650030840147,,0.4885960911261236,-3.2157387566710214,,-2.4620504498914673,4.128140482029165,1.521813158786108,0.7841573934344264
1992-08-31,0.7544086636513454,-0.03603211591910688,1.1182196233477115,-0.813118115621646,-2.501406832708665,1.635989366407478,-0.5658553156609873,-3.2296752168483875,-1.2554435713787837,-2.9154864838611685,2.6574256526639783,2.8431019437479677,1.6156636530622537,-0.13563658184606625,-7.973526981362135,3.965721129245882,-7.81317854223999,-2.2898548441081585,0.30257014047214265,0.667338966000659,-2.6059914884419997,-0.18276965641736773,-0.4343068192445779,-0.888171914122327,-2.30491380168799,-2.6883070801065103,-2.6947768399221297,0.010399002543745539,2.2275062951852416,0.1419383937225419,-2.2522933492578594,4.617434327022087,8.676072634843928,-3.470522613050802,-5.079589792075415,1.3215425223042694,1.2949470203598004,-2.30491380168799,,4.923962153927448,5.587941466074557,,-1.1857625486771057,7.543637686019533,1.1429417284303849,0.4960122282539298
1992-09-30,-0.7664490807254642,5.948747660147718,5.273749780286655,0.38658424110169703,1.3257288038235935,0.5171542462754737,5.256277528021459,1.362594360844893,-0.11773478687044031,1.699903086316812,2.2719816657464715,-0.2619234356699183,2.634605538433304,0.26102027212691065,2.2704280113411297,4.090822287115271,1.093355176894267,-2.8202652229894545,0.5263362040804938,-0.9589588500779926,0.4182481262077254,-0.1939744782424135,-0.8140742033366714,-0.4093936361538148,2.2389745098057627,2.245447499842843,0.7537124227070131,-0.0042823114761328385,-2.118733739988145,-0.5312571394710546,-1.1259117313026552,-2.646930719807835,1.4744259036412983,-2.872558924147527,0.13901733454904464,-2.905112480941211,0.7802233074233957,2.2389745098057627,,4.04490594753873,-0.7436536494479318,,2.986702348831895,-4.537600887319927,-0.4548900065409987,1.4379399099787165
1992-10-31,-2.6571781749345265,3.325589921441237,3.261578207152828,-2.95415072275113,-0.27000150374367715,-0.30989351919338737,4.403065486343927,2.8181096911654486,-0.5083776793012628,-2.24708566408061,2.2647386060965307,-4.764297528407615,-3.8949485479294617,3.9050823517793085,7.273119691438519,0.5802783793500971,3.8753866446866634,1.7817694644963056,1.386142616983388,0.7233705828555316,-1.0299104539964348,-0.19624326060603053,-0.7508907480581037,-2.533604688258133,-2.5640749595178147,-1.5899073263086843,-1.763586418870251,-0.006909749466878112,4.428001608004593,-1.917663882351027,1.0885700078554734,1.644925236102079,0.0818314621399856,4.965793532658144,4.320124224064073,2.844571169073992,3.2950683480877188,-2.5640749595178147,,-6.712664189484248,3.0405412513606564,,1.6260928785055038,1.803922964287016,0.8100634298758008,-1.8886943559078881
1992-11-30,1.1487056494009884,2.8229395654467497,0.2197703195850998,1.1571682294908316,2.2077422449522848,-1.322040646819379,-1.3807617850905454,3.578756177272787,-0.333836558130674,5.709294972310351,0.4367462129797995,2.970885092182234,-4.11606852981992,3.295633337161854,4.4917979940792785,-2.210465536352445,-0.8113023123983034,-2.7417948926507556,0.6188431684351525,0.13483478598981918,-0.9555825635107746,-0.1691251512333859,-0.04805482637097358,-0.7970548079495423,-1.3475295876000744,-2.1305376717073616,-1.1767713728826175,0.022262825757468463,0.5705150932772347,4.587689095472521,7.465430892823333,-4.097262804560105,2.369827435278531,4.088096241429183,-7.487462750567358,1.0118408009897744,-2.2333936118507025,-1.3475295876000744,,-2.2632882912232404,-0.8932052071758652,,0.9306953641164499,-6.861228439022771,-0.8901693854992314,4.501657777539972
1992-12-31,1.167745220075349,4.058990890396511,-1.2693867982294014,-0.8481695270372789,4.207509331630377,-0.4243492594311812,-3.5725946612277264,0.8078978190520338,-3.5882874034609626,0.9619654306267813,2.1895308777122224,-0.7708447072140493,6.741100429748927,1.204513401117981,-0.5793920384349138,-2.117420220343143,-3.6235753921000855,2.908915324100075,0.2909651024308235,-0.1639351314757287,-0.18117452449676613,-0.2561631203828647,-0.51038508070456,-1.3284801665295367,-0.04621985935546996,-1.259195918726443,-4.520723373968076,0.020573321442649506,0.7557477484370052,3.8234390816978117,-1.1095936506697015,2.1106208676771896,2.980924767873801,0.10483892034246783,4.181573043600866,-4.1341918425291695,4.516952405025325,-0.04621985935546996,,0.7573385999929885,-0.3737492879523603,,-2.1824416918235343,5.12136493565697,-8.265675405462417,-5.5780114152511935
1993-01-31,-0.4157110553407941,0.47240849397526663,3.5016266493314845,-1.5396923907082454,-5.91957301532478,-2.766781383916694,-2.1377580093037007,2.769983804797139,5.512332899304369,1.1542264859928912,-7.278345838811998,1.689490525730327,1.753690578168845,0.4335376712671615,1.6103418566761891,-4.043470936926692,-5.4980993163687675,1.3930820058566908,0.298023589563412,0.16026002944333761,1.4911796891612439,-0.06133596900041416,-0.16644733898971437,0.0350685284396246,0.8144739568927786,0.08910887186686656,2.685118247420947,-0.0009770933090776368,-0.8834639891005995,8.41668012407441,2.2643863273480638,0.23507191651403614,1.0852838904340745,-0.728019395811741,1.279276582433577,-0.7865574106016431,-1.2233694140499123,0.8144739568927786,,2.824736141728455,-0.5292880018250394,,-2.120886926006838,-2.6951349843357186,1.1145308295975926,1.9807288269967112
1993-02-28,-2.713144777787541,4.108550350559224,5.930252005612061,-2.77811251312472,-6.039085518895872,0.89202386757979,6.160204375973665,-4.702323312030949,-2.7412836767307334,4.942490495103154,0.4355381863903833,6.6780059915645,-0.49874904369258805,-2.2957249827649693,4.45600256337314,0.6112339213331011,3.5292027885311046,-2.4968866656358206,0.5611931886217156,0.5030508495232275,-1.4592974289006606,0.05196891543775267,-0.5908007633231503,-0.4580747857119696,1.9557681440343966,2.872050204150177,-3.0132322359340384,-0.013026304782852272,4.793457867727929,-1.4550601051829277,-3.707058989422919,2.4920039640914564,-7.673082578871307,-3.581885834010015,-7.288487717378929,-6.015521509751719,1.750184784045899,1.9557681440343966,,-1.8547067591395328,0.8968846257375664,,0.7544428569461528,0.2688054990309707,-2.3234427461847726,-1.9638208989558992
1993-03-31,1.394118974750341,-2.577707233454622,2.4564728802120603,1.8421465987600598,3.419998590093708,1.138561806872115,-0.7409681070637067,-4.63421986140726,0.8074624567887904,0.20924460801625422,-0.7742263182195167,2.894068181316497,4.387257603800552,-1.3370940831153402,-3.1415875980234125,-3.395154407021034,1.7049450146169804,3.6600015246407973,-0.08273277561585834,0.18619884658108565,2.1967041317892755,-0.24568771411201307,0.4021736922525744,0.613346116274312,-1.7367380899281786,-0.2660571070114632,-0.00303315460992043,-0.02721849037592977,0.2580522223155205,-1.0685765624550803,3.9359382218093635,-2.2783207534174528,-4.498718277420278,0.05073873464367762,2.1265768468118047,-5.873668489170417,-1.4945501316385474,-1.7367380899281786,,-3.6841482055821655,0.32469765974625,,2.3499253272840264,-0.6343496885525818,-2.390793788775893,-2.2910355158451194
1993-04-30,1.9361035040163492,0.48941744496791606,-9.026913606049291,3.139807865905348,-8.572885280140905,-2.0597547802549108,-3.3432298094739843,1.1127640548021303,6.427119135946008,-1.1775475283309045,0.9654854202866733,-6.525102147355407,4.400312997591941,2.003871185385389,-1.6285757891776727,-0.19783311353132726,-2.9826923767649363,2.9194027394170523,0.0806890729142008,0.5026356373338071,-1.6762055031032186,-0.04166815218373715,0.12280705760117039,-0.7372281097939991,0.5051213707910991,0.32504508103541796,1.3605904555684751,-0.004725323394906611,0.3520677593475492,0.5734782789893258,3.2480045481974553,0.39908400285257195,0.10017368384472664,-1.8095751025510567,-0.974874081938231,-2.9301193188405708,-4.134872750789245,0.5051213707910991,,-1.1900024743869242,-0.7311628017819533,,-4.419990559365557,-3.147564959308377,-0.8500407745289731,3.711826992332561
1993-05-31,3.072413490637005,2.6858384712567025,2.8045791371213564,-5.599835099142243,4.044928821983318,-4.276092615903484,-2.150598352179363,3.2746139077994156,-4.676726599701934,1.3268706392254166,-0.6430133487808032,6.274347050207,0.6128828461511155,7.307767857704133,-1.7001879016075168,-5.782755378202019,-1.6854584737269551,0.849007279093451,0.7101676165716199,0.9724633180369181,0.7089035670181486,0.004881704463944536,0.06903235791984597,1.1897632300510748,-0.6840678939031318,-1.9799478679102038,-2.0384100307629467,0.007160812486326773,1.9304168898862852,4.601050718159606,-2.863689287119095,1.3678297520548903,-3.844414455599915,1.409415530950302,3.184232199205813,3.381348001391331,-0.8667736610274104,-0.6840678939031318,,3.477427833504215,-2.372686383302471,,4.350925768016282,-4.173556421021506,-0.7415384399757877,-0.7522064002165204
1993-06-30,-1.833414811421279,2.0836329345683637,2.39669134547385,4.004673202096462,2.6083704134849555,-7.867741619700833,1.0454158952377388,-1.2821539849093675,-2.0889033182545047,0.6485070965180154,-0.5834113426237802,2.049125642772567,1.6393145510011915,1.3638541380540006,-2.6192929757854246,-1.258401176617343,4.715991977599469,-7.019390079269085,0.18137199321060316,0.016517620406823252,0.3058655571216351,-0.04285144741100888,0.24164578143852034,0.009210717879534092,-0.9800953045361503,1.1631729474602532,4.137119472588902,0.03100612019662663,-1.8630319204122885,6.706453446784071,8.23271809248405,1.9859631251072365,0.2729386781857974,1.3554057668623098,0.4336097631853941,0.9454113904268237,-1.8136434420340537,-0.9800953045361503,,-0.3720213135911302,-2.6453330630431036,,1.5006406449764818,-2.1389397241648624,-1.6867079165162338,1.0299550379269569
1993-07-31,6.951753039349971,-1.034157097344346,1.357485396820215,1.1550916228523675,-3.929892314998126,0.08964224872430132,-3.0506480769349444,-1.6208001802220586,-4.0250692765563905,-2.030782718273365,2.2399245817372218,-1.465851130612998,8.017220236667045,-0.28544359334453034,-2.8675954422323886,-2.4477905037776893,7.459164534198647,-1.1645820927820751,1.2147777492863963,0.4085199809537442,0.8016736953714746,0.21242634416397232,0.5153648213494525,1.2912811504005943,6.534617197999545,3.3788194225423305,-0.466865498908769,-0.011962525564364168,-2.779675713182016,-4.337865533063376,2.1039891809414235,2.3307685389937127,3.0945978161904266,-0.2540906767140526,3.0340512610322135,-4.773981055823988,5.456138107247744,6.534617197999545,,0.28271488288359115,-3.8542953075247093,,-0.20860699946557879,-2.9425110673211,0.5425183201985683,1.817809101497434
1993-08-31,3.556991027402858,0.6973430500739117,-0.4667966786303221,-5.383540817540022,0.9291723604460618,-1.870375700041879,1.6496824211016872,2.90024880751862,0.3817743845998743,-3.728623481631055,5.538159624849427,2.4117922588193386,4.6225023974304476,-7.593339482421861,3.324094365078531,-2.4895238987103445,-5.418187646183615,-1.4295043452531975,0.37251926006098485,0.10442540881147805,-0.8730121399715101,0.007107669979546705,0.637044656338333,0.750976373926451,-0.483237200454281,-0.07198870435630567,1.6192206711229482,-0.003434361184159851,-0.5646524721611164,2.754337812408285,2.067802702298034,7.764164707212494,-1.5169599237057385,-1.5015565413155103,0.036101184445510526,1.0801525470232656,-4.5521311409014835,-0.483237200454281,,-3.6051289554279187,0.860531779786063,,0.23550268131439306,-0.05041436205817135,3.0830582498311436,-1.991864925453061
1993-09-30,4.482261796117893,-8.504899754240098,1.833382815548025,-0.2632642300881361,-2.9504827826829865,-2.183993465254164,9.587905226501158,-0.2564840724164001,-2.5368473887044227,2.779589732828761,-2.3677683911494283,-4.913303939611936,-0.3366447592575886,2.424884050920449,-5.025401902168753,2.1893969587967543,-6.725474253532653,-3.5709265275428397,0.41972142193609063,0.14369624640173495,3.5346852094570886,0.20234910880311885,0.4954551619582829,1.8464230003255064,-0.9200056239291039,-3.069400301399983,-3.774810838277139,0.0034964538870765893,1.6152901812070182,-5.379789250957504,2.2232748408028513,-1.6767472614343908,1.0010992984768112,2.7952739734545746,-2.5542656278077693,-4.6254015638468475,-3.4725534390465844,-0.9200056239291039,,3.546950164047808,-4.38237044916546,,1.1766296867382895,-6.944146781607308,2.2219828423386456,4.641019736210122
1993-10-31,2.0585540822804624,-5.430084714584893,-0.06676201668650716,2.2351990364378107,-6.287802855202495,1.2979362934414334,8.20885125906695,-2.9715497178178856,8.892532573898093,-7.930445628742664,2.072050550762615,1.5438763930860946,-4.5142177572860325,-4.461149998365671,3.239214661639389,2.3075829235367964,-2.6204670953869904,3.4129170603613277,0.048468672528115375,0.1949439825560091,0.37644884671636525,0.11172477654105678,1.006437786840176,1.9718621710363637,0.7606678552174166,5.861930264040074,2.3647308178434248,-0.015575294449202859,6.990563970091732,4.497157837642012,-1.8299017587301518,0.8626904588253408,-3.6805986952693646,5.919821006132239,-5.08710059460182,4.937894049725316,2.790063542001997,0.7606678552174166,,0.1440775453264842,-2.2874377814445586,,2.1536047139625225,5.428701480816321,-1.495021935433104,-4.563045238718778
1993-11-30,-6.066000335016673,-7.687823824805902,4.028433397196397,1.7069068151389577,-6.59342678208873,1.8563555400823604,0.9900906571493289,3.211880441057448,-1.823624969000146,3.6636474255138958,-5.5496938191976195,-0.612905518776002,-2.6362832817540136,4.891344849008647,0.5533810545207885,-4.568191942174881,0.4607325887182613,-0.6360358674080688,0.3997416315949671,0.6925799903278946,1.3214451548615769,0.09578338825388172,0.5876800746216231,2.3108783209244317,0.4836554214492309,-1.1480810272073347,2.541587367913252,0.026979616677555385,-1.7069814106877934,4.949809492325243,2.510746548818659,-1.274579488848064,-2.5086385183395223,-4.246375294829187,2.0491970580254253,3.970068905974541,3.4675246137135227,0.4836554214492309,,7.6792289056010965,-1.990999039637793,,-2.0562715087145294,1.6562432206962243,-2.091460908380343,2.5341813760889624
1993-12-31,4.867577513773252,3.2585837156668793,-2.6563102477495555,-2.292059290321479,1.4648238684476422,5.839800427256585,-0.8755514461095755,-0.3203940248885048,4.3717811548810355,-3.5293764489164987,-1.2658124326023752,-3.711441488430047,-0.9645774718566715,1.0990331241050653,1.823294184209487,-1.3332202599808063,-0.7265229814783233,0.705423280772207,0.3909146871967231,0.6207899610741343,4.031427492514452,0.21049891730252307,0.7505829321827637,0.8497556212773942,0.7808989855385309,0.7015356336053202,1.793359840447315,-0.009607078997671992,1.8847285370380824,-3.175136373316516,3.7814540825480485,0.2616603399315342,1.0243663617009415,-2.6680059037790578,0.688512771246166,-4.208380579898087,-2.5303797907137593,0.7808989855385309,,-2.640044346343995,-7.717338805195124,,-3.258662391303255,-3.615193404377772,2.8075073321010784,-1.696477802185771
1994-01-31,2.3412581173499376,5.174567385247422,-4.2924754889173276,-1.8887865700388138,3.4741037597040805,1.1562569765302821,6.761806247193053,3.198428124842567,-1.1389669390867283,2.2190204359749797,-3.0675184835812717,-4.764411679141787,-6.1956551007899705,2.7793012537971773,3.136368388405363,0.8261418218895578,-3.6129612210774664,7.244319766246863,-0.04207302703027399,-0.27145710405549267,-1.2244933712454547,0.2152909523934466,0.7670627603429592,2.306461472154772,3.194363996408949,4.026613672305076,2.4558979284224347,0.009332342950026606,0.8040696660945892,-0.9677547219257301,4.456637329160836,-4.778165278276191,1.653345281427273,0.04431170306893928,-1.4419802709634248,-3.4761914538397707,1.375863866386601,3.194363996408949,,-0.48321310620906777,-2.3131190115016156,,1.132931511070914,-2.4956227168761163,-2.5984284539186286,-1.7026456386711823
1994-02-28,1.5128473953149966,-3.8608597679317063,3.5172845783440314,2.043270656021032,1.449342061446893,5.273101137572077,-1.0393745617352608,1.2543890264338966,-2.4619988646132867,-3.8773563044156107,1.111400367866412,-0.10843435416019215,5.076841455550702,-2.5051115009849902,-1.502680875737501,-6.250950128627563,3.8500285012946334,-7.4288954990081075,-0.375261011519385,0.2723784684499569,2.3651813874120817,0.1644250615273033,1.0570401547049302,1.327874622956612,1.1920199560835325,1.76143145931173,2.2871228545168294,-0.01372098458850124,-4.4050358878661555,1.0454722317675071,-1.9862376180900794,1.4305523876472246,-0.415886272831502,4.004206923560959,3.2317787624168313,4.936893200043636,3.8357953324288054,1.1920199560835325,,0.19344095511170828,-2.0429576955938056,,-3.178054590555244,1.1016483323205108,-4.81987393216674,-1.6075638820850513
1994-03-31,1.9060648150347173,1.1666626203157184,0.08287654182957321,1.5856791815477793,-3.273947057311188,-0.7171637900065739,-4.419479018067815,-0.4022012268498076,3.2426449107168667,-5.268218775237509,-2.103900343449014,-1.134878402016844,-2.0276612757553143,-4.52140190114749,3.930397515559939,1.1998174053775346,-2.298883002321326,-2.4068549890389175,0.032828726952565224,-0.13627504758477282,1.0413920517402415,-0.009341894765769188,0.9863615464596384,2.4901738312687174,0.7677783844375393,-0.08625928564982838,0.11114198007149251,0.008730666412490151,-4.690545584486756,-0.05113959537538193,0.40560418575350354,-1.1159109596802228,1.6886638685077822,-2.046246468622785,0.3746656926373165,1.1804078686590849,-0.1460134572481292,0.7677783844375393,,2.216948127169352,4.301450132634395,,-2.5004278633783485,3.0878300835770394,-2.5389564193333407,0.5797154692238609
1994-04-30,-5.254015560918568,-0.4521921101482642,-6.289698331885093,-5.527260850913575,1.401545175194683,-0.7636949381075671,1.8381989581375477,-2.8986949723973536,4.11585884331964,0.9902023281761236,-2.945539249889191,-0.7822330160298796,-0.05722620460935218,0.43551904883862175,2.7360127567557027,-7.3451626722478105,-0.955593996886702,1.688278941612765,0.4326678715821926,0.3621593145429199,1.765031263986875,0.19056535582960515,0.24183874473301853,2.32675649801639,3.8095922757342455,1.6895165012414217,-2.4501206193264498,0.03366846673734769,1.9146911021454738,-5.022338177161445,4.509996522493518,-5.322385740778278,2.191780427232296,0.7396931333287731,-3.5624113198154808,-0.055122237450564104,3.1714839355152318,3.8095922757342455,,-1.616349778506531,0.35185407615592773,,-6.310861961068513,-0.5917320416665758,-1.0974784803143376,1.0876970732534625
1994-05-31,-2.37326414013682,2.5758666148289207,5.257904582103496,1.6288509966856253,7.124768834776396,-0.8295341813028743,0.08352127694634975,2.893874749604909,-1.3473698629393325,3.0663721631328484,2.9238767819723286,-4.340725310987443,-0.6071420746968645,-6.7377114894482,-1.2401969914415265,-1.1326224216003065,2.5006123758214582,0.8490127612219576,0.2329756370544484,0.06218875939270457,1.9612418968613756,0.17205085693214767,1.2544568165838945,0.3266937361325268,0.22282101379926106,0.8011851976023145,2.3868312177447226,0.012858299341547585,2.4782368923969287,-3.761593770109815,2.1691329330534095,-3.365670066396646,3.4029772496027837,1.9793778674727882,-0.21343095767092524,0.9522566407810733,-1.8979011983066538,0.22282101379926106,,-2.905965042298197,-1.6662701256715935,,3.2487105798524514,6.10185069520371,-1.7226530180195012,-3.022851438367427
1994-06-30,-0.5468019050304065,-3.7163323542057674,2.253211280726387,-2.030461228056199,3.0869542407622195,-3.0525469501463762,-6.813586637502291,-1.726245311631669,1.5692194270944353,-2.058887959413423,-3.2685405678784702,3.202459988582357,7.474822304697334,5.049692179137972,-3.567920250684306,2.9111125010510412,0.872036197591588,-2.6228781851184713,-0.22237237737574667,0.9817089689945204,-0.023736758988507606,0.08716923944389277,0.5348141265078685,1.9160813971911432,3.9786239465082316,4.0479676165310705,2.4589701445757997,0.011814809177636387,-4.838413989856133,0.047270926451726814,-1.8102439979327831,0.07787909223645934,4.560900751674904,1.031643750601061,1.6944760949058602,0.7384749015059109,-1.3921748985837032,3.9786239465082316,,-2.3569681985221544,-0.15686461758441184,,-5.270894936250997,0.9931149665898187,-0.6229053891850711,1.4176090002822292
1994-07-31,1.1684782227718506,3.5438438904022522,3.3691845111419068,9.415514415605491,1.9992937005759388,0.8877061776222286,-1.2064647855143704,-1.3634829645454625,-0.38410609103687415,6.506167949211572,0.42294453997331155,5.445949089135144,2.7780288549100622,-8.502587162379076,3.0478151915155562,9.555057997486898,-3.5960515630439227,3.108074609925247,0.9913071287204893,0.24221736464203042,0.05487262532379156,0.16539121805245516,0.38604151778512935,0.3239461157699079,-0.7487332453997249,2.4154903999905515,1.7143767671908532,0.0069317232560498765,3.406487301391596,0.3703422787742123,2.852258162996802,-2.003895192045718,-2.711718007974429,3.5422944299803554,0.1839671052205712,-3.789227419607876,-4.6179594254201275,-0.7487332453997249,,0.10614989122208363,-6.212894732335322,,0.23325705229264493,1.4630823265513344,5.018786054308937,6.427233558431671
1994-08-31,2.2499736547624605,4.807355256765979,2.825212259160504,3.0668908461574547,-2.491779347269922,-0.8084284910202056,-3.3575006442703157,5.290562022582324,2.6393133963875632,-0.8769116214313155,-5.046785394449283,3.2347051816766053,0.779278316022488,2.1593882626955687,-0.17029185880719713,-2.997467406434822,-6.945891280759686,4.132636535197242,-0.2286473245228485,-0.1679823839494968,-0.0001467154745758703,0.13137028602822756,0.49212703755570353,2.9982917070355066,0.44932991258580834,-3.767466577476761,-2.2983400650437495,-0.007691790950992455,0.6212244207666098,-1.6557831824513287,-0.8531812889687079,3.8836838254902886,2.9708205046724636,2.8020912980782815,-0.532313306428796,7.109634892689811,1.444814112272435,0.44932991258580834,,3.2509712088537843,-0.2566938550443082,,-3.9096592419153136,4.2256335923404835,1.073595601848612,0.21111895130870276
1994-09-30,-0.99632348157962,1.8102034487574263,-3.17772307334897,0.69465276209482,6.734890232024504,-0.5059413434988513,0.928546041950352,-7.005360588169111,4.862941494560612,-0.9229936230733633,0.4145875592775851,0.5730605313387627,1.9568279121169194,0.2791357498731102,5.79896669718475,-4.463655360751768,1.4122301718536845,2.871980105700776,-0.6220967156597208,0.675968519680719,2.6332764189581566,0.13759201746809352,0.9634748307006442,-0.818133054700577,3.573368255006876,0.37887316256536036,-0.18018889481406838,-0.00812706919555145,-0.2460556651960094,5.449702185959181,-2.653065976616503,0.09617101600902556,-1.5683334815264807,-0.11684760031817704,2.7436107270768195,-1.5294308432328705,-0.36608107349389135,3.573368255006876,,0.5794981917644337,4.386682498531068,,0.1436606216015649,-0.34758528363362223,6.090270159694128,-1.2529305194639462
1994-10-31,4.175336161192104,-2.8800576757255625,6.888340608050376,-2.3659125923284945,2.440319901005906,4.6596911421695415,7.439750284460163,1.1310917699636267,-1.4024006252657777,-5.325402904038852,-0.11690721477960517,-0.385963971076116,-2.620936570534001,2.8300716108877433,-0.3793793430770277,-0.2671125557512243,4.593970304387972,3.995673533061402,0.07807135973823323,0.5163265806325235,-1.5423142768741667,0.0203689720844899,0.038146860271428856,1.2009894352191526,-1.1748753752951044,3.1548019868926303,1.486111258908295,0.003707735910582516,-8.218692016207799,1.236718429871148,3.386309169586991,-2.18231338121936,3.998851599402241,2.271462651726551,-0.8035957756059269,1.7888458476724607,-0.41537394392810933,-1.1748753752951044,,1.2478690089368358,-0.029914299166902747,,-2.9285486094008872,-0.200821799103348,2.2135144046736297,0.5389577535742618
1994-11-30,-1.299853653061818,-2.584911212865435,5.614264783737527,6.853735125144625,4.28267513382378,3.235195816958439,3.8930316288524307,6.6194871806526905,2.66726090282514,-4.3890050870705535,-1.4353652513111599,1.5266225699131375,-1.5467099088156426,5.557134308778359,1.906867348339067,-4.294632503424402,0.1353852189810192,-0.13832446606297785,0.015490521545114794,0.2710965154686059,1.994103199463774,-0.015666624839117516,-0.02776306779583612,-0.6391462803549127,0.5863586340872937,1.6482390140144147,-0.19269803252407056,-0.017060555134128963,-0.563974127789829,5.3454663681435095,1.6729123556717196,-1.7634878141036847,-0.4665269250163615,5.922697008020517,-0.7573132688680662,3.1870958037314954,4.216864074355967,0.5863586340872937,,-2.7712039235076307,-4.1463660134594775,,-1.3160140123399475,0.41713336863685047,-6.018600908187892,4.072482412967678
1994-12-31,0.9861327241949686,-2.557498231505767,2.310540957089953,1.758220615383133,1.1618177688843014,-6.657057522033823,-1.9712707108789118,0.7472825510537736,0.36774574704448637,0.8582896279184328,-4.269998259265347,5.220808347105923,0.7167251929008146,4.389469978969811,-0.3404491157236994,3.296069819190547,-4.710505962583324,-0.417919933909218,0.2259822723207038,0.31900203908944647,-2.793370186428279,0.07273272456821203,0.4499177781128396,0.9572619213080614,-2.0014121431722223,-2.1282100416696244,1.5924505589647626,-0.010835652430508769,-0.8309165725480767,3.0220752663958717,-3.9215231937420776,1.684613209022933,0.21745782661571736,0.4525055805111545,-2.283069066297798,-2.016729556253226,-6.768408712124279,-2.0014121431722223,,-0.24198326862704236,-0.6685088009585687,,3.7750067789544604,-0.2936283999626348,1.7977004026355927,-0.584626942544336
1995-01-31,-1.1918417484114765,-2.500991228846798,-0.4345013142029892,1.6520400097595627,0.2492607564222569,-3.12545868788071,1.7279412914522576,1.963172362701367,6.836663804506878,-2.063647614044158,6.449287634907595,1.1532447469324547,1.256319424504449,-2.711965012222996,-6.087545930775642,-0.06420056117404979,-2.752178061808767,1.6202396375183776,-0.5939979591431553,0.013336937151842282,4.389850398170666,0.1244931894278691,0.10709377542490087,0.2685610076300309,2.922405728397954,2.6692489346009025,1.859490962181744,0.0064069890142293695,-4.819500004417685,-0.02660104571549793,-1.7166363600566503,-2.054213166995276,-2.4493140127202655,1.9515266158558575,-1.5377945376416364,2.7385921446824386,3.8137683147013037,2.922405728397954,,1.233899453852554,-3.994092477979654,,-2.802831087080159,2.050878360236849,-2.536944879937564,-0.2804184595424216
1995-02-28,0.2683367149525319,1.3083723893780186,-4.04750138604986,-3.5979578231885125,-1.6169747313840401,4.759608483865534,4.478695771280748,6.771104582219043,-0.3142411917397054,1.1891717447749577,-0.027407018689321883,-1.4781381043954518,0.7041874789741052,-6.017241430815542,2.9301756123869276,-2.8252163996305355,-0.030782260195001132,-0.9632582677832731,0.06586371121090812,0.14621547028756593,-0.7871151231847375,0.00877048989849194,-0.2619484193512875,-0.42626094979754786,-0.21984982468726405,-1.2558442416760516,-1.6178786180524938,-0.016002093239404103,3.9493395703547325,-3.823386200428658,2.8451537606040387,-2.252001798914236,0.014909872814807323,0.33493197182097517,0.9236353867088263,-0.09244356463637365,-2.1496927105891612,-0.21984982468726405,,4.303387780665747,3.918846903403705,,-2.132784324901944,5.511382935892663,-0.8022424881561592,0.41291563478213916
1995-03-31,4.961404798817927,-0.5992801239969395,1.7382150142459936,0.9946645663225525,-0.5805675485728022,0.8497816634741798,-3.785209973327843,-2.6262585400635357,5.31744272595739,1.8367039599938817,1.5884115281114557,-1.6035217532215031,7.5578126814890325,1.376343012647572,0.03626851473581619,4.380940400608499,6.72326828546126,-2.060015195900896,0.13495964530947954,0.7016022351878096,-0.32189215237831675,-0.0989600126367436,0.21245129229778245,0.7778345074459253,1.2820181972697275,3.8861552808208697,3.1856430555057824,-0.01570094565854041,2.97486648627701,8.491793650542272,-0.41599112301148466,-2.833541691764199,1.9162997619228985,-7.391367945622174,-0.1452481484444105,1.5262542465724307,0.9278272986076282,1.2820181972697275,,-2.4982150894458646,0.7276466843764742,,4.213581109510182,6.53964495830829,-2.7310520389323694,0.6356345704667278
1995-04-30,-8.881332256090019,-0.3287848660791762,2.898820147691524,-4.0596683913924085,0.14879092140575195,-2.816764772601113,-2.3384105157981425,-4.100183761604666,-1.657196066733246,4.7372344835664135,7.030813095319943,-6.425261418254302,-3.0117512292040174,-6.513640483489859,2.567400503798384,-2.1376799707355354,-2.390264929958072,-4.92031092466129,0.28228670446854615,0.6848350654992541,-0.1931385776824145,0.04852814678024875,-0.23772212936809436,0.1351783858562724,-0.16589794648012818,-4.9925930853748675,-1.5659155375546243,0.020578105644525863,-4.6555130330936505,3.208025020151152,2.0166908483562294,0.7292453316269505,1.036392328193834,1.7938518200636997,1.4624598758531953,0.3146837900704033,2.521283939858053,-0.16589794648012818,,1.351496221908222,-0.1843484637299932,,5.896955155035175,2.5080302618018266,2.9877033696961774,2.1420232787298032
1995-05-31,-0.6753769651142953,3.447061637969188,-2.868063840607354,-2.6824868085397973,-1.124659027925866,4.666218235678315,5.275684771037071,-2.9677167951922026,0.16801015705267253,-1.8328140935195822,-2.3097798422651876,2.160378166835371,4.87945278815599,-3.543555746390004,-3.837448375836346,3.2677762761847347,5.007839185039333,-2.4520266008921396,-0.002169881944762475,-0.33048526794384087,-0.2832270390400098,-0.05565698397064009,0.17327318855395907,-0.35430976898066874,-0.8930009761301072,1.927253731368043,-0.8552418887611495,-0.0010355529624135607,-6.798783809980365,-1.7097284170361298,7.285415314085556,-1.788395536597266,-0.08704080582376189,0.23051011961839646,2.0726370966933376,2.888405722508631,1.7719361442571109,-0.8930009761301072,,-0.08521277116225251,-1.590131366855818,,-2.554534518351081,1.1179637678738992,-3.7448352797805406,1.0261857243932202
1995-06-30,1.316896228205435,-1.67139522210696,4.9408570866269805,0.0012836331777934529,-1.901935971991803,-4.1473720282464255,1.2466810254898975,1.7657980296279168,4.046516151307232,-0.9309407036318532,-2.0056677398298626,-0.10104254606256236,1.3608102625819694,-4.603088697115616,4.440066221725617,-2.403879667901201,5.926356823909687,-2.9399742080986955,-0.5116741472997606,-0.08935643842396379,2.413082316984198,0.04323002386841113,0.4217308688768876,-0.2545267440943006,-0.7406920690433092,0.5161670554959351,-2.5623059598857565,-0.01618734309317127,-2.545985027136515,0.7313219861451546,3.57861980038123,1.730878638505456,-4.8008399709289336,-3.551909410678308,-0.049373176796672136,0.5666996792836169,1.2823377860937986,-0.7406920690433092,,3.579986244919787,2.0850868931860687,,0.8172731545609944,1.010540671924941,1.9315631779425035,6.135306238556163
1995-07-31,-3.0370081900837484,1.821172231155289,1.6792162873005738,1.7508788341352575,0.5370882239602734,-2.361760979273414,-3.5358466810445943,-3.8037069778562196,2.152782908867312,1.1576901104653383,-4.512744943813157,0.09194794763536701,5.240568502700814,1.0229474020052136,-4.776258987033434,1.7215985947525543,-10.11537582731997,1.3814477195984676,-0.07234885915968586,-0.19718099868054434,-1.1558138356783063,0.004551790011503659,-0.2478977130470018,0.05380701070284993,-3.1136496269607266,0.7160468686407508,1.4257863616268454,-0.0013938284856141736,-0.4249021153947914,-2.7196270437896986,2.4109100942208834,-0.7606065280768131,0.15013962209559462,-1.501038263727811,-1.1414132975747793,-1.5276366674445099,-5.074303127549371,-3.1136496269607266,,-1.9895018872766728,1.638056129346205,,-1.3025506432704907,-3.9787640122805388,0.7162250835347779,3.6151963417904143
1995-08-31,-1.2915125938887948,-0.25086376068577365,3.7020801682086604,-3.3535468891645652,-7.3805268191424425,-0.7304253926045243,0.36874845191913963,-5.1777799434847385,1.6337037341936276,4.144390776257616,-6.628087886812008,1.0159187585975165,4.906005021841924,-3.6111555435747893,-3.881447130387754,3.2772524728838865,0.8884617174437426,-0.4844986055741157,-0.49569409249030283,-0.07372302962026156,-0.5931990447316902,0.047591159096727564,0.16733571991783164,0.5082118205260937,5.133920131759142,2.8222734845529707,2.295943306967096,0.0034138397500141915,-3.3933397579282496,-0.9345621558953087,3.2751824097889326,-2.7924619721563415,-1.2390642589737513,-0.7369348506712998,1.4853495351276134,3.8840733752904044,-1.3120143019416477,5.133920131759142,,6.741471885141335,-0.6881323757011508,,-0.17497871892283606,-1.273731612685038,0.05889071555457687,-4.693389202218288
1995-09-30,-4.885349153273927,-6.067489077705615,1.8878359609888478,-3.3047542768738207,2.7301235464164955,5.727624930616388,-7.953613218582222,1.832884676970936,-1.7134178802318074,-2.875600942977553,0.3258260476444062,1.7290428329657077,-4.926241772024922,-5.878845262350361,0.3668745565085508,1.66781271807316,2.0716603826786,5.209073369644776,-0.3305870196569753,0.344601852374898,1.0060180071640794,0.15705520881461016,0.36510676754770216,0.6188629011567608,1.6109357308008574,-3.866275651293438,-1.386596865352951,0.005415916912601293,2.4692640814143303,-0.4682653054095218,0.6625556767786227,-2.1982009387215435,5.373663502897431,-2.5131177749946443,-6.46407007329913,-7.482862225505144,0.15103728378649994,1.6109357308008574,,-0.05636566465879983,-0.8933717042071625,,-0.5736872421811365,2.752624127631968,1.453176444295626,0.24739800867352307
1995-10-31,3.0267884433907257,3.6780533600725893,-4.96123388874268,5.226721866965516,-2.3009629427551577,3.949752496590071,-5.19887822443574,-0.12357601554090719,-1.334994617999813,4.850467017488576,9.005882205049073,3.6944768931412812,-0.03533647468131734,1.0553179543776172,-0.6599802677775424,5.225735174929172,4.624686836549374,-0.9990044028012794,0.15096879462649831,-0.23619454208499518,0.9654924667751368,-0.0026224372098994364,0.39907806218173564,0.755022771801432,-1.0760268886559103,1.7614780890176378,-1.9720376947102396,-0.007325228505466297,5.089786559574243,5.38908702860111,-2.3990570860127503,0.7788053479367159,-2.9384730579442393,-5.73140635232657,-0.029865393717867117,0.7428646390916058,-3.0525324618295593,-1.0760268886559103,,-0.5303205635305546,-0.10556755974689741,,6.408161469860271,3.492674637072533,-2.2860585636302235,-2.0213069005683386
1995-11-30,3.40477229226338,2.2607231658661058,-4.5840075426403635,1.0044563018516108,0.2667942240928006,3.8962033731887415,1.4566713827644047,-3.6426926067322394,-8.055875997308103,0.14904755473862574,5.497203818944794,3.529214917556636,-0.7461559684729933,-3.7277418601341044,5.31469689421882,0.7901206445747266,-2.6208642670206133,0.6908304199505884,-0.5499957032166654,-0.3523116015846424,0.994334638236575,-0.05556670800244559,0.19883308767734165,1.1581196464931067,3.598337414359414,1.9016516670395736,1.4949677681252633,-0.006677794631635703,0.10896134673356095,-4.383202672328138,4.220830086961973,-6.398348467878771,0.01621973432738516,4.901705956439917,3.4155814150474324,-1.874491823456164,-1.3079472461101131,3.598337414359414,,-5.0007630173487625,0.9777389007631474,,2.4191687289397272,-0.48806193219149674,1.8387472356228254,-1.155422035159572
1995-12-31,3.3237927778750125,0.4168259454949217,0.19603194482603117,4.838411079606331,0.038984150447212346,-0.7115464409244201,1.1396985814044165,3.9746331490094775,1.4257509396016979,1.7078650933239243,-2.00113890361996,-0.49951049341198406,1.593160930881849,5.372229381136506,-3.818088722827301,0.10874488438801791,-4.354939300213959,2.219874436259025,0.044673596386093056,0.297812127509702,1.0155220177023012,0.1335665773381138,0.28137908196160555,-0.3047349194587538,-2.7152503968628086,-0.09506119396753354,-1.0954102363344316,0.00140050202513875,-3.8014402761089205,6.0411346561266805,-0.3466584249866218,5.148018241614784,1.5231762420037878,-0.6721491259356064,1.1072252287033555,0.6500628998138448,-6.737608891468684,-2.7152503968628086,,-0.31658907734254893,-6.632776438074565,,1.4332681298089907,1.1443549709185385,1.9375256490905002,0.5798501382075396
1996-01-31,-3.0458431427495274,-1.4428971890623048,1.5273808660608892,3.598368730878622,-0.32254356160401165,-0.11919510782790019,6.983932525464758,2.1880396663032458,-1.634740041954791,2.1011889446689214,2.340800245286847,-0.6449236020648129,-3.6500124942862766,-6.01256127833321,-2.828790664283044,0.4440807373302852,2.7997246633630777,5.273443023014988,-0.017220652177880075,0.4476347420564736,0.4709784229978946,0.2609432504162976,0.45244079558337913,2.2066145199661347,5.330205836779557,2.100116332072557,3.2008415622422426,-0.001711411775859234,0.3223756553855942,2.79310070405929,-2.7114669801657505,1.866487541069913,7.5355320457860815,4.2517284926354915,3.643933999257458,5.553665076144064,0.4981631977250732,5.330205836779557,,-0.15558423475644292,-3.5296812780071494,,0.5320399586556458,0.680060149741272,6.276090805240003,2.656887119257006
1996-02-29,2.2412400894856477,0.5521893911576233,-8.266486167529669,1.1153723520594767,1.0855599268232707,-1.0610810688555246,-1.899131829259498,4.079651512776286,-9.681875788538271,5.489023829720357,-0.8851841772598041,5.473512861802567,1.197827012759359,-1.2228869369237159,-3.5910434701374276,0.5128798794359992,0.720740701929091,0.6335760020675694,-0.08233322083999384,0.45764580217426487,0.9572641187098141,-0.009325943134290526,0.46299476792238303,-0.14206562065851006,0.4596460582250279,-2.4867047583798865,0.7198174656783896,-0.0012278249407755848,7.111925999906679,-1.4288830190823272,0.7798848022926232,-3.8524085047457293,-1.7160519467179314,2.0394575705806783,-7.501279437445144,2.0629987166325163,1.1405214427184742,0.4596460582250279,,2.1689189373015445,-2.0432658012558447,,3.8080252717149685,2.0259357078044387,1.0107845440695686,5.507750772164653
1996-03-31,-3.014628794266921,-2.462049500935055,-2.8273116811672225,-6.773182601866113,2.4213478653095986,2.662596101982709,6.719251333859445,-2.101779157494033,-0.5199716595219879,-0.5067766415845546,0.02707615574719635,-0.039248496704605784,0.89794208172324,3.2556663238157797,-1.8759923099863471,2.2823708095526554,5.000502184487815,-0.5650311657188694,0.07573256121536992,-0.4028967083724348,1.4456118669792666,0.1389332999132638,0.8371170372280294,1.6091409547064512,1.040647617139571,3.8482422941420213,-1.8015425781250975,0.009773333183521554,2.656751621781879,-0.5073380188229437,-1.7852957392511195,-9.608990684137458,0.6757869813162751,0.18769054611424418,3.4310548745755907,-3.0207893916724626,3.372359288984843,1.040647617139571,,4.123546793456668,-0.4964836541651479,,-2.558295946058912,1.4376095571172494,-2.139895498815042,0.7099368526765522
1996-04-30,7.169090738957669,1.6570299938794661,-0.10041422344074954,6.864792460264293,5.2817916125375675,9.170494705803543,-4.505242887985393,-2.070094990791469,-1.7953973470987539,-6.373393186167321,-0.6281388136664889,3.32209959135775,1.1312433977243201,-2.375964508062882,5.849091334262884,-1.5023112791483264,2.197791875428166,2.242762177149635,-0.5433472083234466,-0.6317405476432388,0.2706791109946358,0.13461024724040174,0.28285913646548166,1.7641131914051305,-1.567066251911656,1.488496550675205,-2.197340360250953,-0.004851740055111631,-0.6031865938002119,-0.1570366174114557,1.5785902691302462,1.7238190642283275,3.6588463758707643,3.282626253026952,-2.241896398544852,-0.5348795885907096,2.0726350520155243,-1.567066251911656,,5.744567084162566,0.9024447833113564,,6.908782650213198,-2.0873313469229267,2.154120406524146,3.1252086464416475
1996-05-31,7.922746172180608,-1.0934576598505015,-1.1340205606608755,5.2098618168370985,-4.469846514760199,-0.42671233323493535,8.86903231818483,-2.3415771456390213,-1.8372783732809406,0.3910351068255678,1.508857594077881,1.4641660261272635,-1.3070209535371116,-2.2486534335093107,4.98411414096886,-5.454244401460808,0.9721056952142888,0.8872117204297891,-0.7053437510329736,0.6511827884793635,1.6443711168581225,0.11223222205080041,1.045223895233369,0.6931544464054875,2.344105583649862,-5.1681972174622945,4.8672564010396835,0.024638383836785904,5.5446321282462625,1.2225051570563723,2.1036459137339545,-2.978541524173857,3.702751558591041,-1.0236599821891212,1.8106890664011503,-1.8921467716744385,-2.914327810934312,2.344105583649862,,-1.8457395819900762,-1.5166302158873906,,1.2588523319753657,-2.756901257317594,-1.852597279434688,-2.1907030561057006
1996-06-30,3.136477562716854,-1.6868754466181612,4.019370757621046,2.2199495727986958,-1.5193698762085455,-9.678094580060568,-1.507130814988559,5.604527213405991,2.5732444459624957,1.8312471431835677,-2.1582721293392386,3.205010063069943,-5.719708907843575,-3.2829263287415253,1.83429928586929,-1.063211777476646,-0.2988193254683719,3.12541861153348,-0.19188974894376926,0.2736963465370052,0.2369083366733583,0.25970314636916736,0.15531629370686362,0.36013057408917654,1.5246508254870703,5.646770634147276,2.2049593398070013,0.011546828658308667,2.604752197834972,7.9282652926275965,-0.7466611152378946,-2.103382436777423,1.9414841749275096,0.49807893895676986,-1.072793649951347,-4.238324319680405,-2.7566159113721684,1.5246508254870703,,0.0735965581103136,-1.468205707672681,,-0.35816380523037333,-3.9521360958032727,-5.117614292137734,-2.8601410891925725
1996-07-31,-0.9459357218249705,-5.8228703995194815,3.8536551079290056,-6.2970268806688825,6.546120227234276,5.307484726811334,-2.753102013995472,1.456681666283048,-2.704773123922629,2.455352442485259,-1.049024695264091,-0.8577420258570551,-2.876387921486353,2.6795094962551516,-0.21301963874904695,1.2564788713982251,5.966241852333265,-0.3264891188374369,0.5596238614614636,-0.42528537105462105,1.6305788133705104,0.07922794559634175,0.7688788010146933,1.4401239920317042,1.5304100118874184,2.29162760966929,0.4021083271000777,0.012631523716660958,3.419852950516977,3.1483937089846994,1.947127995845252,2.2970075562266508,2.571375949653901,3.893093879686471,-0.7273251148458089,-2.8647427353508705,-0.12174847497256241,1.5304100118874184,,-2.6403828870239785,-3.3744009648049436,,-0.9935556955191492,-2.857838317984713,3.5352288703113746,-3.0282489950205993
1996-08-31,-0.9427774262103048,-6.549825459251951,6.864185245705018,7.529222580847188,5.685603619007011,-4.392545819549537,-1.3328730482707745,0.8525463840720364,-5.186093319368731,-5.566895060447447,2.0229224447905323,-0.8475107322330921,0.4938383970006052,-5.538446766847979,4.627878642561537,1.93478841755028,-1.6901811497196113,1.3466166287861931,-0.19878151436893027,-0.4902542313991248,-2.039423888057624,0.1497903089248379,0.09797687746314485,1.6883289071011767,-2.255751831445504,2.5702521894284844,0.01542116394787127,0.004970472853250946,3.304991631469589,6.02113383922658,-2.178808377633291,0.38569636521810874,-3.165396723168988,-6.057166565976264,-2.807065704262186,-0.9377143388519273,-3.0934365876067855,-2.255751831445504,,1.614800472222519,-1.3085001707120367,,-1.9639784722701108,2.7259635854688002,-0.5934493974362116,-1.1021503445061411
1996-09-30,-3.2473198851777427,1.0709947557382353,6.661506258219274,-3.369836884568953,-0.9459305739458114,2.436394707790634,2.5415604189419794,1.3975214646791283,5.942849336568822,-2.8611460530571016,4.656948946439592,5.222849479755359,-1.2186085971567744,-5.164932022510931,0.40225946800818113,-1.027341305227608,1.7204205030131883,0.32762067393565164,-0.011903263288964294,-0.4270070811944354,2.2969506894653033,0.014817304446200968,0.38296958541195514,0.10606488758430652,-0.19427032929319576,-2.751279019480671,0.47950967664443866,-0.009052095598215348,-0.9064822937058507,-1.164007881915432,-3.99361129752352,2.81871713079608,1.0707582550511305,-0.21423183345661356,2.55010401730366,1.4214842714173677,-4.361843804797156,-0.19427032929319576,,1.6077952112938205,-0.8837218042722669,,-2.1042914325286275,-7.9145560637840715,-1.8620153968607482,1.2185630706359132
1996-10-31,4.1199470419946005,5.420612452513244,2.236403451602144,0.8450780381078542,-1.6453951522346895,-2.056690007126758,1.5180253040810308,1.526083533909836,-1.965018509546519,-0.4767404375053284,6.888105605267551,4.555570715571977,0.2795678945057683,-6.865894149058571,3.8448923154534693,1.2013602249045436,4.97072276267909,-2.9067045882273685,0.005516515062865157,-0.1211919126148146,0.9633965829722879,0.20449872672270292,0.4787604890749441,1.7824423006138859,2.492142191107308,1.1256020022824913,-2.9208674984878362,0.0006946606130613098,1.5375161760539076,3.1214886271555837,7.1545079850239715,-0.8461430971459585,-3.359321465469378,-0.3006528493509651,2.968001607573063,-3.3031924351002595,1.347071530344049,2.492142191107308,,-0.3218950882047928,-4.877452916071154,,-2.848756678601593,1.3254974013257443,2.8694537940225278,3.5571093087392436
1996-11-30,2.4419962183010178,0.12478370304111824,-0.9200172334491292,6.200177208105745,2.224529495019019,-1.0685930082653754,-1.722666765989056,5.525710030418585,5.640507326916096,-6.446981298324446,0.12836988929221022,8.979601385687902,1.2089792482022232,-0.3065866638031793,2.221677009120424,-0.2845855247989702,1.9438099433449534,-0.4262443927373802,-0.7550605153285475,-0.17051698600578008,1.21347573482718,0.04623856112598476,0.08712016711984921,0.13237860257913403,-1.0957738384171762,1.5363189331741638,-0.23365128610236968,-0.011584758924060926,3.6721029962570535,-0.35719430897902027,1.4050314507087611,0.29087296951031444,0.45947774354531384,-3.746303714782072,0.608372763236628,-0.6061376254129482,3.622881705016826,-1.0957738384171762,,-0.5291297910830222,4.250812810280016,,1.9587951295389676,6.53433239120184,5.962594141146397,-5.124642362567003
1996-12-31,1.3655990837990815,-0.20294086813396006,-0.10201795920137613,-0.4771274409536699,-5.82893644570964,4.961793043330668,2.3568420476518464,3.1631308844786963,-0.793915678676331,-1.205847057263422,-0.08069607144364277,1.458340070853656,3.4783242902734237,-2.9216510744796866,-2.46228485143493,-4.057425057206359,-3.525856467853414,4.465662904873707,-0.37842851663177524,-0.18062948954502167,-1.6936444318867108,0.13609043757658656,0.26585119902365045,-1.171869459201444,2.469536393415981,-1.6475746638400834,2.1723840226806015,-0.015473972641209352,-0.33200696080360725,7.185809197953121,2.8022141389256316,4.910945119667044,3.541811419825807,-1.6037249301520031,-0.6730058025033779,-0.6903953970531781,1.201786204887254,2.469536393415981,,3.1179808141556697,1.0222124457155757,,-3.206402288546541,-1.7999904364130161,0.22005544207678673,3.266498350060904
1997-01-31,5.131452086815006,2.8953805414218796,0.19728823945304436,8.46995274030022,-1.6996028434217174,0.30612683766821747,-0.5226034368743862,2.0639275238933537,1.563663214448232,2.877106901067244,-1.4485910137592057,-0.5770182358721578,3.911374244409252,8.339201052622828,4.147390803484469,0.8331086966295603,2.896494497692933,-3.0782204324678375,0.016837891415068307,-0.15591259674304492,4.1493879193422165,-0.14762058771702152,-0.2898202706598313,0.6275421158838008,-0.1272467414603096,1.7239968569075836,-0.47719508208326644,-0.013108458103156306,1.2267289234710717,-0.04181183981964032,-3.0088380072323164,3.7474923494319765,-5.290817474948665,2.1562815780051903,2.8274207790232575,-1.6993835428600246,0.6426402085969907,-0.1272467414603096,,2.9035703349425113,-4.012394563667771,,-1.825569418775995,2.43529116064077,0.7222517904640154,2.2540098608692385
1997-02-28,-1.2533135619238946,-2.047356383643907,-5.524390979991915,4.573323988146758,3.7779827086587345,3.9930135527717527,3.311258828126824,5.237254752013329,0.7695663572820257,-0.2611999260969465,-4.4531555111048995,-7.705441828217838,7.752119438725948,-0.02065381714091724,-1.2546439765758934,-2.250421470814907,4.707717936460418,-3.703072838455651,-0.4483931463364043,-0.1578995436297836,-2.8937980549427187,0.05966236827237248,0.025621913422743087,0.7498866301321783,-1.2407776113514788,2.002420697789691,-0.29562865999237864,0.009861655393231333,-5.605479399721887,2.7651989371901426,0.8176154647034202,-4.019730391020827,-2.047844576076048,-0.9649740778244118,-0.8000199297593225,-1.5334551860775136,1.5199248297303436,-1.2407776113514788,,4.599689866029456,-1.7757824593561666,,4.750102754557801,4.360010514445547,-0.30960581649977054,-2.9514593682192425
1997-03-31,8.228365110876112,1.5674736784080767,0.20183144980439294,0.34874311177564743,2.5836736478196394,5.253530331064575,0.6804037294560352,0.3745224951384126,3.0452663406294684,5.110688684096212,-2.4920754790917696,-1.4096435554341145,-2.8108036531054417,0.9777605733277461,-2.0281494337869264,-3.680743574987819,5.182018067207442,-2.1775271111042116,-0.08249600359112108,0.4832921300330799,2.8417223757904164,-0.005110825499748728,-0.1315003223148196,-1.4232895863493784,0.3435799460770122,-1.0866609988289897,0.7132750576827496,-0.002882410695266374,3.834078184953949,-2.852450197932835,-1.0824779922060452,1.4759760474021872,-4.994887044028414,-4.811421737716994,0.6380981619853254,0.020912857023756448,3.044887179348007,0.3435799460770122,,-5.986793975412814,-1.525348419036123,,-5.382986938531577,3.633409765008139,7.61783333903432,-7.214274511274748
1997-04-30,-0.9703623215242241,0.18476606864923362,3.5576852847159417,-1.9889172738956573,-4.218944190004361,0.9725171652818019,4.463048485432996,7.189862872480656,-0.6422620288797494,3.0791791458876947,-5.408890958928566,5.096683401044274,-1.4663857157854254,-5.52959770295293,-1.8348202507276508,2.126657342206566,6.296748611879046,4.516960047551914,0.4532896606988266,0.16167312654088084,-2.9265440929024447,-0.07568240816818694,-0.370688273485966,-1.5143680663158314,2.2047176948958813,-0.7345723551634944,-0.8062363485417812,0.031148652624637396,-0.415809019535478,-3.3855165984170563,-0.75063775498104,2.1349149115853168,3.1635789550512943,1.5453346321207557,6.287159261550233,0.33307937936728865,3.893634501183309,2.2047176948958813,,1.0375532575965676,0.1532467568678797,,5.12359189505929,-1.3691359067414357,-4.365244116336839,-3.097623881199279
1997-05-31,-2.432354306363472,3.606954214779138,-2.0794101768835915,0.38109439555203056,-1.0489373411643015,3.5683519358816684,4.2615405067594,-0.21106067769828857,0.7575739164526505,-2.2135738059803796,-1.565763189162425,-0.22986555506708267,-3.4826015994971917,1.417633772361729,0.7149357075723208,0.7728014144495268,-4.6539518238172,1.2571335295311477,-0.47500255028917165,-0.35155014921122135,-0.14173995432398573,-0.11559453754254256,-0.608467561874676,-0.9125348332837573,-2.2809100931019577,-3.0439870346851,-0.64851282790314,-0.011422574649000289,2.613673559312654,1.2196411201339319,1.4206810820713078,-0.5673953616949463,3.3815825510235817,1.4773959430053087,9.574553828229574,-0.5202269283635861,3.1009959273439653,-2.2809100931019577,,0.34268427294106796,4.922701795781776,,2.429209600401728,-2.4286554728809358,0.2693234555531168,2.7466141775068453
1997-06-30,1.5497372557961313,3.158345143492863,-0.5938807486124678,-2.60743913929441,-1.7886310192800157,-0.4453553205977487,2.1710438651270936,6.302907935859477,-4.125136021931422,-3.4105289278592594,-1.0654611611098364,-0.034295628412331414,2.8316615863585084,-1.8219240128727594,-0.9290807304205086,6.477811603981696,1.0485483079183935,1.615745747184997,-0.4707185572394676,-0.3122029399411294,-1.4001028072875454,-0.1157240447262429,-0.7302533710840879,-2.352834752540636,-2.596205861725768,-2.3322457648992416,-3.018857467822688,0.011792669333745426,-3.7376538066392713,1.9323122668681352,4.684672499135487,0.9356518730476768,-2.806782936496962,-1.217411657605329,-4.493704222600896,4.6291431688466185,-0.03169824653322911,-2.596205861725768,,-0.8248005330060846,-4.054098802153851,,-4.054237974232487,4.960088532176016,-1.0437083136069778,2.4106201897885153
1997-07-31,3.1497747908846025,-1.788725113589809,0.04408151917559744,0.767684380297634,-5.313288726455876,4.848341302606177,-1.7206375200116408,-5.339641255744431,1.2147313510191835,-0.19073356693884913,-5.73862470888214,5.72573107635701,8.135373361816912,-0.5199911046198823,-3.1371652800036376,-2.095246872071292,-1.079670241838735,-2.089192564129602,-0.2719327816607594,-0.006897332300274894,0.18026438990598853,-0.20477143300586878,-0.3665293977290589,-0.2388366402664943,2.0759688494391986,3.107809486129974,-1.6199819322472369,0.010995468944587805,-0.3510372870266445,-1.6365014736249357,0.786811554582285,0.6844574523614314,1.053648142513472,2.857867053605318,1.3378614839430343,5.222648741498011,0.2738564796629681,2.0759688494391986,,-0.778478660487036,-8.790117092919301,,3.0176269086537233,-2.0866305254955146,0.7285575843128517,-5.153949784896201
1997-08-31,2.2700194443530934,-2.5631089219618963,-5.340415218474678,1.7600397196281263,2.702353017284706,-6.117729926774113,0.031549183196890485,1.6130439595200499,8.113538394149725,2.9533446791061158,1.0978387169628512,3.3118543429663387,-1.6773778405424409,3.244287930777751,1.0666543681934537,3.152536421746793,2.329672254662506,4.4693157320675105,0.15822966300023522,-0.300937981214107,-1.9845354524420031,-0.16047805317847985,-1.1812423675762314,-2.5484387315856774,-1.3705118424207865,-4.311182943553854,-3.1693238908881556,-0.0032102033485450765,-2.596376344672307,2.7011570162504324,3.3852043845731643,0.7487800739399483,-0.6434239285312713,-0.2088444333408701,4.226073209961346,1.5026914323309275,-4.489351516377861,-1.3705118424207865,,-2.62119682373034,-3.104461182888292,,-2.2423645857105288,5.162862424574883,1.342835278724412,2.350613454757858
1997-09-30,3.2402994352243155,-6.850682948241428,-0.1422587002938847,2.771739600659534,-0.6191426810862379,-0.21585738999183796,1.129684927047008,5.88400433904447,3.548104766165771,1.027518391049444,3.3349793879182346,1.8808919335884415,-1.1859239209614436,-2.556532930440718,0.4191018627705762,2.401857173947546,4.006890375692812,-3.6479406739515134,0.07333533948780885,-0.35666879449257954,0.11201561885073574,-0.22726643639583582,-0.800953790985864,-1.4559491942826785,-3.127919653453283,-2.347238489226883,-2.1389655777858945,0.026416741449489328,-1.5449286265178723,-5.346140301423606,-1.2861075444999595,5.0379409914415945,0.22059763443099956,-3.7498211376881354,-1.7734935197654493,0.05709945560763191,4.406687184239569,-3.127919653453283,,1.1243722941264116,4.9054934890935655,,-1.4812657626343444,4.127933511022545,-2.1488412966328103,1.6625182310309319
1997-10-31,-1.9913861028096247,3.556425744583078,2.450877421166246,6.481613830610609,-4.01918606839965,9.517057529611092,-0.7650960794560281,3.087936824386247,0.6752669998661535,1.9831642315903513,-2.136258957800692,0.03393594541117839,2.3044961051181687,0.12747399805484305,2.145495246423662,0.503851995049659,1.8983485292192,-1.3792893032358182,0.18675700112558513,-0.11234123440011146,-0.10973492867041772,-0.07198219141603215,-0.3335063723231916,-2.6278703218054273,0.23377498458820506,2.2463000557177506,1.7567990953219161,0.014202108708770894,9.564974804758663,-1.8640456801834504,2.259497306036088,1.0868971670847252,1.7528759422621762,0.48249066012357467,0.10776944759883428,3.7700452408102203,0.09182728833518816,0.23377498458820506,,3.925803329868624,-1.3408938275369424,,-1.363825160183639,5.808737237316839,0.37838088798312264,0.48349866919229134
1997-11-30,10.721669755836702,-4.099040307136134,-0.9410400395073676,4.86634697518138,-4.619937637921143,7.955678165497727,1.333605299871948,5.573118667660473,5.350696527831363,-0.2685684039388426,9.006589119324326,0.8702582004117859,-0.7335620013977403,6.6260774259865345,-0.3000192936760667,-3.9633613938915127,6.261547159691793,1.495276194782618,-0.22053012521831683,-0.21633759246972428,-3.8317789053725053,-0.23055253400446515,-1.1015857338182728,-1.6373195227956692,0.42100172194450136,-1.4463776150580498,-0.2232528109020693,-0.009241263791453624,0.09350395444148818,2.942961785663014,3.2685031174337515,-2.2138553150595413,3.1811038153936955,-2.7823545143043673,1.0992024282135104,1.962993005659409,-0.741752127072254,0.42100172194450136,,3.648064702393471,4.7447506964766895,,-3.582765511536457,-1.2053250983671455,-4.351552119828149,0.6593621983550232
1997-12-31,-1.9663670575423131,-3.3853538363293936,1.1926354904720098,1.5333163302997663,1.7059186324025277,-7.305496908363711,-4.511688510204181,0.981816768475071,-5.601047378695593,1.2012097653893812,-4.505627402114952,6.704076483935568,2.5998741064842643,-0.7734503947046726,-1.0963354124326155,-0.11368896736599565,-2.8468151279210567,2.593627624662736,-0.6735260205913453,0.2879001323693752,3.0518855400324916,-0.24065147881192397,-0.9568963354189478,-2.190277487822148,-2.2749201210243806,3.0773742424149053,-2.2696349135307297,0.0062754077104088535,-0.7533147859179485,0.3222039438050205,3.688433044337418,1.665834585643625,1.5160111149523243,5.094783778658469,2.9449953343229467,5.370556873523859,-3.0627062305152872,-2.2749201210243806,,2.03819673429987,2.0545017165037827,,-3.936943404425689,4.298467077494677,1.6684164359812965,0.006963761419670922
1998-01-31,-3.937977541774581,0.8445760352394216,2.081805776493768,3.019260979788222,-3.133716144672114,-1.7928751202971076,2.4933383993924503,-7.2009834021550825,-1.0518015494420518,-0.3708501863601277,5.680876654116848,1.956850744628311,6.055650827740135,4.712942983680716,8.535199251659805,3.4157960489496233,-2.3252759981005244,3.866499519726606,1.0091015890805182,0.0687217240858955,-1.4460667419045616,-0.25051737132107377,-0.9822725286267274,-1.2149618385830991,-3.0299821903903448,-5.5447206241914975,-0.9945267209967017,-0.04593487271775562,3.954518208970537,-0.486097891192675,2.9852436378986775,-2.2164826323448787,-0.9767183399367798,-0.927554316282903,5.904852263716251,1.1114670638874031,2.8350867358863576,-3.0299821903903448,,2.6748923595162735,-1.632539808293334,,-2.977236664033767,-0.42205485949423116,1.86206716369877,0.7069310272606382
1998-02-28,0.3560396292696823,-1.545663726934896,1.3277941429006241,2.4779572473402633,2.386419071100122,0.8977713682577033,-2.116186409189237,2.104684086725015,4.278992888109193,-0.9260956737431336,4.678780440673145,0.9366108178178418,0.47918670994347395,4.484018141781994,1.5036566630308117,3.980225685382172,-0.802202815763081,-3.277809814223954,-0.30879718933813877,-0.4941593535708329,-1.073702710329844,-0.1998627225125243,-0.6866879487518085,-1.4024554884611056,0.24865427352713204,1.3026693619147993,-4.387009359917447,0.008900076878065821,5.212145745755282,2.62866100101464,3.571042221488409,0.6633851460637965,1.3512401280933388,1.1407262968189649,2.0656755272651663,-3.9129051552653635,3.5842177249640175,0.24865427352713204,,4.242118461181408,0.5114136327447141,,0.17647086259404082,4.302137085007302,2.312077258850057,2.743772666672276
1998-03-31,0.6192587291214002,5.18850654795458,0.973634025095773,7.279305136877208,-1.2003309158186815,1.8021828650345793,9.576858339358953,-3.5796485110047094,-0.2529164607189611,-0.1484574508897728,-0.9741452046427185,0.15077636521329907,-0.6266731991754454,-2.4435667198311033,-3.6413556027673137,-5.576072570121733,4.895214743313533,4.404697959995483,-0.054314119027335406,-0.26628252000272845,-0.3596914031092063,-0.14243411151875768,-0.5184899611074447,-1.780139378826238,-0.4962551591827232,-5.988804183693433,-0.3223387912399315,-0.00933414594165588,3.4756444365541697,2.318222608111873,-5.597341512320342,-1.4821351599373749,3.7255987681392817,-1.142588455542532,0.8969312587048507,6.5146641277144655,-1.6739002400316592,-0.4962551591827232,,2.1457338749726635,-0.8521542523683229,,2.4586986140260523,-1.0103472610932944,-2.736570086222237,2.8996300127578314
1998-04-30,-4.652692021348821,0.43306835723709697,7.539163358953885,1.9881124549980882,0.7375565135484321,-1.8050395555827459,-0.33213344851841914,3.2336364305198018,1.1432665495149794,-2.3984709046370236,1.61524704663992,-0.08867765286777946,-0.677442063661684,-4.588245597065838,-0.8152346615015813,-2.8656470272879995,5.624372683277897,-4.532290470073788,0.3161198080463334,-0.3449512190112359,0.7877781161399038,-0.27557124113625453,-0.5633659994557443,-1.2113735364945455,-3.5603743299201644,1.1981771245030324,-0.631608103147973,-0.012361067388254154,5.727698575464167,-1.1698615437747182,-6.190044764392062,2.6782313455910414,8.335179514002132,2.200088896796295,0.4192680202297287,2.4023847410177446,-3.4575893975777676,-3.5603743299201644,,-1.1118781547835186,-0.8438468844460159,,1.966088977967802,-2.7548261550864597,2.9752073425202283,3.488062690654724
1998-05-31,3.5245045946575115,1.4106034391995437,-0.030271234756397314,-4.807193062356825,-2.90154195890587,6.653074407918467,4.5037845365557105,2.24620318569173,-0.3541980052497014,-5.5951966662895645,2.0405020322569056,5.72098742012572,3.0763749008567727,1.444867226644623,0.4948029445957967,1.3425697476886669,0.42807806223199335,1.6832062389744247,-0.4799565320654808,-0.22584470071232648,0.9250468565774825,-0.14916327857930112,-0.17409648362708616,-1.1862036626007944,3.1948864151531446,-1.5270070903015651,-3.6320028536446736,0.006103367343669119,0.9938128965848125,-0.7539576226058121,-1.6362838719916184,6.954542575044353,1.4794975984371301,2.2784538901614604,3.0396833587197905,0.9409968490024698,-1.388912794166824,3.1948864151531446,,-1.7389412371543373,0.33903560773589364,,3.080020457038845,-0.9969167710453128,0.07250283239309013,-2.131865685644519
1998-06-30,0.746291585029949,-0.12507539000000878,-2.2018699057399096,3.147715177589863,2.3051940899286807,5.119917755859126,6.231418080347733,4.1906319901039675,1.0871747647784187,-0.9746698434071611,0.10205643512072188,-9.177343459115296,1.0434899678566079,-7.563048903921184,6.785351114938448,-1.364449347747585,-0.15151525248556275,3.9103932826029686,-0.2357332792783824,0.4287852398357721,-1.6340912424850733,-0.15352125893226354,-0.9853958678929056,-0.3378429504402379,0.05442155408438193,0.6942699280185276,0.03754742261111982,-0.017696136226117487,0.005782470932423789,5.165281912267504,0.25863565007828115,-2.8476595267505624,2.272448480877316,4.17913717689895,-0.9691296431516001,1.2906738428702516,3.724464713695153,0.05442155408438193,,1.3300727539374073,8.568989569378939,,4.793290331138101,-1.8208888653791393,-3.539560629431265,-1.495022900968422
1998-07-31,-3.391498820844991,1.8871136097709393,3.793137599196047,-4.572770868865062,-1.0095375177894204,3.4230262575292105,-6.094904247224567,-1.3979679526325381,1.6989495888512103,-2.3357279951035546,0.626780519829149,2.4198311153009264,0.48551667072281884,-1.7928376526338057,-1.6044831313436385,-2.4009862752181257,0.22547758286499237,0.07516604415551625,0.5504989999963144,-0.8859604691771312,-2.900329552312884,-0.11990797106664364,-0.05146989456040524,-1.118822579729538,-2.826192459137957,1.3243056278084115,-0.3550596780329632,0.00292254320577523,2.98489374554289,1.674311813285129,-3.8231465470142365,-0.9810177381178282,4.554785086689769,0.6754670870994324,3.8106849375807155,0.39721233129910355,0.20359243514910236,-2.826192459137957,,-1.262694939499732,6.037818871003379,,-1.2222862935511276,-1.8610302398825875,-0.8250508643278152,-2.2644547775108412
1998-08-31,3.5069830565739215,-1.12715145434548,-2.897990369502489,-3.3816030187245527,-0.04418682464392193,3.473626426626698,-3.85748818875609,-6.789736187153933,0.429668180952386,2.5805009099821308,5.695934059866844,5.0349387128985965,-5.779704599375466,0.273146526112939,3.9210993444372795,5.526318505105863,0.6984169435797462,0.06684286359624092,0.9997231418228701,-0.0772870489609635,2.00308806333279,-0.027609807402999287,-0.4768359561787312,-1.0102297247718208,-0.5969620882658073,-0.7295175403765279,1.7376620350664074,-0.02230477640359868,0.21451589932741133,4.807250831073516,0.6912530000480225,-2.5539546390764647,3.334444506445073,1.997960158388823,-3.976347368482098,-1.7328468883871473,2.184527501384286,-0.5969620882658073,,-5.760163043459806,1.1789571441842677,,-0.6828078634580019,-1.112823146333878,-0.7191663968840761,1.8213271985161992
1998-09-30,2.805706695874493,-3.543718272523539,-2.291925931027712,4.07988927063933,-3.2397328023292635,4.951750769994963,0.27328806212608103,-0.6356995106868285,0.16061479060935901,-4.488921254914581,-6.782621744016008,-7.044169688376491,3.697921662357639,3.3747867362407753,0.25794024151635986,-1.2859970314382,-2.325085661716953,-4.203710957536482,0.36902051861656715,-0.15181959016105329,-1.3238657315161315,-0.07675758505205699,0.6053906649830219,-0.03255013588611344,-0.643855574850162,-1.2941202235846125,-2.274141024292685,-0.0041623801545052075,-3.0140741084118394,-3.8813234608237366,3.7727912186737846,-0.23195655033387608,-0.5468415695326735,0.4803440781277729,4.609021116590042,2.7179981634071275,3.194389239894053,-0.643855574850162,,-2.2001930948660453,-0.35786987603131704,,-0.3006204698898929,1.2626027292592668,-2.7825086077008745,-0.5919784325514771
1998-10-31,-0.8428558877533201,-7.718290787597533,-0.9152493458008553,1.9086581082381864,-3.975889487028808,-1.984254893205308,5.000199429569925,2.34233873554702,1.3754262946140114,2.8652225487672784,0.44718214023786046,8.14742130173371,-1.4333431135103254,-3.146879024439751,-0.08378289375615094,-1.8831358762114538,2.424546066382795,-0.3231351831359948,-0.37053595871098916,-0.04652383347956818,3.180889904337058,-0.008445387244364388,0.01736063952740796,0.1939195372300448,2.884728295386744,-3.285767578701626,-4.550097137128852,-0.05322898486081157,5.573924041101904,1.619480407567133,-0.6741616727738595,-3.320894597040653,5.836170130959556,-3.048571096966094,1.0212567670428059,-0.04554566930488141,-4.4095145249982615,2.884728295386744,,-2.4718784349137572,2.9322924542155087,,-5.2122335487476645,-7.064103562867218,-2.5098375037052985,-0.7189819205197039
1998-11-30,5.440448295162105,-4.41357738275148,0.706033934658161,-0.6200214251847508,6.794290306406419,-0.7800939841252184,6.343173293091646,-4.843063944757685,5.70422933211693,-3.75281110509402,1.4017958861351052,5.009854933204963,-1.0476109922111518,-3.204636061973389,-7.491900561414885,-1.2930670564306697,2.321671123322111,4.374348186103556,1.3165261395540773,0.12647239016378098,-1.10131754649947,0.07800148554406183,0.08511290324969945,0.5567425182683865,1.328168847442231,4.525425275947031,7.825111103459617,0.003711473781124852,4.870107246187533,1.6778464967592859,-0.29339326271997346,-2.4677629476570937,-2.1521420763498766,4.010875546442589,-4.077826737011392,-1.4679822715663358,4.142884569668927,1.328168847442231,,-1.114409483072133,4.259556187313408,,2.132958888753174,-0.33521416169943186,-2.7242993697885076,-4.14642249663278
1998-12-31,1.2916143018002166,-0.30214800697199756,-1.1666838888681954,-3.2551575245949165,4.194519540510649,-0.4349593675481706,-3.1899998088596626,5.472483551427558,-3.385011074293615,-1.6584176784835034,-0.40784460619535673,0.9299894183836532,-2.432840775077767,0.1281446122843295,4.061513708994522,-6.457894375804648,1.2707923676317532,3.5182616672880433,0.5793850887125556,0.43959159986408364,1.9278790646479547,-0.11370052165169933,0.35974597201008957,0.5081362592151053,-2.9983832873159075,2.438570919646499,-2.256802948444317,-0.004234913091145764,4.522804855028092,-0.5841310298611643,-3.694434122671799,-2.444485924841177,2.1494816095627867,5.578239637379914,-2.6530544451127005,2.0590752949558153,4.275582189713874,-2.9983832873159075,,0.31534169052549516,-5.154311097312563,,-4.7082220135130735,-1.669245907296588,-6.1396855841939075,-0.1078395353234009
1999-01-31,1.2795553024351425,6.39358942289829,2.062990616475759,-0.2804576317078032,4.1805419783643725,-1.4172805263533872,-1.1021434863499724,3.8548737059858786,4.521660199321535,-2.7126898145283724,9.300686078071225,5.153366595316076,-1.6917107548506776,-1.4358143956803682,3.2585634995655557,4.506340446345542,-1.1020778224532901,2.700767942315912,0.839312471551366,-0.7390795762364695,-1.8961713224880228,-0.011583310939134117,-0.44497826038364396,0.9750208483865614,2.3318143880284454,-0.27645908819326065,-1.8519764244005845,0.003672035075905744,-0.8296128397548267,-1.5513017113668786,-1.0014626651165497,-0.4047956051675515,2.143395352381504,-3.066287927103752,0.9420162434980648,-3.0753335404885744,1.2436065321389358,2.3318143880284454,,-0.7028057122913041,4.57771385259588,,3.6109476669360054,4.01325456796925,-3.346912426982626,0.8322337839887846
1999-02-28,-2.3964090168022505,-3.5366834312196542,-1.4363927748483425,-5.628781878225373,-2.1499956456039357,-5.18986808767571,-0.0997853235970676,3.170506728676102,2.3914176502063578,1.1836049724936757,-2.026794296458231,0.7514499196711596,2.532165029425318,2.434086246115066,0.5492833469557106,3.0459350087897037,1.3420496063266807,-0.2536451383321304,0.5628172755517521,-0.28687891983422176,3.1328360066722527,-0.02078368463315955,0.38360043590017967,0.9055924883029399,0.29871003742012503,-2.0677967623744813,2.569606341404734,0.022079722390684953,-5.879768162996705,-6.494697384621372,-3.840121670352239,-4.149640115653336,0.4562981102824266,4.311417088419632,-3.817156709925546,-0.8067400008233094,0.3479903649869148,0.29871003742012503,,6.587872023524214,2.036653783088184,,-3.4666231376736554,-0.9910010886827623,0.3549757972662281,2.5847260715381135
1999-03-31,5.187829249949703,3.9571414747329965,-3.1383178510196585,2.0839608621949073,1.585760884819165,-0.7376719856219471,1.183965568876531,5.612437425506183,0.2799243909251497,-4.614196665738118,3.518184477067078,-0.30804259238027426,4.784671272896453,-3.6926475226130284,-10.198642960511698,-1.5545970283863124,-7.338013784168966,-0.7190828645013911,0.16453468066116045,-0.2699578267951917,-0.22950706778807833,0.15341578003500134,0.8346952718716536,-0.0741069442779983,2.5960260269064332,-1.2317798727528793,1.4921651279770287,0.02430675524761078,1.1214530402314056,-1.8822627397498115,-2.0845049506191367,3.5725784615703056,-1.0324370507916611,0.5939267767702994,-1.901501155816606,1.0355158832133098,4.6500544133039865,2.5960260269064332,,1.289689915956262,6.073192617325498,,-2.0206536013143346,7.124290996637186,3.1449610229918834,-0.4278064392949678
1999-04-30,4.603663467029973,-1.324391965012517,-2.769740382758915,-2.3176698924302346,1.6376659355171814,-5.278471430032884,-1.2656479989822926,2.6654091685988144,-4.751468995133411,0.7292070923265357,-0.16807305328012512,-6.248684852045965,0.6931876861421828,-0.30958069962262025,-5.162521375870293,-2.465071509200932,-3.2357868255697753,-1.4930509245158186,-0.29420828831220924,0.38443968428907804,-0.48945119162332174,0.08354168285287006,-0.2994211484156445,-0.577382668557372,2.034445266130037,4.8658065263998544,-3.2951870719082663,0.005626312248543097,-4.517173297565541,1.3467052728352455,-1.8042116462827837,-0.30865586606547935,1.2724370052974907,4.251645677349074,-0.2899680528766766,-2.8585912414698456,2.816812369975147,2.034445266130037,,-5.273458338319335,-1.3466158412484208,,4.117364583847673,-0.34740372836490774,1.8754197016840919,-1.385295363980367
1999-05-31,-0.3393702916302255,-1.4622883602568786,-1.9781176086418604,2.3995157934375952,2.1004704033079524,3.800682314739325,0.43431693809347954,8.29339771786833,-2.5964388194726626,3.5364100934230693,5.598117154625854,3.3393641442634507,0.7199440513903501,0.22092431070249313,9.03122196151278,1.85251532510353,5.144755141234541,2.473825673795576,0.1539516992575593,-0.49156272988073485,1.0863198621307428,-0.08635732422313044,0.5193207104875619,2.3585345744028823,0.03469676604209243,-2.80869780201935,0.977711780453983,0.021654355963532212,-0.7919309246963897,-4.572402320044131,-3.1520781711819037,-1.6315612389119252,-1.9896694985091818,0.444997276732162,2.213530700559309,-0.4711216809147673,-3.6797276805172854,0.03469676604209243,,0.28376474920821965,1.7919292935184095,,-1.6431455324515565,5.726808913139932,-1.541556798414417,4.794736165925458
1999-06-30,2.5514368015044244,-0.32188653737629813,-1.2085110711066074,-0.17747604701452657,-2.4624112815324724,3.376725114139729,0.6695913519089576,6.088648295681883,-4.244713522756919,-1.9900117262389336,6.8941981828918,2.043441800017159,0.13856148802904483,1.2988929534484177,5.91800051662524,0.8792307708161924,-1.0903696642083678,-4.872880014127351,0.4761039685018089,0.47141539532004306,-0.11514424275500029,0.08869040019497548,-0.06880866278900025,-0.1740964416746447,-2.1338726800555836,2.778046491711466,3.8376567752107276,0.02463555430726605,2.2679781197854476,-1.1506483757347103,0.2626110624617566,-2.9108380399110025,3.495714553682989,3.0773161792279513,-7.232543293269259,2.428788038022363,3.5049839218550165,-2.1338726800555836,,1.4474118272363983,-0.3898500042860379,,-2.5998191331637504,3.7512525906754863,-0.7942198174036085,2.4307197155334155
1999-07-31,-0.08731733718893153,0.6811918829043955,4.775084475962314,-1.640280833411894,1.04362222733504,3.87492043010913,3.2053059145388865,0.0879307706341067,1.686233770491703,-0.8491123820669642,-4.28584935918763,-0.8908243971007583,3.249889729627145,5.505076422379601,0.14731773885664118,0.7154914728920065,-2.8847779742947144,-0.49068977488504323,0.12966595966015942,-0.09235504195265604,-0.11104124438663235,-0.06443070259798922,0.7335657251989072,0.07054090870441282,1.0713340383563756,4.629121669384222,0.4131017613855604,0.0028878294009112015,-5.970927209879433,2.8593042445856334,-3.6452145421286244,-0.882028334299477,2.8782626319977185,-0.5735864361187657,-1.192970211117625,-1.8142276116316753,2.5624625897810343,1.0713340383563756,,-0.6815420988081455,5.609362161914162,,1.6025068766272008,7.096033121834592,-4.279598574396851,0.33844578021587174
1999-08-31,-0.3891228189125465,-0.5376213133255557,-2.207590994980682,-1.7819853621449124,-0.5744409472824094,-0.3042784721347904,-0.060631785374594016,4.400132899712238,1.8836487354768305,0.8320247807401756,-1.8503481561021258,2.180710458034824,1.1350478059100193,8.038445483639043,2.4031267127021363,3.573807878554721,0.287976350972611,-3.2715955055786603,0.7230986845702619,-0.1530049843488196,1.6277844503779106,0.003919022012437656,-0.2974642040603529,-0.4401561257633222,1.1130468307621482,-4.046474449408067,-2.942798717207393,0.020614000973909863,-0.5530617333752321,-1.4459084127476034,-4.836500859918873,2.5952359861454606,-1.9079103446971968,-1.980497377798423,1.4497877844695286,-0.7853743050903399,-2.4182998727090594,1.1130468307621482,,1.9623496227012254,3.0615274843445826,,1.6842328668480704,-3.25212498643129,3.035350961663624,1.4946558296492563
1999-09-30,-1.7530422041040405,-3.0878961032894225,-0.6538085718641254,-1.546236488525646,1.1851643925438182,1.21147785364206,3.1689854713846253,3.364997921942566,-0.34428605192123896,0.5404828589027706,4.638533020886133,6.349852918705255,-0.6334197644049403,2.1643515107406732,5.77114196482593,-3.8133170322558,1.6533837935440623,4.136073622729185,-0.2630567565634111,0.4523042163220371,-0.15864960367855815,0.09420571041291026,0.2769890366476586,1.2853198807622146,1.410651752804576,-1.6533838221518846,-1.3478370562022066,-0.011695358208181128,-0.10735141109723467,0.21468764321797795,-3.7019530228855464,2.2527385370616977,4.135120050527834,3.0261391312777888,5.725645463856687,1.4669195293802142,2.764602314366801,1.410651752804576,,-0.8143397278404821,0.3843480922472372,,-3.5469609702704794,-0.48185694907970533,-1.7962338507136026,-3.380303536170505
1999-10-31,2.0828201495614524,3.1346677864283334,-1.6206995085654259,3.603684074848705,0.6749353784545443,4.258105327148023,-1.595193651343497,-3.384525876065822,-0.061965427732888045,1.1103986679448954,1.0319329611121062,6.385285618020786,-5.900844838550926,8.295009255427884,-2.0546490466706007,-3.193563298230222,1.6754548396223061,-3.7857525416423115,0.48967549683796074,-0.17923890672202292,-0.7320995298653254,-0.11246772831140059,0.024916472042311733,-0.49668456621858165,0.12287963224097881,3.4797634030383477,0.1993558225971842,0.007886501747883745,0.27402586344801183,-0.6582047388709914,-5.306375039554414,1.9853853267277484,-0.7999681919879917,-3.8195470547374315,-0.35114388017927234,-4.055300741933285,-0.457750895685025,0.12287963224097881,,-2.662519316304166,3.9075052690125385,,1.9335396919788814,-4.356411168973429,-0.0459207597775565,1.6686712267049457
1999-11-30,-2.0570937215281035,2.883118201902142,4.498787477891897,-0.05362104616398655,-1.670289025702139,0.46789886984688545,-4.6795035287586995,4.422759403983776,-8.611095357176348,-0.3066791337926835,1.495303256987898,-4.500445722126167,0.8772882927060633,3.0587641097180573,4.330685721215908,2.5942959866568445,-5.163540087447833,3.0385011048252486,0.4887766589920405,-0.5927268502854411,2.3297938104220455,-0.01383507787561683,-0.21910878070769915,0.3170983791616847,-2.777796247662976,0.028306634091496474,2.8561096487418807,0.03027931333357986,1.5900209304454487,6.203860620158875,6.834563405743689,-0.432509920116147,-3.556685467003035,2.5256870559691538,-0.36714022344754804,-1.5793713449734263,1.6291894952910329,-2.777796247662976,,0.23096699103831198,5.427242299598576,,-0.8950514746780768,-1.288781043020745,1.2154831660185814,-1.1157849466412473
1999-12-31,-3.5815159500195204,5.741089536674853,1.335034256707635,-2.9725572854151885,4.933429958971086,3.4410122824286606,1.6034829009494245,-3.2087708179242203,-1.6310525400105254,0.7132593351496923,3.348141899288681,3.587330169582481,2.10493008680759,-4.5876332128129,-1.3255976937892542,-1.0328377405347222,-5.344281154480495,2.4119056457751444,0.15700164121160665,0.25656403392390015,-1.2854759574716685,-0.10113002563482698,0.18316255672390236,-0.14647651721900012,2.0725328084834675,-1.795734488336946,1.09134072447916,-0.0028478375127244937,-8.534312550594027,2.4729522492062426,7.070321482193679,2.1137952326771217,-2.044767350720392,-2.007105537552052,1.131775014744124,4.478529041768569,-3.3187269975844074,2.0725328084834675,,-4.971915619483365,-1.5313672623007148,,-3.298027677354284,-0.3926032361334363,-0.4152280602177526,1.720862571355608
2000-01-31,-4.4150415036963295,2.2160077181897044,8.626965181465923,2.554238833268994,-1.119879786295717,-2.8080332884341512,0.4219718622543823,5.7051077330645,6.100170645858427,-1.1056689663876154,-1.7255937363838036,5.616949071873624,1.8123080009632604,0.12484526856230149,-0.3261467145267728,1.1804282132823034,-2.0340263589038377,4.316548138478182,0.2991191504950911,-0.8345715811046214,-0.3771550739585992,0.015249098841472408,-0.18403482191667442,-0.9405381073804971,2.642586981887577,1.0671381800484347,-4.431027709575491,0.01577056597238813,-3.053959453981146,-5.214796710936117,2.812385149823409,1.5585727287302773,4.1567496693869685,-1.2019202387303203,4.504805808531879,1.8101917335107238,5.064122717617934,2.642586981887577,,8.35736359244679,2.682435422757148,,0.4148908134851397,1.3575520844563567,-1.1072296605191645,-0.0491303179482504
2000-02-29,-4.6122203198725025,0.5081895632031421,6.520371979704422,3.134804317672147,6.19939204628752,-5.522894168005284,-5.661076103927443,-3.3575296544038595,3.1313986314080804,10.042534106942762,-1.3493786480488823,-1.0848420767825921,4.82009966369396,-5.7602471903233115,5.921031560521053,2.036189079560688,4.349421125150985,-6.381988528653802,-0.11004982328391916,0.5454252045702941,1.9618719758923613,-0.17572038123974612,-0.11277829108956722,0.23777719348001508,-3.4655188488955466,0.5188684718063492,1.8057344820066314,-0.008244545155096428,-0.25258525907525486,-3.0466725763128295,-4.09171957417575,-4.696306530029163,3.6924576339468533,-3.362594237427661,-2.9219745940966932,-4.225215729954762,-2.288148253885048,-3.4655188488955466,,-2.2231580354500755,-1.2194553094589038,,-0.6263645070703445,0.04554041198158615,-1.3389960742625202,1.5299001274076598
2000-03-31,-1.5009617165470326,-4.31694901796358,-5.278665583396416,4.05376879288675,-5.493623131081003,3.8266858889707778,-2.0493845673613356,3.393395187308885,1.953042958918616,0.021462453705177464,-4.090809591914099,0.39676568027968284,-2.752898883615476,0.38812090987995906,3.747799569576897,3.226886020104857,5.160242797281532,1.801136117065881,0.2896512779446394,0.40194113321269453,0.03273412260772407,-0.04619606799974613,-0.11473065877581598,-0.6019249482743242,0.19510628263428342,1.1842008847436354,-3.906309426039399,-0.008126770019758478,1.2478643468952224,-1.6065716604830766,-0.6259674435445782,0.28126674338306323,3.204471515429768,-4.181367192432427,-0.5158260030333798,1.2535846132847674,-3.7454055873555228,0.19510628263428342,,-2.1524133253749516,1.9091421279663043,,-1.473235786170625,6.194310357490725,3.554318303183591,1.1678678071363933
2000-04-30,2.9328557848351036,3.12701518044283,0.8743951335506168,0.23418070110371508,-2.2992061361155613,-4.6523115558532755,-5.652353287160665,1.8693158849855256,0.7855947371024457,-0.4264129357922853,0.9341843148971178,-5.391042957831982,-0.03376113007295095,-1.6337287107038816,-2.0350386626725188,3.30409163810241,7.744268954506429,3.0440554696016324,0.09605663782727442,1.2577206461202142,-0.5522890292451086,-0.009770362063642568,0.186634860783167,-0.5655521996700236,1.6203852877176117,-1.7072324656529658,1.8287402728869733,0.0006851530253642046,-0.06149062150691709,6.43201921474533,2.675086728279332,-1.8303545380635384,-1.00718853597473,2.6535130436377865,0.6461103729764357,-1.7611009767205879,-3.9775378756700466,1.6203852877176117,,2.026295416323136,2.456522536128855,,-1.5181264674190067,0.8012469651878402,-0.5470207497754762,-0.5641809965909566
2000-05-31,-2.2940733282177312,4.542098574789808,-3.5720598546108544,1.7500602464481243,2.8273457969433498,1.7979200784552278,1.5236146173358318,-0.4473413789387295,-0.8474539081123582,-3.063233862091524,3.3454525123169265,-0.7021661107182441,-1.6989853833832778,0.4945467668861856,0.34541747756374375,3.5050130037929224,6.865948489463772,4.398571209383598,0.27396067699179993,-0.038154844783546915,-1.699780663701531,-0.11383538474586988,-0.4229736550559904,0.6225648913021021,-1.4701363725411425,1.4105427588944115,0.5366883483971481,0.03232011187493833,-4.286712746680555,0.6767222277971203,4.751632872248329,0.5088265170910599,2.3293928203880414,0.727532353564931,0.23407689243065977,1.4123046257238074,-0.4526703996136754,-1.4701363725411425,,-2.382826224087588,-2.7257307723481157,,1.7052184499862124,-1.0090421679264936,-2.5392588808174414,-3.007169350169349
2000-06-30,2.2145053296674737,-0.4826955597713054,-5.123844145676153,1.8036208292584937,-3.489333170489357,-4.356678833958514,7.064873048485307,-2.6435603715327494,0.6137114908598627,-0.508524407979805,-2.7792024222959757,1.9902010119626719,-1.1314730932001207,2.4267110670487106,4.500702851752011,0.42198493290688655,-3.428854101929856,-5.689841631612391,0.11802886787996791,-0.13814844562392348,0.5098735281952708,-0.04862471656541012,0.15583032474395137,-0.022066642665438008,0.9097515595544636,-2.0630462745531455,-4.563172841230014,-0.012480145464783654,9.86949504872065,-6.231537568079904,-0.6504516857289129,0.02865855762246039,-1.9831719700303132,-2.8368265144238576,-0.006421859876765523,0.6732763482724231,5.860414645631672,0.9097515595544636,,-4.997145499019881,1.3554423401004285,,0.7680356695581623,-3.0065245823691624,-0.08887628544117904,0.729210854263777
2000-07-31,-3.7937790099058297,4.594969822469685,0.7384341466031497,-0.6849539945999052,7.945495452893541,8.590082211041004,-6.749585018906259,-1.030263624820193,-3.716104901623489,-1.3669061947652372,-0.17195225316914814,-2.052219312730099,-7.723101576362214,4.388967899792885,-2.9874471094078068,3.5227441855661357,3.474667730355504,-1.2942360925529406,0.21137401079739798,0.4489225674131056,1.4793015594294536,-0.07417913243444851,-0.08200101828660139,-0.2523353158350685,0.30451210390102473,0.9199933059793521,3.234250005092872,-0.010580038151945803,-1.0589061006389748,1.2111812058906863,3.1215836409776485,-1.4122938120397917,-0.8632283330878849,-1.2767583578571953,2.3745244671474146,3.4715833522397017,3.946389355567944,0.30451210390102473,,-1.2470311206660727,-0.6858606610591389,,-5.293920145971335,4.630550929392436,0.7339516307844038,-1.1107488922680595
2000-08-31,-1.631333595302158,3.272741918081801,5.20354566170915,-3.372246552394698,-3.1379183001623017,0.928044693903915,-5.609766330311767,-1.110994203444898,-0.5511576596205685,2.683978096420464,-2.1162403639727985,0.0676553375380784,-3.2230514704165065,-0.2981010882104981,-6.894156736045309,-6.626564786990108,-5.531864090905994,4.773174550993467,0.19878386445615515,0.7550876507394627,-0.19600721762497622,-0.002679949279484284,-0.07027576941618752,-0.6481805544250245,1.0043085796568971,-1.152493170053392,0.019470661905712727,-0.01573799120792052,4.07437705284938,0.6027908401136473,4.88298838229147,0.9361886799327389,4.119610112402817,-3.861740738173381,0.19962633776826455,2.791232156820126,7.895887031611506,1.0043085796568971,,4.766420006586638,1.3079058964097103,,-5.583472921143371,0.973961953537985,-3.0018523884028134,-2.287553265290356
2000-09-30,3.0292755270787852,-0.6373673038623646,-1.4555423291799472,-5.142790704663301,-4.5441653172884955,-2.0243932761362737,-0.1830594432244586,-1.2782805802352706,5.48362637395464,-1.068217414083802,-4.249292128064605,4.686714868138897,2.3887509812711674,5.766239234087104,0.9174616200930119,-2.8506717888588295,4.709548622834872,1.4106613139067954,1.005167649880522,0.4328710448973974,-1.0061827381686164,0.006527963751943033,-0.24518316394440184,0.7627329593353478,-2.6910309109310333,1.288108256059057,-0.14549959781382074,0.0016793993655873085,-1.2410236636239997,-0.18089330356913347,4.732321669500209,-1.4957119113578958,-1.2521179876607826,-0.844416645483697,-0.00800133807979142,4.444771572042341,-2.3031552185519715,-2.6910309109310333,,-2.606114808204357,-2.383068325581663,,-4.812348357427956,0.3027189817666612,-0.04444005913237942,2.6423284841075176
2000-10-31,-1.7117891961282474,9.613091571345732,2.829575590301461,3.249975279668658,-2.2153908778600373,5.350643228524489,-2.5967224334523458,-0.10011911292353981,2.609205328691508,-1.151070845985382,5.2652425841499335,1.5833372555945016,-0.46856736713088665,-2.4264683216482243,-3.2605921275331067,4.23890905976782,3.3382574544620445,6.35628854699617,-0.18999229953996255,0.9906824338082789,4.428322392268275,-0.06425258010530971,0.3235849112323984,0.4709300278431161,4.492120869051358,2.1412673307488994,0.9079549519767895,0.018139377354583708,-1.6284404174634264,2.1406576502507564,-0.6875885550626888,-0.4080970017407173,-2.4446945997554757,2.1950914987026184,-5.494489907244243,0.029443139770208793,0.43259016689513885,4.492120869051358,,5.9617299319309,-0.15897797489517723,,-1.9518795082208151,-0.08994027555898207,3.707674042120603,3.923044200090395
2000-11-30,-2.945725627200722,-4.657289354159049,1.540824232151409,0.08168477294835425,2.7523966184765607,3.5506658942421225,0.7393148918891171,-1.732663242597801,-2.711144640432069,-7.82756091051956,2.9664265906678002,2.212635404049038,7.0978114745987275,3.524233862881172,3.4465909968825046,-0.3603486560927942,0.5741932402415263,0.030753954318952725,0.435275425051015,-0.002457126928215758,-3.2031842910213597,-0.034443261544930326,0.3617568503032438,-0.5784251654022412,-0.06573271496471339,-3.2771564728574885,-0.9759470757576013,-0.012015438755395291,3.4171890229899944,0.7673325500129097,7.449999170581162,0.6023557135307174,-2.6979060956901377,-0.1747469740906476,-1.4445293067236102,1.396853891645788,3.31523795839319,-0.06573271496471339,,2.1686779695722813,-1.1655427339243636,,1.2553653775287485,0.4485515625300641,0.7712229620926582,6.2715335286704015
2000-12-31,4.150513997835926,-1.0880850259919108,-1.3575838819894372,1.414659476858834,4.830107488091784,-1.0570536845694476,-2.9435659059088506,4.380905402468567,-5.11432501488118,1.7526922586125742,1.261480894576878,-1.3191795345381352,0.91130458296488,6.152759235036702,2.617784057477383,1.577792280141473,7.500038650679941,3.608595612424549,-0.08822186533972992,0.8402847067548929,4.074018255564787,0.19122007703841865,0.1887183462593653,1.868406211762998,-0.4605047961272776,2.930322237941011,0.15401940136136533,0.0031433698175098446,-1.7233956181378138,-1.9578799360410655,-2.4790874744535607,-0.8436524652856181,1.8058386122098211,0.5802396003837966,2.4151850088681406,2.812482349752237,2.1308216974066676,-0.4605047961272776,,-3.2693684874126316,-0.18433935404732427,,-5.047873635188553,0.16377338918387568,-0.7520167995296099,0.06312565107746859
2001-01-31,1.1112716869974073,-1.9501431288390407,-4.721375483781459,-1.9020626959977887,-4.920153788268791,0.9770628213439809,-1.143776664631907,-2.6817327226039263,-0.9930905329924367,-0.8704179876251454,0.9472013726244466,-2.2225577435168087,1.7219722992563842,-0.04069654339450901,-6.936612921188039,0.28620738400289353,-0.023351775120212637,0.0343921092748089,0.1405290760371139,0.4828517398717849,-0.16228454477442963,0.08192419732948819,0.5878425815810997,1.4640690294130652,0.09687470971126888,-1.1820688340340841,0.27612790428899686,0.026633024140767847,3.6815438566713445,2.0750655739543613,-2.916178289325234,-1.3635427756893834,0.4239453669116447,3.720694910585037,-0.698445206987472,3.2466772810100615,0.9392428397625978,0.09687470971126888,,-0.4208974491160251,-1.5480143495779748,,1.2353589946357826,0.21913687195454618,4.638278880743768,1.7878852998948176
2001-02-28,-6.356980683580302,-2.777622433622464,-8.396716263615772,-9.66703707772964,-3.3831351591120997,2.9197575355360437,3.1384102592235585,-1.236294110442555,2.3067932619587856,3.108767323537121,2.015976592687171,0.18999714927664124,2.949294784238444,3.689493746859667,2.326377974077811,3.373147285519593,-9.463833634032042,1.7589592463104358,0.14619194781797534,0.4504659546218372,-0.10768592231355209,0.09840246681833009,0.7963481305257514,1.7031596754176752,5.825448039199492,2.873200099031792,3.662044645864743,0.0011773474579761523,-2.469630852714433,4.127567805103835,4.306520014739878,-4.406669989443367,-0.9818737682410179,-1.8002010060757654,3.016579462704517,3.1525118746807315,4.518042778778218,5.825448039199492,,-0.8078114548491235,-1.0198478609947064,,-4.35469684732662,-3.4363963310688024,5.469506961775755,3.7383193093840443
2001-03-31,-2.3144739468264457,-2.2527280169984643,-2.3012922905678894,-3.312489598136949,-2.1490376321462743,3.8588174596345057,0.04448714396769443,0.2612307655166471,1.0307099948988732,0.8685564028743737,3.117973643087927,1.3395175942012856,2.7625550606705813,-2.576756857738213,1.2501180223952117,-4.049959820238658,-2.0362751559222048,4.679861548528207,-0.32072798211601156,0.9230143792920174,1.3259024600699647,0.1070779704819444,0.7376880301281303,1.1048004262192024,-1.77128836098622,-0.7235498686025856,-2.7215583998779733,-0.009216651261169662,0.8108250592602573,-4.010000830539101,-1.020729320233818,-3.988593510236056,0.8934010093882709,-3.544040809325133,-2.1380718474192664,4.731276494799139,-1.0206666327108707,-1.77128836098622,,2.7806066436081895,0.5095466775717286,,-1.1084432383237268,4.8817801056430765,-3.6582440774526477,1.182751826110504
2001-04-30,4.398062794681421,3.315228207434334,4.3703541682145515,-4.160310243609406,-4.5367964686630495,1.6209269920239764,1.8644327353630452,-1.5655601627863447,2.515006360053781,2.25731990949308,2.6018257140470213,2.8388341494972984,2.538044809373856,1.2291780015918559,-0.8979764103474828,-3.2192639031913357,-2.3305420864259787,-2.374192025135402,0.0443266161264384,0.6600310993432996,0.5242001326222134,0.17384287244137592,0.929904235720296,1.825723840757216,-1.5455319043713152,2.902411915947958,0.5336786030567431,-0.00662934473682214,-7.427087120881688,4.454189376035991,-0.5876689269335935,3.0642843019879606,-7.171946475031067,-0.36596280455623403,0.927306618105062,-1.616765207361652,1.9272263099137648,-1.5455319043713152,,3.352192775521339,2.2696804294257635,,0.08885016474964963,-1.3166804420658247,-6.431825853198042,0.544032722656641
2001-05-31,4.86497556931123,1.8187988425818467,2.5525754538989682,0.21376011394083616,0.269898679750184,0.14582230683190767,-1.9353438534977565,0.5600565387205678,-2.788741288864507,-0.2668058357350688,3.0343972753951487,4.781116196014304,1.0615530500066468,-1.9738454349253434,4.7148113819846635,-2.548044112263489,-4.232429844304919,6.1247779793580825,0.27021029684205056,0.43193274287403716,1.6689901309213673,0.09894711086642222,0.585429982369789,2.4175382363997104,4.039887727377208,2.2439671765315627,5.0359832594990745,0.0006750587838464384,-2.35455132853414,-7.955248081629881,-9.480319142393986,-0.16270747775503908,-4.232909162431097,1.6560480674112852,0.4189374708878042,0.2222774269569695,3.243626089913263,4.039887727377208,,2.219183602327355,-1.957384865621027,,-4.156971315655509,1.99800570364865,2.596929568544053,0.1554176628423467
2001-06-30,-2.3033963123484544,-4.606799149391768,-2.27028026202984,-3.223883369191316,5.427480159777252,0.6750789637137836,-0.3387780278562869,0.8834878966311622,8.08999981262112,-7.257472349882504,-7.107621689738602,2.123751851883724,-2.0538137080660563,2.680614970792331,-5.555116132054155,-2.15933098001395,0.20939622201549196,-1.0521189728013085,1.169409586477197,-0.07406300020529566,0.9842854829975497,0.15605746242869084,0.7764912380301839,0.8711381977222269,1.1413725960922831,0.8600484377654801,0.4759362005702239,0.02661550563431614,-0.8754400053377291,1.1241528155680323,0.07585618527946325,-1.4186869892327945,0.5624933415487432,0.7817334590051032,0.4177546390743412,-0.2226679038078502,-5.485896133116974,1.1413725960922831,,-0.7291952154501612,-2.3123247997821763,,-8.37489882474616,1.272086310948652,6.787612284806135,7.115668562196498
2001-07-31,1.2616886578464102,1.6990163565750944,4.381960853467164,-3.306981213450092,7.866492055117594,-6.173015454759772,2.2449545304780734,1.2321833689901291,4.348927181226964,-0.7716504700776212,2.0870680246492355,-3.0230863841074775,4.318946047180274,0.9323466660861528,0.3135808821377708,1.3682314501113175,0.9694193164805716,4.980523751878099,-0.36822330615075893,0.25416061979878446,3.2560323206521478,0.22722435015994405,1.1794046396668982,2.0981316876770832,2.531910343381084,1.289766345590414,2.8475338293074217,-0.026243688608658222,5.884398900408064,-6.507838033398139,6.109197070481738,-1.1850763913657434,3.134471311642602,2.888327778910507,-3.7322381418271235,-1.2713665596454042,-0.6423036185500712,2.531910343381084,,4.31176388825765,-1.1980131995924257,,-1.3555736992603178,3.1774749162522284,-1.3010824779679044,2.763743707618302
2001-08-31,-0.21620524829945748,3.3408137642046003,-6.4133728053267705,-4.4285742137708475,5.094402578444759,3.7125250319308583,-1.7064326520835018,4.351181950218102,5.010577862511523,-4.0113269880995635,0.04604450701818302,-2.647245779393104,-4.40752416179964,-0.20639892831927192,-6.470240831835396,-6.153221633489509,3.0851828332299776,-0.7270324291241903,0.03760786873198069,0.13453974925327,-0.4138292939945388,0.3384530208644128,0.8979999138443064,3.268314331606036,-3.2181512672663,3.253360208604363,1.7469603774448494,0.02728267914424104,1.862570772320529,0.4087321232022308,-3.8599529529353043,2.6613570538548994,0.9157477396915543,0.559772838047506,-0.1449230476151622,-3.4862285134449436,0.7921284899439638,-3.2181512672663,,0.24047117972230653,-2.743573411128953,,-0.808121403284118,2.1685478769209943,-2.671638167098576,-6.877815746905149
2001-09-30,5.714751165588281,-4.581825265107235,3.3998982153576334,3.9135859083277023,1.9145023653014726,-0.13573113452445376,3.426952989486869,-3.1719995314054836,-4.409484509615227,-0.18047129737112327,-0.8551648006657522,-1.050308662006174,4.896924751114222,-2.0016379118543286,1.1884489766031618,1.0539273093489345,2.1058260742864086,2.5283321471901017,-0.5116897657827086,0.00036520630344244465,2.122284311627842,0.2664359863572179,1.4789295354503524,2.361521043204667,5.759532839122876,2.5337197669071156,0.002997918507483044,-0.008373783766145088,-0.11116248897592046,4.977054313428348,-3.092551021078723,0.14215537809200057,-1.8543060135513072,-2.703924674705193,-3.5715704230275693,-0.8441332817813489,-0.4524927358352612,5.759532839122876,,1.668489868317624,-2.212423575684945,,2.0035557383807876,-5.516059000590657,2.1966627944269512,-4.407755941811349
2001-10-31,-3.6174107116546597,1.2188123742683656,-1.8644253283720045,-5.294351126297189,7.195256222556652,-2.7459648786779645,-3.378201306217117,3.053139323959221,5.49248691839539,5.124717156025217,-6.879814743376102,-4.226167649304347,4.171911347880866,4.370616576888097,4.984211752718171,3.4550657254044266,1.790658719602545,4.683448315335155,-0.4679235629729267,0.3346432935704474,1.5740125296233913,0.15861789726487066,0.5091732791045378,0.8790347461375058,1.1397691510876118,-0.12142656970869534,-1.2602894739856032,0.00846428087406273,1.9903272225625812,2.3860335449887216,-0.6173215933791779,1.2266444355660697,-0.8535112306617444,2.128606837233487,-0.16452041554498345,-0.4990599245830102,-1.4164677747349455,1.1397691510876118,,-1.8735672115368258,-0.9992155960319181,,2.962806808760693,2.618395827815068,-3.030056384424595,3.34386748478988
2001-11-30,-1.4018667393803546,1.427987692945785,-3.8660683240090092,3.6314404463006853,1.93745641796871,2.3442287987265273,5.109812303783565,-2.5514783617704504,0.5518212664085356,-4.35821733573421,0.5841039896477325,2.000816745577805,0.005227608298418146,4.455779950095337,3.071222173756531,4.565194904890582,-1.098810776928083,-5.12646917136658,-0.23189689005591546,0.5389421053651815,2.4352761828767693,0.34268465885357563,1.3228172854610556,1.691454407697226,1.471870549099783,3.0669165186157823,4.774963348372681,0.033127231599789725,-5.562482031563557,2.252057117407161,-0.3811964452759547,-2.484617628009824,4.887703986627987,4.965641840842529,4.616894685427751,-2.841231660568235,0.13858088302403032,1.471870549099783,,0.8000090446949917,0.14612133097128627,,1.5238447074370556,2.556060254532614,2.231254734310844,0.2758427534348031
2001-12-31,0.9048237347675979,-3.537918122884736,-6.021081832968268,-3.2497546534218436,-6.059712648023707,5.244195928177133,2.8379477712507337,3.942818706945211,-2.3150784415451975,-1.6517265573626263,-3.9638722653675087,-2.7522023634544768,0.1282836149066255,-7.845431510753539,4.715237341802428,-1.8961021403678848,-0.2319199993237155,0.15392788579067074,0.014946934413606727,-0.4624568178699383,0.44105666398684684,0.16041211122628218,0.22056400360757372,2.905047742979269,3.927232245631916,3.8783796742832473,1.450951880158951,-0.022984845784896873,2.873414872483175,3.223751234816478,2.6895245590963395,-1.3706271086144541,-3.823137570128763,-4.142960551483433,5.447969213070106,1.6712864296705052,-2.666158460481867,3.927232245631916,,-2.6063610837156257,7.1807794303199675,,5.805717862831377,-0.6527283390770776,-2.1223737357306756,-2.276288411718879
2002-01-31,1.1702643233059602,8.183192776470381,-2.805918531591757,1.1257160474740304,-3.1578605199914147,5.877115071135606,3.063839828674369,-1.0537209459230192,5.977473714499286,3.522160023987274,3.1984277678195023,6.8244222459259225,-0.5340761401939689,2.4138405506458795,2.844157200558704,-2.77128126803793,-4.378879089130211,1.353988230801056,-0.1604110583221316,0.3737124476702694,0.21303655611514993,0.21596429901968467,1.1311648509273742,1.1862110232761411,-1.287395560218336,-0.41604728112624284,-0.9769944865048523,0.008762271751300343,-0.8693220324670676,-6.6919303018522225,-2.5523495596695978,-4.698489584666029,1.670168718097381,-0.3395440274187977,4.045862322054439,0.7872656338364388,-1.8634457648334615,-1.287395560218336,,1.1554095245617444,1.1169048002461164,,0.4607452540067108,-3.444121659139602,-6.068097413974377,-3.3330118979555903
2002-02-28,-1.6257108779834217,2.665097348177961,-3.046026780190248,3.039739275308606,2.3914300138307047,-1.3897986285696624,-3.3669477041320173,-1.996118871494878,2.706817798661958,4.417576325007545,-0.5798755998031613,-2.551607463260861,5.462669235319673,-0.9173571124834795,1.393415797725678,2.2755652888119133,-2.6279533985736934,3.996857205839429,-0.7421278302199745,0.15598941716974357,1.9642659179090667,0.1441785337588639,0.4170396205706951,2.14835387225678,2.1799792182902955,-1.7732882995251427,4.050936773959071,-0.03188485490791411,2.868675941957624,-1.4485148329914583,-2.3357330163385086,-0.9820217157445952,1.2933951942562414,2.891392124955349,0.23764623809686963,2.3062976238718234,-2.1487174426508093,2.1799792182902955,,2.4001072480450336,4.120085345699284,,4.797095887577729,0.10601388489546387,2.684170139675984,0.9797182658364421
2002-03-31,-1.4816254432134404,-2.1890806318852745,-0.3344865588450035,-2.7907387634822913,0.11561947111019233,4.620039341887164,2.7931604517356705,5.00391965538175,0.5600174193113623,-0.27227814464258965,-3.437979759684758,1.939523304362377,-0.19825301001958456,5.075617530080949,-0.724846863428593,2.789568117325035,3.388136178048915,5.651205678277853,0.23175930022746977,-0.37779690242523595,1.5202344346440593,0.1264502658540098,0.5636297665077494,-0.4923044319428717,3.0875302143721166,3.86781628031748,-1.032003538087733,0.0018238173096233046,-1.4945782279120052,5.558334955482157,-6.71080169506179,2.283235116286856,-0.4062940154041244,-0.6907410261343008,-1.0103779464883982,1.1843557055239797,1.222707005453391,3.0875302143721166,,6.921026350887485,-0.22964270662031544,,1.2007008835530522,1.8927284434840033,-3.6188301273485175,-5.5854488160121605
2002-04-30,-2.8562259784284243,-6.8031283653075745,1.15884890601718,-0.5816468998304225,-0.3394782433713382,5.631025760631874,-5.08483568056425,0.6681797921783827,9.042021505004378,6.551050574222183,-6.386554511377215,-6.337853583079858,-5.112347260027958,2.7771951751028303,-2.2422329422451552,1.4447979442644245,0.8398532552781208,-0.04157429096018411,0.014970418519213047,0.670840364941407,-1.2971339214433053,0.06597400986341909,0.6841383369852712,2.0554042310242773,2.9881233662822,-0.091206099326223,1.7377252707021167,-0.0022878471810917345,-1.6142319323349872,2.0430819492522785,-3.0991145728629768,-1.4039477689915634,-3.1409543160367583,-1.054866968608937,-2.7580584724076864,4.464701425213297,2.386846585528968,2.9881233662822,,3.10750523025363,2.304751302379259,,-1.0064349455837445,1.5093504538051556,3.411249502219741,0.6650063752577966
2002-05-31,0.6385345066699568,2.1983458409577574,1.0003159698838027,4.680073807269761,4.4033649332144345,-7.094402759405345,5.989940972493877,0.9495257112381847,3.2483732090571507,4.609435790606964,0.04435935508229458,2.4591984340692195,2.468550009169508,2.326221338159249,1.1085405584182357,-2.9735317643777885,4.0736435803393105,7.2401371411658575,-0.40540398145975365,0.5262040679768627,4.2740121471205805,0.05790337074659796,0.05263410288787651,1.1259194057427708,-1.7839207823023624,2.171863637922315,-2.469289852445169,-0.00020438922219959132,2.4397981387892598,3.636345714207691,5.374197963543878,-2.701944085624479,-2.255540331968229,0.18326495573987514,0.48281409098251804,1.7301094199415474,-0.11251780861544106,-1.7839207823023624,,-3.1071180617855143,-0.015578289391317252,,3.954940873202086,6.766659999585137,2.3341010034633065,2.046147656177244
2002-06-30,0.3372086031075616,5.340854168863727,4.312976883975944,-4.488857222204649,6.548026739098766,-7.904283905732244,4.7361192153411285,-1.3957112456135574,4.578154420851433,1.50767571557597,1.3301891452204686,-5.7590211076177145,4.814522322355794,0.6592604826704834,9.375080680140822,2.339393689614218,-6.624312475382203,4.310954076106235,-0.4215991348271735,0.0003441231971419434,-2.4082880612492974,0.1404081619579421,-0.160656042474316,-1.283368870131098,-1.4448582621628425,-1.8606912394406512,2.6675606258260225,0.001278522996610909,0.42845604565809836,-1.7447100869428354,-3.2740005937251673,0.6253053743901159,4.688021854567646,-0.6670721159921376,4.427185665812138,1.1772103093825383,-2.1871893517055256,-1.4448582621628425,,1.0071087342520095,-4.009832945714097,,1.7519499272167434,-1.358442497722004,-1.813457454026422,-0.11783059188941136
2002-07-31,1.5557551295425567,-1.6682174208869143,6.5831434961136415,2.936808090619788,4.208247894598742,-3.320841359734591,2.2359485267025923,1.5897704368174754,4.797247724625585,-2.472969905189223,1.9315328528770583,-2.3553338982094387,0.7341777384074297,-0.48993617373514686,-3.688773235529776,-1.1744199302063045,-4.378536338437332,4.88800891992581,-0.4385424396941885,0.13353424794916405,-0.24681923490423963,-0.01526916387103508,0.4696053680682645,0.8339607462002346,-0.9800908333983245,-0.31716411992270643,-4.22153631481343,0.0036287103688060207,4.734810063879763,-4.484203160117588,-2.256622731576401,-0.2850481035634067,2.180478827091138,3.08668331246546,-0.3803766073556477,4.4606423500174,-0.29120328610207014,-0.9800908333983245,,0.803910316186618,-1.2849376785349644,,-0.06728818068211076,4.6721973209462675,2.809570592541871,-4.95247638099586
2002-08-31,3.021349081764231,-4.630913104210666,-2.5910054938217146,0.3752201611452033,-5.951253114228682,1.7673818748213552,0.5316744849959852,-5.3968733819071275,0.8088157624079709,5.306712151137169,-0.0842991028720391,3.2418410051985593,-0.7978630171565232,0.8767982793151088,2.028269791501173,5.632433498573342,-2.3086842544746387,-5.634343234837399,0.3030078449174973,-0.07118439379838956,1.5555185173719541,0.116012327835363,-0.4540992170443371,-0.47614304161144116,2.6061441472838793,0.3758778086191359,5.464176439312802,-0.0096778181731806,-6.249625835626277,0.4681771133801045,2.470276637717123,-2.810239732754365,-3.34526079840881,5.503946218200478,-2.013864849230456,1.210474911971903,-3.8470186465224776,2.6061441472838793,,4.981756011038118,-0.18040292077952777,,2.533648692790998,5.043740228560067,-1.7184958600127733,4.9830209246315595
2002-09-30,-2.7918407700096965,4.211066348957104,-7.600243132168366,2.430174839998937,-1.914396020572184,2.8501219947617713,0.39411644685219094,-2.7357650298859517,-2.990692568033174,-1.7035570216350404,2.6308612887508924,4.07616539282275,3.833598403372752,-0.4006058091524124,3.5850123590169463,-5.183264888874437,6.755648842186016,3.4255423119620567,-0.09933458917707538,0.31223537071847707,-0.5236903723491422,-0.12008536359509929,0.49199218199408545,0.3330414887605161,0.15760761480399077,1.2458130545899355,-1.831245899439732,0.026240011025074034,1.1444169329657052,2.609513790705943,1.8194053529554008,-3.579310577668813,-2.0998380952350733,-2.0816292463368526,-1.243170091105215,1.5820029884916773,4.487481083368328,0.15760761480399077,,1.0640166024420787,-6.446769794296756,,0.48070552848644255,2.661716505325774,0.9663691387579711,-1.5476736538124192
2002-10-31,-4.140941633222478,0.5761913656495549,-0.02900861262274279,1.2300301743855806,-7.9313658863745164,3.3816303633741818,4.730815231126267,1.2763888037647333,2.6213585162452326,7.652804713757343,-0.49626444636579015,3.688807592855885,9.06801305686769,4.662575806814839,4.246007097034188,1.904371315968394,-2.6701303637605696,3.4468008373624475,-0.3110767847632081,-0.05866067895927607,-2.7798064970636447,-0.02148725042883548,-0.7738900978102888,-1.3962093197740606,-1.6170142558827054,-0.09594728504873674,0.29917066475122994,-0.0085775361908009,-0.22848108806189216,4.573125694507631,1.7694372674132997,2.317187629097055,1.8839881948816593,-3.811716512968474,3.7743248642736082,4.8151209741560415,1.5241565972069062,-1.6170142558827054,,-0.4350929226618986,-0.11543569030321366,,4.82382969888593,-2.1507988901822883,2.004939770392646,1.4930301350527484
2002-11-30,-4.796566031136655,0.769252580238284,3.9090849061247566,-0.449849598383825,-4.141985831159182,-4.551003141210683,7.802250137875634,1.6610976252686118,2.5460129454692986,-2.259591582552288,10.080807834617154,5.967950960380846,2.7044615846909803,2.6095826417245274,5.800344549214682,1.904484644476275,-2.8376293842455187,5.024326782190364,-0.42268650933412355,-0.35919426986624636,-0.5602777146432232,-0.06840794144933633,-0.3039638738727505,-0.8446575971172043,3.499821284347387,-1.088283532341264,-2.3880977900695637,0.001301803381664468,3.652018639676583,-5.969674750437487,0.39136868526026514,-4.238990454054496,-2.775689590941002,4.961787795177521,-0.04116856834785809,-1.6306670841758955,-1.1542457839873363,3.499821284347387,,-0.18998502814338614,-2.735046603546116,,-5.554308994553667,1.6569349642030704,1.686174514462147,-2.3125207639536436
2002-12-31,2.6938471411798646,0.932928058990641,-6.147901651616342,-0.15178947116028502,-3.744754932406931,0.15091325954325335,0.3682800355373574,-0.7506524428610766,1.7349476540167814,-4.701348413539824,-1.6178427468350614,1.7789661931519511,0.09291088745347026,-0.48852011590557914,-0.15286488689451366,4.746193810924027,2.1979904511409885,8.020214568106393,-0.4222946380715639,0.27680242576071296,1.7802131164543313,-0.13401562073024798,-0.44226818082282804,-1.5525300572105087,-4.510604724942322,-4.24074587626755,0.2719035942280493,-0.028859244360738986,0.8612578503021293,2.4163150518474383,4.06216100110244,-1.6130841536161258,2.4589510579086022,-1.843847384257252,2.1104498098328865,2.6247407753387026,1.8166331875140596,-4.510604724942322,,3.126968664249396,2.0909444213100565,,1.7832725311675182,-5.8613985980265415,1.200505037038392,1.2257158022513868
2003-01-31,0.8000049389134747,-0.700712373693509,3.79044059616969,-2.4473880789772577,0.1697756560926033,-0.5285324438204932,-0.5206794680795881,-6.2755050707766555,-1.7707845973190135,-1.4796125901996937,-2.9652804156261943,-0.8365681325687198,1.541516409790491,-0.8782717468594368,-2.5651873123595714,4.667675775338343,-1.2953136429741245,6.562457213035526,-0.2456826497931321,-0.5492170847916413,-1.0802667185826582,-0.09818930863962355,-0.09456364245777027,-1.6723127239112288,0.921934953825027,2.1950704056686736,-4.145485321993639,-0.0027590158234874484,-2.6077701503292525,-5.720186463898089,4.786517957996727,1.6732414771483985,0.32877568235986904,3.95049238267829,-4.53278209773228,0.7277161077923462,2.9267369444666844,0.921934953825027,,-4.768106971234852,-2.7458265078622044,,2.3577684158230503,0.288302858307575,-2.5535436795172,0.4679471884563216
2003-02-28,-3.3564069438140924,2.683714098904412,8.173436716450572,8.744879292622892,-3.1604394721941094,-2.3573302575428228,-4.229429677607689,-0.8786536927870399,3.852346480469044,-2.363046677143159,4.3167872660306665,0.7237969893808749,2.670499237723856,0.5979798237703349,2.4694473650228304,-0.17939206399886026,-4.639855660153775,-0.09112565191428706,-0.4338931719443095,-0.3796225529822716,0.5340646111706475,-0.02784780866834069,-1.2305675822045836,-0.5002147765846099,0.018268520569566904,-1.9859303808613653,3.133773553568185,-0.008628773104658871,-1.7915510637023386,1.922163878439547,-0.8129137480768993,2.84560904586153,2.988199732682041,1.7210923357817387,-1.630338157641173,0.17720962336875629,-3.254384419750294,0.018268520569566904,,-2.1060239738041298,0.8434337246797712,,2.645768623583171,0.13083639813473152,-0.9251833264279206,-4.12591323104518
2003-03-31,-3.2302381135305938,0.3485444717755506,0.25575440419357653,1.993009064131355,-0.5760289312915385,1.7172254408878949,2.340814443673197,-0.7849959188770821,3.49248713459506,2.1038709754690963,-0.8348706782883231,0.04033158799062486,1.0108925141192873,0.7366465839514967,-0.5674604629063937,-3.627447893117819,-4.654328077367379,0.8794487530875081,-0.15278776891512735,-0.4956884718647052,1.650608365495741,-0.04995658591534638,0.4624652105228054,-0.19607164897557722,-1.884163134683713,-0.03790976716262745,-5.719799076312663,-0.02018986316856919,-4.998219953752707,-0.5980816918135734,-3.7256918617559744,3.998150788440233,4.3783542940950575,0.07414926108170006,-1.7014203378231452,3.327686904169666,3.1102543423616495,-1.884163134683713,,5.283843775428352,-0.7165940450138713,,4.105280382951169,-8.940146840859155,4.456694463223754,-3.806359479492377
2003-04-30,-0.05981210161314432,1.2627412619652498,-0.6244565896223315,-3.1734724937575667,-0.2575779349931243,0.36637982594127994,-0.048932301845593384,2.283792412614986,-1.8797102711682772,0.19740518392808537,2.5580105708176237,1.9096781353609915,1.6386640399899701,-3.3045695384141505,3.4442509578106364,3.1028067922020766,-2.466770629693541,-3.8715564707586365,-0.2895912236760261,-1.7762851132863726,-2.539904768396485,-0.20053102032015707,-0.48534562509922136,-0.7681186984290822,0.5914884739760052,0.7787281814148367,0.27143568721198924,-0.02384750197919344,4.812861546639724,-0.995030571782604,0.5516020847459653,-6.869624623321953,-2.4723156555773693,-1.9275721491951125,-1.381046023460732,2.0821458171761797,-2.430904961515675,0.5914884739760052,,0.1470313946806187,2.8569891180419216,,-1.7196671553750404,-3.3127742371486697,-0.2628449653092728,-2.2883879488785723
2003-05-31,4.606431411776308,-2.6817429258284573,2.410732117396284,1.3876157440248575,2.381547186639114,1.0061603387758995,-2.397499678126823,1.689358783435605,-1.3667479473902118,5.580295857388328,4.308179769190673,0.2842497587383413,1.0727903611285425,4.311083685375646,2.554678885470759,4.6225618494130405,1.5571801174193474,-2.295297862171885,-0.05198378011833832,-0.3383391699373091,0.2224471825371408,0.092078312760081,-0.41080858507240453,-1.2586682154518183,0.8033224522072169,-0.8908268740254035,-1.8663539743281659,-0.01589608286675162,0.925370612762406,-4.5852564304539,1.1059999188147602,4.2756467232058135,0.11940418906371514,2.9075759893861526,6.799773272431903,-2.8029591279637303,4.496150754385507,0.8033224522072169,,0.3870331643256912,1.2826323175509449,,2.7528877118212143,2.717865388195729,1.6118263959388233,-1.6826815529240389
2003-06-30,1.785361401039302,8.019309519482569,3.077078828676047,3.16119600423755,-1.8837773383160983,2.6964847887103054,-1.333371012147188,-3.071390038771131,-0.5531239749054928,2.461443365240622,-2.143686829619564,-2.0709042785329417,-1.4731118882364334,6.8063934732085904,6.2460969966429145,-1.2737904449530033,-2.1439912167727386,-0.9559607445918064,0.2004839614190818,0.04661819487029323,-2.077095371440298,-0.03471705309277737,-0.3680545683944104,-0.19563255863077791,-0.13508631280224825,-0.9688057352537385,-0.9870507243807354,-0.009351124322194593,6.711604909049359,5.33911742385173,5.54951181822033,1.7352870828938303,6.717801832875972,-0.45901049192314997,2.402060203833505,2.623760141761007,3.2687557042100597,-0.13508631280224825,,4.342447172617565,-0.6537319878768035,,-5.492403224235009,-3.888819950238447,3.8966834849819887,-2.3879642238617342
2003-07-31,3.9265475982773266,-0.5687061252723362,1.139036879873715,3.9422491420731527,-1.7754657614518565,0.463419518937697,1.5832179657357222,1.9233378429349097,4.683112792289965,-8.442093430529889,0.18680413024070175,4.1729893615733396,0.94733372694518,2.5141857941061785,-3.758955904002817,-6.261220089885077,0.5724037664469839,1.3963294760336933,-0.16370650341671117,0.6165598620322561,1.6076588682907729,-0.1797091840157173,-0.4388036004983063,-1.1729736513771722,-0.7129237682240817,-2.1845091811257658,3.5323251727689393,-0.0011562885003052192,5.705041522060515,3.1843008858551443,-1.7576672547928907,8.79843412259943,3.1817089117101944,0.12857883912889623,3.8973372847305567,6.814628236986159,0.9622628653628238,-0.7129237682240817,,1.934780879344965,-2.592335438777443,,-0.7551223409769547,-1.0721434848141216,-3.5585795402204154,-2.4062757584184573
2003-08-31,0.7321121910149082,-1.4494126720414744,-3.791186954581481,-1.2408269415553357,-1.2043685324563587,-1.3449340712722144,3.4355058199615054,-1.910318989222089,1.0312515210669297,-5.699017600610008,4.226870806496361,2.719854810466113,6.481188649529064,-0.7816993896926638,3.9562647999818816,-3.449362759214544,7.050407390393101,-1.0877934631017603,-0.03428711279966026,0.16587075033441587,1.1662906589144821,-0.04714574116907183,0.02417315851992896,-1.0535681871279468,-2.934772938093061,1.1001642382804753,-3.342103762583978,0.02610993503407144,-4.280373375578812,4.335128774591222,1.8477780867576374,-0.6138917360212754,-0.4493133526735247,-3.191253417476779,3.175122492369963,-1.8850127561904935,0.20095898100761025,-2.934772938093061,,-1.6052395332151659,-1.9668257863886396,,-0.7335078465005771,0.7414251904622233,-2.5063686800198806,-2.3800088788973492
2003-09-30,-3.0250900415745576,1.7156889120114553,-3.5336194538157484,-4.445913920481338,0.4272076997459113,2.2584673836213076,3.459083659509647,3.9729317305447465,0.5735508668539597,0.309422112849667,-3.256492132858279,-3.4386974227255407,1.522444741538944,0.6514070097002,-2.507108508471428,1.5591811563982205,2.7025352971165355,-1.9476714838308944,0.3657487557981424,-0.2605195273797796,-1.3657292720294578,0.003909042732757745,0.030849659264943652,-0.698044439998165,3.0347444963531154,1.643304699249618,0.16426676438215465,-0.01196389263771111,3.7642237919083446,-0.47002178089696856,-3.103759312985737,1.9346892427229203,2.452259294539335,1.2585312603780034,1.7090518429381942,-5.052505980022607,0.983041046452702,3.0347444963531154,,2.058397550919313,4.128948291967705,,-1.6076542097972346,4.5705722093531636,4.745386473387518,1.8221337892819844
2003-10-31,-5.375310021734287,3.5645179382199066,1.9642611577535185,0.46648219045662853,1.6303773159020392,2.4786196790197206,1.2463008028038332,2.47513537531018,-2.8309960863866257,3.043410281338405,1.0380177449704422,6.747660815644856,0.4802515308502745,0.43852759613393677,0.17891190629165768,1.9483101390886362,4.0262818338077,2.9654300819297936,1.2288223615682272,-0.2989013050240684,0.3348815693940662,0.024397658494820285,-0.35344784013748454,0.8036449948956063,-3.142872963211572,-0.9906745254527828,1.0424871410333205,-0.013743874751948215,2.2616711455961838,-3.7025366358080944,-2.8309905119908487,1.6197064278755609,-3.518097734006086,1.3039920258133841,2.8463561997905,0.09550944422813831,-2.09789638822741,-3.142872963211572,,-1.6714138645766043,0.28201050982565234,,-4.7520123596205535,0.37092163023431934,3.213161314832103,-2.409291964664118
2003-11-30,-0.9040084396024142,-1.3736783992109847,-1.3149032678485777,-4.187177647581087,4.854997031527955,2.7324325398901648,1.2260848261822521,1.833605318658035,1.8769524924534684,1.9782177690016107,2.428539136712976,3.7498923063888676,-1.4700118976467544,-4.715131866554599,-5.581302554733419,0.6418551979651026,-2.5423113576724092,4.140639755832149,0.13116485814550796,0.10449192761914664,2.2484782454937378,-0.09833405897799412,0.43742992725313135,-0.19025143366653377,2.0200612838130962,-0.8946595349444341,-4.900351212751617,-0.020474077306496696,-1.582691969631235,-5.449487642587438,5.282334846022461,-0.3361302205921799,5.045585660155942,1.0553903442823278,1.2549327741933372,-3.216916652162267,2.1252176617154297,2.0200612838130962,,-0.3540870367644404,0.5925848880920859,,1.0973409922013304,1.5491694781444396,-3.247764195194302,-0.7012168917795921
2003-12-31,-2.220385997517853,1.4454998714943565,-0.847625827765583,2.7913337402224334,3.641509203856393,0.6913524881164641,1.209821350073878,-2.9178597537616433,-6.517047825704671,2.2729178084993196,-5.262953586625818,0.03577354253708642,-0.31225576824427215,4.507041137183826,5.652138209488004,2.763383453530068,0.04785391687270435,-1.8422505336856039,-0.7064081270287941,-0.4643502816447802,-1.6458888896639554,0.06885549777374855,-0.20906109992735353,0.5338968139855309,-1.8836767106255308,-1.5694403427066836,4.039104141233753,0.00661015428760256,-2.454800232810233,-2.801021960087575,0.5466137945682286,2.0477157960905616,-1.9543790893726125,1.3092847648681334,-0.5720485693673981,7.220694481145691,-0.9707596703976923,-1.8836767106255308,,-6.5634314852966735,0.09094434300738802,,-1.839988818404646,-0.4025234899089021,0.7673070943529383,0.6118246447962984
2004-01-31,-4.611965997987952,-0.7386836207657801,-2.633863896516077,1.6555276165644623,0.39088867827789764,3.466390614858025,4.110505071805368,5.208505137049432,-1.0977841961697938,-0.4761606197803554,-0.6680430707824518,4.349258132146995,3.8690335208773377,4.947230214200288,1.0880593689857179,-3.1010409675460853,2.3791423787888206,-1.9433765491082617,-0.22684081897856478,0.06676132353535091,0.637334940622224,-0.03887027159852105,0.13530873172785784,0.05691529190024114,2.6734829342131596,0.9388234555866538,-1.3548257946134137,0.01842951525127487,2.102798040641825,0.0505264917296715,-0.11177788088555773,1.6526439008560914,0.9083181279329992,3.141532491810639,-3.2116740543284372,-2.3581989543302617,0.5653544099817159,2.6734829342131596,,5.2837705317056685,-4.085769635774761,,-2.3156935194564454,6.051342653245639,-0.6468715806483024,0.7620566877069841
2004-02-29,3.285046743815557,-1.8626280310699124,2.2686090956741713,0.4078032408735601,-0.7197856659034144,4.4597914575435045,-0.6770443398253385,-0.2314796280800098,2.7453126951849827,0.03679801361490451,0.351106468241823,-2.9165761824712115,2.2348967171175262,-2.2075853714191616,0.8194486353762005,-1.4732934246555862,-0.8174669346734413,3.9851595217998823,-0.5633328982838908,-0.816690859531704,-0.949406031049582,-0.026895503828622574,-0.008630660600076306,-0.09432287204674708,-0.6137949571583015,1.3987506121973907,-0.6364925380712694,0.008681634642378644,6.084108142883184,3.307993559087879,-3.2162654913915243,0.7735985851813272,-0.4008572440189556,3.253776368493227,-1.3089100122683202,-0.9070945208177168,4.836945152632185,-0.6137949571583015,,6.299081526993002,-0.7221677613455937,,-3.806748721632982,1.9318319918739895,-6.306613559968073,-1.2897673338557731
2004-03-31,-3.820077793085283,5.8344905474625595,-2.3034773654170597,-2.9604212474009817,0.10772561349382176,0.9662810413514249,4.324326640030613,-2.5985412601223206,3.576661578415022,1.9189188948166591,-1.5846243131971494,-1.390225649884812,0.6466542231190274,5.159733050646496,3.2472204906757693,3.3519387486451637,5.448945029694226,2.112756624983139,-0.47457125190311,0.4722003913856141,0.543024167890463,0.05780822096171717,0.10648998061500775,0.2014644670117226,0.17983653524042115,-0.3966754637660729,-0.7905665017210921,0.0016839248841471477,0.9554812395691412,3.6819727983370147,5.931627727785207,1.5426390595454076,2.9623059134486374,0.28260709234225434,4.664807071355181,-0.6108127979239703,-0.6189933498886321,0.17983653524042115,,-1.6103976740732397,0.609375764618878,,0.7317910563441492,0.5094673235209879,2.923954838336773,4.109379461887254
2004-04-30,5.01964543008555,2.2524979075270313,0.3916696763072811,1.398077618517062,0.6421579956432399,4.285552510668307,1.3420472839341089,2.4503923598532253,-5.222549805538097,-2.1356294288143403,-1.4540052387139732,-3.968907943121452,-2.4443034784356037,0.7484438409435037,-0.3232402482644974,-3.390381360745769,2.116773146984407,0.42320988410424576,1.1265105634453902,-0.3352733774188572,1.1034754746841822,-0.0637457032855488,0.43563579171639677,0.01085485249503712,-0.932285284622053,2.670370511205264,3.437697887745589,-0.01666951343081058,1.692238662541684,4.4001403342778325,2.034364811764763,2.260890837654718,0.3852736067925613,-2.3034262874236884,1.3743612020732725,2.345111115154121,3.654384164657059,-0.932285284622053,,4.452011465836199,2.3821989231810585,,-0.20812685618236532,-0.1511680821745442,5.379034652464428,2.1416346509321142
2004-05-31,-2.6512934381040667,-0.31011261845477034,-4.805314704212417,-4.2356927436767124,3.020183412606268,3.457904919475498,4.045822137745312,3.8802075407746957,-1.1854217688580797,-2.2719429339418022,-0.7214413420259086,3.942600483084865,2.6239822079433823,1.4388499409166857,-1.471033953096669,10.345615351625618,4.78394612114906,-0.9480000382839557,-0.39222723585067676,0.2881281399755703,-0.6501342119675564,0.12499600739323563,-0.24847343258410315,-0.117757872904621,3.4179553369749365,-0.4802268468076345,1.1494698980050542,-0.015622431045492796,5.77340851530146,1.329144943960502,-1.274997147326272,-5.611494513161397,0.5969514424863708,-4.768554211874304,1.0921441573698707,-6.223893824497446,3.510398576208045,3.4179553369749365,,1.4262359701863314,1.545048723312882,,-0.7835792102211675,-4.51411595007717,-2.263474075549949,4.970120451403933
2004-06-30,2.533200821574228,-3.4538080415549377,-0.8105397754224796,2.8425601949573287,3.8634636238133035,0.9448722602643009,0.6482186642348096,5.54435284748681,1.0226843948859632,-11.918107588593571,-9.958546615172963,1.3882052279179702,3.719088086038877,-6.098162493564865,-2.1814388813121783,8.043764023276372,-4.031727492917061,5.026320451841556,-0.0718797756115592,-0.426014210737667,1.7273495166653159,-0.035790256451499,0.2508499923345512,-0.2573628283017443,-0.8783645680829261,0.3055582299738233,-1.9609119698432587,0.015043919337376865,-2.8482381536522174,-5.404286880230853,-3.2058836012007883,1.2140493582709382,-0.1039688615133881,2.9746448038422866,2.9036670635877173,4.557433459686892,-2.8966596487610734,-0.8783645680829261,,-3.1122794061392223,-2.50243114762606,,-1.600814855685943,-5.437489020039076,-1.7213153918261208,1.917356040937258
2004-07-31,-2.9911428495452546,1.541575308636006,-4.02276426428464,-0.4445875737935465,6.732601026033245,0.07394568706180038,-0.34550608956678597,-0.7025737098875656,-4.738351460145485,-2.7709439431193585,-0.5656699979327529,4.0919271016656,-0.2495775885371575,2.4784783818142353,5.882137751702853,-1.3230666555376387,-1.5844222516415303,-0.9641662076086505,0.20672141374897046,-1.2810886991032242,-1.4908423550190024,-0.021264823120671905,-1.1266759321723612,0.0682361706769431,2.0483636281657955,0.7227682715713324,-0.7303000637049016,0.0029681524615868815,3.5769530885705754,1.9349484407789022,1.565406934918827,-0.3192509359936363,3.591727000151057,0.5424173475269377,6.421520350116198,1.1581911010746206,3.293920383344273,2.0483636281657955,,-0.7042721028651568,-0.2732141338399404,,1.948371470341542,-4.102873356337802,1.9640178287423171,-3.1755042061981515
2004-08-31,-0.09183199087752725,5.726765640707315,0.35238304173638146,1.0648068195728402,0.7525719566313492,3.5295958691877556,0.16598154311782715,0.29505730808018227,3.910918682407719,2.0445425629458422,-1.4218973988961063,1.8832248529129934,-0.29420053128697676,1.6164054882613033,-8.17766929959822,-0.5035413366279583,2.1078589887874295,-1.5835580973681025,-0.6026284568250971,-0.23520629188042197,1.3263810275279466,0.0014873803238010241,0.5911441307162139,0.12314903795504145,-5.258782072186687,-2.748783296042227,-1.4304681023134438,-0.002215069415749449,-2.248783557459833,-5.2578804948389575,0.9585535336516665,-1.4964050258418453,0.041427238431855806,0.14056823032743937,-0.5864611106704952,0.6622768430867431,-0.4278656373492479,-5.258782072186687,,-2.3371569973337407,-3.9693222505816874,,-3.7433078748266317,4.181803415894784,4.7105650612580545,-2.7733570639296903
2004-09-30,0.3281183828483425,1.7353953879518844,-0.7667822130224292,-1.277707671892828,2.8932925214854155,1.519889697409019,-3.9549441126648555,0.8123654237465566,3.2110679397004844,4.332633768818578,3.471327795357425,0.17781796617436663,2.7061717160270646,4.38060217448802,3.3969090264244146,0.715840096854916,-1.119095630543081,4.560061391836076,-0.1928522903454094,-0.47459984832256163,1.3643392097685156,-0.11359915451301394,0.15315172792082526,-0.8684775523120781,5.516717690979485,0.22554374577300906,4.023215632348203,-0.008265948878936197,-5.2190768628083966,0.5648914187827666,3.365494871025404,0.7029604802350413,1.0816863505462972,3.344917571063905,1.6848508049002588,-2.1843770955788546,-0.4561231218580327,5.516717690979485,,2.2231881834801848,5.502685545910332,,-3.5234849014362473,1.2076116609481815,-1.9875938452840813,-0.5201229982384009
2004-10-31,2.659975224048381,1.6780619987210383,-3.5826687342537316,-2.683367022427137,-2.814563380784218,1.7993087543620736,0.25382947686253887,2.673669963969173,-0.5462421971790465,5.822496922139663,2.506577380104757,-2.859055932674763,0.9842061126659524,0.762634897639316,-4.837146689396689,-1.987523031557798,0.6483689127354927,-1.5882993974137238,0.47220230497113913,-0.4387006094689313,-0.4610281386324382,-0.07145027383369112,-0.3521193422156918,0.03315863942417557,-2.0930441098686994,1.7629018972514476,-8.346688257525505,0.01775809774585163,-4.375950902387585,3.6637241645989316,3.2176236375410063,6.205310253107298,4.068519150512426,0.944208303922835,1.7741983059882056,-5.676693212181007,2.22648332428577,-2.0930441098686994,,-2.705919137475153,1.7745032984295723,,1.5127404375883096,2.633180597748426,-5.078126309561735,1.1052432724084218
2004-11-30,-6.992081267385041,0.8660373421811652,0.19131285687514313,1.6398818614042139,-5.127277594870814,1.824517141085536,5.294611317685692,4.1353387886662585,2.13156996307665,-4.6338866604102735,1.156146535203054,3.8563632871913343,-1.7477924466339911,0.8458369399418949,8.787369915372087,3.6687985278498156,-2.9850448932202,-5.114411302650706,-0.15472057006169435,-0.3559972635390313,-0.10140437357261456,-0.01924375300436404,-0.6187139971812913,-1.400422641502981,-0.4283390101947121,-3.5697984779611422,1.6858917058575957,-0.0027881933502771072,2.342943702717153,-4.079892972003225,3.720722757746135,-2.465386740539915,0.8572458645146442,1.9023694148490666,5.693263323889973,-1.719725817558489,-2.366406867904274,-0.4283390101947121,,4.239879593121831,0.3703921781496793,,0.5121144420825118,-0.36121435165524807,0.6043370153522737,0.522789682535682
2004-12-31,-3.8637903750455784,3.8942381826679524,-2.1907735793504117,-3.6620787716566205,-1.0133904021452467,-3.1323778406559075,-1.8735211919898267,2.9371558122389376,1.5651314292291645,2.0103102332795943,-2.490686434886248,0.6850892986575118,-1.36674516612846,-3.4137237630671087,-1.8002124435820883,3.5017395191217418,2.326434984681421,-0.11211043557956415,0.027471585456482844,-0.4995146131879251,1.0540690739843495,-0.1569337237344703,-0.37672493060846013,-1.3943656518030334,0.76209100679252,1.1260915098853144,0.3406942315463525,0.023670466970002663,10.320863832977068,2.8971092250516732,-2.7626675988666665,-0.11399456442646841,-1.66152307962089,2.9731714104716063,1.4127297311928302,-6.188305035128152,1.4474633771684389,0.76209100679252,,1.898009522661366,1.4071895804232526,,1.385434745422961,4.239864011341674,9.815483973144415,-4.775102569160412
2005-01-31,-2.6630165526046277,-3.4317265486237876,1.1878531762660756,3.4505736904644357,-6.061005388119542,0.18132187890792328,2.8151804850566817,2.6425846416173697,-3.778832194580482,2.0179770715762824,-0.3945512550906628,5.180009094611625,-2.306881332162674,0.9985538961545813,0.18926416367541998,0.5310317283057681,-4.691111242132851,0.09926181804445877,-0.07172022325835548,0.27592173042939405,-3.5298517860962217,-0.26947546296081,-0.7075465876374237,-0.01890636843675536,-1.378577252853296,3.198959340155322,-1.8094976986767017,0.015726910954137974,1.0732848749833348,2.3878152719289143,-3.9758712108215994,5.844194172633869,-0.6502618725412407,3.1299466676276606,6.531045573047889,-2.5027153065587155,-0.3426383716508311,-1.378577252853296,,3.2727591170483437,-0.309681822821664,,4.0824621705659085,-1.2748419811423157,-0.5733276775341835,0.43170556810807237
2005-02-28,-4.1572643799251345,2.6444046994298978,-11.738957435167796,-1.4920939297085047,0.07245950701948833,-3.9133972536373935,2.5932905641357973,-1.5552283260368998,2.419650636628692,1.1096924129316361,0.5729262340512956,-2.0307422380000544,-6.096350501693845,-1.552988964005475,-10.04715680792673,-1.757435570181115,-2.2127499392550893,1.6549671625131006,0.37891153654458454,-0.8332128106891605,0.9913792127437426,-0.008026131813308801,-0.4560850073172728,-1.8279566936824485,-1.0653477710981614,-4.459041372446005,-1.59589351125616,0.0241770733909778,3.3406400133821164,3.6330985830241955,0.8874101231720841,2.6345356943873464,-0.8072642070155236,0.5065903911849134,1.7068458916024536,-2.160301262940774,0.7090180779648206,-1.0653477710981614,,0.8246609707117956,-2.8407517797825186,,-1.0160534107254318,-1.3842556215283048,2.8157196086881067,0.42562715654597183
2005-03-31,-6.173490424311259,1.735428091431796,3.3807007105556184,-2.187443937914062,-7.238240448413506,2.4690420557141453,4.204243450192342,2.313649204146405,1.9456831638843721,-1.6209962700602143,0.019122563087242306,2.389578443773456,4.949701896574012,-0.20237908171198454,-3.9666282329821847,-7.547705286746879,0.16870023149098617,7.460552350716754,0.2405966960282338,-0.6118726884935253,-1.738511537703916,-0.23095977113559085,-0.20925071270863072,-2.2021707946531732,0.13260675229588786,-0.8632045367063608,3.998428474185625,0.015304154461005304,1.4207641002848237,3.8775943545729814,1.3091800519365258,-0.7419871477625544,1.3647693744803104,-3.221014633309322,0.5271297767535637,2.5530809407147657,1.2237098968776015,0.13260675229588786,,-2.6040264191831057,2.5792672768449925,,-0.9734981313919617,-1.5260538845512654,2.32514420634007,-5.930353148421932
2005-04-30,3.833570980580698,1.6794929789305044,9.464403147413726,-3.052097276505013,5.254386477798035,4.096968885331699,4.953676373964796,-0.4403602029098891,4.605862693130552,3.0227584646326062,-1.0190442923675294,3.282519070109442,6.688263468550379,2.427666425180083,0.45592533114255407,3.970483594552785,1.2817375034706409,1.6877922576009872,0.7000129933933815,-0.8254445473003272,1.4621274889124574,-0.15345786795893906,-1.1873651625729233,-0.86565646523726,-0.7700829569205274,0.3861862396902873,-7.152419749279027,0.010109465165250964,2.0003205629762477,-4.351915530256544,0.867275354117706,-0.771198651618371,-0.22133607609968597,0.6707738956903231,-0.40538932669231487,0.8540144717552819,5.787685928798408,-0.7700829569205274,,1.7615135059553908,1.7532680276563068,,-0.463521449261861,-3.9547829053562897,1.5070816086668026,-1.1495206754748715
2005-05-31,7.06210021939912,-0.9544269030656257,1.4443192429571732,-1.1921639897994947,5.923719088720101,2.989473227658315,1.5834266630947407,-3.9657235212798625,1.5396590437705888,-0.8061621994723397,-0.1926750228947962,-0.8901210038614756,0.3612628864438293,3.384584793111568,7.9727571443886465,2.8905025438907885,3.1180857367045216,-0.02333683465237002,-0.3477142148305107,0.2128996479787787,-2.372537186607682,-0.1770574070562251,-0.3083526077021712,-1.8501436964867333,1.138502402993633,-3.4503849543934386,3.1072836916301334,0.026622378634359622,7.755742786813027,-0.1843211361316952,-0.5662926792826217,3.0284828428092836,1.1751539226617798,0.3279826905537345,5.069324935789221,3.6664592181176303,-2.701397698599366,1.138502402993633,,8.228857068569898,-0.7909232629792027,,3.5670799699183444,0.8945381334312962,3.4013875839421104,-6.189398371185273
2005-06-30,-1.9969364735340487,0.5056494210921899,3.006885345211475,3.101331535129086,3.5487149257162303,-5.454885932954423,-1.3003309589227117,0.16799123462272758,-1.6285754014202798,-4.900339024594205,-2.802012818550214,-0.2940037252225859,0.5493974482179784,-1.6079177583749877,5.966758487763233,2.7750103519122193,-0.7408865753971677,4.878011117645479,0.33795597791419507,0.09739514759035128,1.4712462070266632,-0.11776104271847271,-1.0599330527692563,-1.7146863907249816,-2.6309715080776415,2.9681574755257163,-4.756067454170363,0.0037167929637925146,2.749299837015254,3.71436774971951,-1.6965278259560908,2.14553514052892,4.129649939811355,-1.2264837700007485,0.4828255210340888,-2.423761369650487,-1.8513658654469691,-2.6309715080776415,,0.03212468134872026,1.878874490317067,,2.083218416270347,-2.060595449244369,-0.6269512466512344,-2.0317015106415592
2005-07-31,-2.898295488747699,-0.8925288272546588,-1.3798105086685566,4.756801605693023,-7.816555800331217,3.7554889867799592,-2.9527973497729003,6.55823416519787,-4.8812036467602535,0.03086758915482407,3.6175276144350463,0.84460243712595,-2.309664650919271,-0.42281991785824075,-2.377698280825286,-2.206398687623626,3.475465882217125,1.857802243343539,0.1910084741698,0.440879924005992,-3.856285864017021,-0.3734041939471593,-0.6207638835101938,-1.4496457828945686,-3.843573297607932,-1.8648068793373016,0.1284753937489418,-0.038683124004087244,-1.8970493950307585,0.4239115877656377,-0.17586824504469817,-4.345505826610038,-1.2572299234992028,-0.9242821983026321,-2.775731479122642,1.1118942759407893,-1.352011049739713,-3.843573297607932,,1.7352877600772643,1.9835065812112016,,-2.2064827901861097,-2.531352261051793,-2.6973390883501067,-0.8902999375431631
2005-08-31,1.132637748168339,6.302542713542639,5.8307343670568414,5.119472161472707,-4.112448205662475,-5.072728349940811,8.284357742809535,-4.770570257091235,0.46354890767704543,-0.45197345420971574,1.541256000281919,-3.5817922437308414,4.30797290108495,3.1603589697829846,7.395035715993432,1.351699468541787,-3.547613536040227,1.9735846624012148,0.5832454821693516,0.12271836942361719,1.2311601475931837,-0.176033859776086,-0.5676421872442733,-1.1420895576871317,1.2892633604311883,-0.5615365019903219,-3.7916215481878535,-0.018285815359744162,-1.3130420468317214,0.08237311653919654,-0.5358714378858276,-1.1627624153176235,-0.6099086355003402,2.397300368835238,0.6252619649019706,-1.3995702828004075,-1.4832214716082348,1.2892633604311883,,-1.3626543674101173,3.9866761336598047,,1.4910107335743905,0.30706844400620087,3.963517628951099,0.5116174911804852
2005-09-30,-3.9954024070957046,7.31675195250223,2.5307725673105574,-0.1184302027472765,-1.1941812542968067,-0.13610876451767845,-0.4606559062818127,3.6655685744406994,-1.434975372226157,-2.009523145209859,-0.5685294657499145,-2.718498480265218,-1.1512632001677074,1.424945564414591,0.9047324823454679,-1.0449476127482196,-0.22284088017005982,-0.7113260023686414,0.6333516472208001,-0.34561935901536217,-0.1520638732241789,-0.21251707968584574,-1.0023150321077066,-2.1023791869513526,-0.9792487663128031,-3.8954302178719367,-2.9576489545933655,0.014324078393101403,5.894782951377379,-1.4722730392137797,-5.0807816270422,2.21029091611118,2.0558419147579796,1.3285196784473088,-0.1670071791107281,-2.2205366342712174,6.1216961742035645,-0.9792487663128031,,-3.369020404031619,4.2122954590415675,,-1.6819507833116105,-1.5803543635099457,0.7645201185690571,-2.41172722222822
2005-10-31,-1.158600379126265,4.120221841211167,3.5145517106507125,2.0760258566945176,3.0978116029170923,3.635428548474443,0.8172804429540946,-1.9358743684917785,-4.854199389656825,1.9890274731204172,2.0963846350758137,-4.394127565556056,-3.9207101782794,4.113283467481705,1.4056594631028778,1.4450037763511863,-6.098543905929885,-0.39959136056049793,0.2518559760466791,-0.4940227477713929,-0.38110444354345463,-0.22087458437365073,0.043102727586080414,-0.45897225303769656,-1.5011733212160001,-0.31561058227409333,3.0606740028306327,0.005263288776705843,0.0031291558143998754,-7.113792163208321,-1.75492348693815,1.2415308954365996,-5.463847720333169,3.060632015629799,0.684657140207554,2.2754783115996857,-3.1178394094313595,-1.5011733212160001,,-0.5221229406987199,-0.7043128895265848,,-3.7777032464240157,3.358965765339781,-1.1131061983580786,-1.5053795391701912
2005-11-30,-0.4986663130126556,3.223083720901757,2.53101054041915,0.2646538239018612,2.756611512184634,-0.11687251035872626,-4.359685040164123,6.523841501903649,-0.43110156935093136,0.42667703355055075,-0.3747749381016362,4.399978761021507,-2.179936296271052,2.51876133589476,-0.2756175904477808,3.8515190594632234,-5.409675370137671,-2.908035834782636,0.18589131570993522,-0.45809456412133065,1.1051194811649063,0.013763772179577138,-0.5287770562364766,-0.9062899390421232,-0.5528869113321406,0.9849920233207127,-2.0959579823642227,-0.0073945706521080234,0.6430032531668733,2.300956976797053,4.918371671913966,3.606987029844387,0.7774521376264397,-4.09298864258591,-2.9301915567568675,0.18149659850245514,0.3728404033459545,-0.5528869113321406,,-0.571542171075465,1.1007909284377941,,-3.8256796564047786,-2.5897486682508153,1.107840084288192,5.424729753006597
2005-12-31,-0.9032409031116877,1.6031871723080702,3.5484037612556834,2.8413894701067175,-3.8373183011348644,-2.230064650178779,-2.128679746628975,-4.786017819925827,4.006617460772196,0.5253410467916236,-0.6541042640285835,-1.6780345057194568,-3.5942499741881146,-1.961571624329899,2.0279113956576715,-1.8101053833634828,4.6479937482454,-0.41294520642091825,-0.11945686466066696,-0.05993526894574941,-1.0561218066419937,-0.17140972449496603,-0.453339789966254,-0.9948790959157242,3.820671227634845,-2.1782113192915724,-0.5792815467087904,0.016633408519761528,-2.488012614838188,4.283849916736908,-1.4789940991720463,1.2769459760303663,-1.5320938313197798,0.5022591642048116,1.9184241712238563,5.039350593194289,4.539798254093627,3.820671227634845,,2.060768819012223,3.487977195583584,,-0.006632332458424317,1.1757305838424972,1.0881281619287142,-2.6080500824157955
2006-01-31,7.386662658239216,-0.27713194398516927,-3.5451613446054324,5.252187162622155,-2.0175184912747426,-0.8337682580360101,1.2855689134810966,5.292599037122857,2.1404400601210627,6.674766270043848,6.188012263797424,-5.518294162040717,-1.1486793496749814,0.18264119218864405,-0.6829915544765071,-0.7794340397273873,3.224244902788643,-1.9075191532863722,0.5666752501898963,0.31548144610622486,1.1592776833023097,-0.1567691207752243,-0.1946268150279636,-0.28949239845373315,-1.0043209061382579,1.1603662220011395,1.0862302240974073,-0.02479222546659482,-2.450105728761913,-5.491284686448415,3.2644795802189113,-1.6900043933606979,-4.666927354744605,-1.0167815582234598,1.667159342267917,3.7154467055339815,-1.7021476623938332,-1.0043209061382579,,2.120757764717812,7.1314190224411815,,3.8866815077411916,-2.11236301876543,4.765197328626277,-5.179728583491266
2006-02-28,8.914656548590816,0.23718548179698412,-2.2166568402241347,5.388609447864345,1.3201255037097974,-2.981813200065968,5.102132938760967,1.6272071403860753,5.38724237799587,-0.5550943382395448,6.235176029867938,-1.1190886488912553,6.770961342233557,-1.3086156064224423,-2.1494767398860932,-6.782876147547344,-5.433967971737604,3.6234809762030458,0.36631795744894574,-0.4215212723444621,-2.3492658667192003,-0.023077954873824302,0.05950323376987554,0.8742528763896971,-1.6938062304358965,-1.7505748069250862,-3.003506267425565,0.0036097029817468984,-7.339214645368093,1.2463338100639136,-2.1932357703548906,-0.4392190339653849,1.0056830772068097,0.9828898771769305,1.5988879211436315,1.5762503637016243,3.1982104151406623,-1.6938062304358965,,-1.003444031397061,-6.368779831672985,,1.047357200037483,-0.28653162999531107,-3.6052058483797933,-4.7130906032868545
2006-03-31,0.6625093317978628,5.210500065264673,-4.160189882633589,4.164851359453726,0.6058770220502769,4.518677935837266,-4.900137297525283,-1.967832645372017,-4.01826998077409,-4.698702374449747,-0.5347934771398464,-0.2081726534226508,-1.5637476621597455,-2.986798395920489,-0.22248874083722542,1.5243888514118467,-4.847420016031607,-2.88015653890781,0.2054254519440158,0.35701222027701657,1.442407971420287,-0.15762926728278803,-0.07868026882091206,-1.5936393131540563,1.0968672880904151,0.9832201250210073,1.5554668409399044,-0.02172530036624576,-7.403625324063807,5.425004657174333,1.4298142482522784,1.9504342459479636,3.000217299688494,-2.6580290138431244,-2.4372392119681527,0.7463990522921791,1.026416816412651,1.0968672880904151,,0.9163062390183201,-2.3817821969549184,,-4.600716461170935,-2.2497643584317313,-4.9852354903950635,1.3584501355278444
2006-04-30,-4.8756714840720585,-5.975377289634143,0.3989084195892767,-3.532799136548813,-3.053002310299951,-1.4097342531645118,-8.19671556622928,7.005887014025804,7.008283878754515,-4.336838624076165,-0.4422019221602417,-1.8997587411429837,5.294423771204259,3.5299215037646143,-1.3409672528994503,1.502757491483847,0.75014092768471,1.6772174870221237,0.3715971901392763,0.7759987219612503,1.5679472261772833,0.08654961763088376,0.08326184435543943,1.4063301103521635,-0.7484458317323328,-0.9451536812485429,-2.480778558995119,-0.010240535059200029,-4.766872387710052,-3.7841043352588923,0.6339907789333428,-2.1899423091564794,1.6159373155147332,-0.4355416475820195,0.4258674644114041,0.5935441684652507,6.110731762766397,-0.7484458317323328,,1.5018175239127567,-0.8121356552735233,,4.151462854956154,2.749851835124652,-3.062586696480955,-0.319413308071382
2006-05-31,0.4506761377024458,-0.9833899544511369,-0.6188295122767442,-0.6722129776839099,2.2704715292923376,-3.8904444734529395,4.487290884172896,2.0787828443931144,-3.4251284893303104,0.3698025703473225,-5.281372041627681,1.4332202663294284,4.086352128404382,-5.163871542758919,3.4090654458410445,7.363169163956213,-0.05922358195919092,-6.35496769252481,-0.24085219969997745,-0.2937811710414812,-2.21123440505081,-0.10009268159199602,0.47944335561014145,-0.24156154664054197,3.9445119014746193,3.241374408809882,-1.9983394763084517,0.003921165439107921,1.5685582573799177,0.6905192255287538,-5.429815044534131,-0.9774070353291082,1.3991610742585667,2.141401975439536,6.520135689972269,-1.8944430904140686,-1.3257871918789594,3.9445119014746193,,0.9168082903823136,0.3500428604866283,,-1.3610497656326903,2.4672904676409986,2.9356184307353,-0.9240050147488643
2006-06-30,1.1189525233387712,1.6006944878321347,-6.578556743967842,-2.005351655409793,2.6508354165033543,5.638483123283937,-4.850708316449937,3.4173016352033194,-2.641334790237104,-0.7125514764955871,5.160271342719885,7.240593995884503,-0.02618131728285611,-3.2496758267321617,1.1571776961795546,0.9083572016637784,7.558746610464174,-1.9655108288905807,-0.16639164772319437,0.09206587630045315,2.0536926603902046,0.034846660028928556,0.11012688079073252,0.6873183453062324,-0.8770788832432934,-1.5353772265800931,5.615083123389949,0.020614137582691983,-3.5180032413742612,0.06943402674848254,-2.8349671958827845,-0.11070704143035487,3.2659086621916718,1.3672518308978907,1.7760259139992491,0.902005237672622,-4.929236472346171,-0.8770788832432934,,2.0232052606224897,-0.24586611056166524,,-1.7666103276207987,-2.1004936986237546,-4.514082538185868,1.5816669271999233
2006-07-31,-1.336700612609187,3.397108126447408,-2.3376454550610775,1.3857126907536408,-3.759442669218248,-3.2433687887486515,1.1526353841984625,-3.063890598354399,3.692419769346798,2.5201906982801603,-8.907477868331206,4.20451955059572,2.262540813580541,-2.8800412490927267,-0.09755189177728307,1.7562935023949033,5.456026702887953,-2.058648781536836,0.20197525790325255,0.5508281424726365,3.848811513590591,0.04783947627474294,0.7867052357622075,2.6398860959744095,0.6737360341927185,2.1766544449158642,-0.8243689387778709,0.0005820835345725084,-5.506987223963104,5.482181675101965,-5.055268122320252,0.12264148486197457,-1.3242881604427532,2.5600753673186887,3.341402367336249,2.4189199003856063,8.03464918058215,0.6737360341927185,,-2.4680378557120015,4.966387191043664,,3.971625385921974,1.4261922876276474,1.3894614119656081,0.41058325978680443
2006-08-31,-6.634902200668122,-1.3567869927470921,-3.297641420040208,-4.746037840961033,4.201291575707769,-0.6637103005631589,4.22712251239616,-1.0251409553244315,-0.23042550755868518,0.8547652067771322,2.019171629212683,-3.7431363481745072,-3.8492956749916396,-2.4377481401629524,2.3072049990302443,1.6878234003735146,2.283186780037287,2.686697396417707,0.5797248580569038,0.36486363485656825,-3.177753178185678,0.16981366881766458,0.7092142617815896,0.8234758482976078,-1.2781716349506838,1.643920844937671,-0.05517065448953984,-0.028278920342348857,-1.0440865857960846,-0.25237276446686735,-1.009395833305422,1.636750686612161,-0.17996128752468837,4.353623297248009,4.320217253327917,-4.9290122079763945,-3.4625113921701374,-1.2781716349506838,,-4.21961133596258,0.5550254425957929,,2.5096104613036605,1.6370272603158211,1.9386726244556232,4.2638870089875835
2006-09-30,-2.7252695956241446,2.79950567835186,0.9506639625250288,0.21719274036491165,-5.07284959906915,-3.260266157419867,5.243696385889829,9.787482558734865,-4.520331890602188,-2.1635444214878445,-4.1014533616193525,5.208206815255117,-0.5983293345452886,-0.3731890462522801,0.908241843454823,0.48755580996751124,4.465267737978062,4.621390932088683,0.28886610459067374,0.3504376036984891,1.2946754350187926,0.13187872133092837,0.7601839665299597,1.0907977487773086,3.2252227490341125,0.26544938834575227,7.6165397328912325,0.019287871594908357,-2.521395102571897,-3.4650686085613938,-1.7255931725399682,-2.3245697417075304,-3.3418793559803186,-4.283101906439813,-4.6349381486995895,0.8728453796821649,-1.0934853581492332,-1.731513293369791,-0.21321011638051038,-3.291608878141618,2.6934957843440657,0.3846621051383925,-1.167004999974497,1.6597007365461234,3.1166735386548714,0.08554738450613414
2006-10-31,5.756512702490226,-2.521762869688918,3.797174420404408,-2.53683834192037,3.268615304306382,7.135721840799363,0.5544007498594756,0.9083809979554573,-2.545242277867361,2.8466811437866384,2.589977970603255,-3.083424451246071,-4.584450778980898,-3.97355054464157,-4.938809840496348,-0.2603511530800349,-0.6084140807599892,-2.2749855208068817,-0.4396035948140438,0.49121139139246356,3.386118828672752,0.08517485123624519,0.5975473016493942,1.9725689768176937,0.6549986200479476,2.064064506291046,-1.5818080144858857,-0.0023306370367446316,-0.5409005916241028,-2.2524411314906567,0.9943401632738329,-1.7352112434701772,0.7321745908457498,-0.02091570060216641,0.5328344020509557,1.3985371962375488,-1.7023011561040768,-1.0532343274511664,-2.2433430699914,4.535723239516771,3.53148920275375,0.3335064287441957,2.7837686614994275,-3.2439966789360013,0.14029419275062255,-4.729386998605661
2006-11-30,2.715970866878808,4.986405567904215,2.7050332904622785,-4.937162567847034,-0.41094968827710715,2.373871300977928,-1.445610494029522,2.1391631492863934,-5.3948788390160365,2.530688508942243,-2.363956915461599,-5.0908449762175865,-1.6049081399951364,-1.0343493896128049,0.48210324161236806,-1.5247422980946177,-6.874261737602939,-2.392811761636086,0.32320880160053,0.11655751833053152,2.7809496154130957,0.2291302240747516,0.7593989175211274,1.1825983365681458,0.8688826240806596,2.588193510240933,2.8973491984290187,0.013101723483538719,0.28207161242669576,6.457082751983242,2.5196595722755215,-0.4152321761581907,3.4126539857102762,3.7551864813683755,5.223545087303989,0.33951932421883246,-1.5762362815528954,-1.7550915486821212,4.281132191344938,-1.3601016596054385,0.02482770013802671,5.886800950063094,1.4532473440232971,-1.2264709570852286,1.0158679206821786,-8.548705223399212
2006-12-31,1.6695590141847816,-1.6284112599376404,-4.256311034505049,-1.8816846246350474,3.1703019717753866,3.9481619338249097,2.507399464388552,1.742162636445183,0.3320971082982363,5.742071972707302,-2.144394504564563,2.0274606274365916,-3.479929475007995,2.8590479954721655,-0.3211300488137195,0.2153233970812763,-2.618689247515357,-1.9147856315445664,-0.03765963761317542,0.13422539176151,-1.7022350900830483,0.14114208582691717,0.709717925377229,3.1794450351385386,4.1109898063024035,-0.9974232404223,-0.3582836452044248,-0.0225930787244083,-1.7248640095560404,7.507430656182217,-1.1036164408875986,1.0027927696190617,-3.830158255047613,-3.3751312564283458,2.842778345506062,-0.875329494290815,1.8065973353745142,-0.690096443091825,4.807264255774558,1.445371353221934,-2.227085030259438,-0.9527334666308915,1.3295267486933096,-0.7025962748109007,2.1084386658334484,2.5113763348425806
2007-01-31,2.1168230201184572,-3.8324807528385327,2.0155879964384473,0.347526742375981,-5.140063064709083,8.131669677170358,-3.3954856571233214,1.487314163377143,-4.388040750670549,-4.208446317590808,-4.487539952984359,2.932283605496024,-7.015618118518755,-1.0418098639185147,4.618125793015522,0.7299065990982793,-3.7403714544596047,1.4629476144567937,0.1957173221650662,-0.02241492764202413,2.1909660852546176,0.1346562468722226,1.0323450565902008,1.8947390868271499,0.6833068465194964,5.4155107789593195,1.347004696595448,0.0010070210658122414,-1.4542303486688968,1.010175533060305,4.725085986212948,-1.0063230798880678,4.444860089650264,2.0724687263733252,4.2358383417077725,-0.23622242958956907,1.4287515824995478,-4.8873520356131275,-3.3290279684733215,-2.6143768562491703,-2.3996951136224443,-2.1535165864930836,0.9074342234035074,3.308425909292175,0.5320745005434729,-1.5899198036466275
2007-02-28,2.8977198180976833,-8.499036063695304,1.4209534456104875,2.1662277645063734,4.252110702377167,-2.47834378628363,-1.693745736991654,-2.686633311026375,-1.8192270076684494,0.9283444538588972,-3.2335969401708518,-2.18978612000366,-2.8844607875688353,-5.246290823086505,6.156866917392734,3.730888057479234,-1.8695529562508875,-3.641641215147831,-0.4293124816386938,0.008377335582382572,1.69083298297095,0.11799642849111547,0.9516215577891178,1.368996441926383,1.971252940083259,-2.7694689729526267,-0.8687702545830434,0.01788853367560661,-2.04727567400665,-3.2497687701824454,1.598784109851627,1.8015770619981648,-6.37229550573155,-1.8623841589197094,1.5537293998571071,-4.344706177069185,3.9020648983793205,-0.11611035588626567,1.5818363182754251,-0.20712397748629843,3.1445860699568984,-4.702701489876491,3.1548856733971506,0.045035703169737984,2.2338792006148847,-3.49155237855303
2007-03-31,-6.27088214047391,1.5841014150778316,1.2468744165180357,2.2202625466108197,-0.765412893672851,2.5492050022649053,-0.26227840916806144,1.7534647776084422,-1.6417761452609974,-4.65908873159388,-1.5041948650778212,-2.1644608917121464,-1.3711461633897137,2.327504806301238,-5.2523001128542095,3.4401438799315103,-2.3805324035864466,11.192088282255332,0.09095203923443368,-0.17600002842708523,-1.393135515797968,0.17032731151767555,0.2938633394197459,1.5787346200349632,2.255397526522153,2.5337890644880425,-0.9908896070576967,-0.00274011685545017,-5.333225879293863,-1.426808995527895,3.3308619991725528,-2.558329474840211,-2.2475998437885583,5.7504581514427935,-1.0486894953879446,-0.04327990433213566,-2.0318935953569457,-1.0794300629250728,-5.644082112580442,-3.041554456220226,-2.8517718664170935,-0.9667731925965102,0.18328765620108994,0.1491080807718133,-0.8116761859684762,-6.256115685541234
2007-04-30,-3.5632873580265496,1.417710304313872,2.9214576487479564,8.56156423537277,-5.961589970416714,-1.178217722405795,5.855503350871785,0.3913779787024377,3.314498953556132,0.04885817361751177,1.8869596601445118,0.04999983367480326,1.1703273263019802,-2.4745287394777047,-3.690635249420798,-0.8397939435783359,-4.806130774467788,-2.553078301358403,-0.21369103607220713,0.7605056361890112,1.5323293614357902,0.1304873996810308,0.7896709287019217,0.31920785167564164,2.119368305354634,2.4607110843101836,2.3077849350569837,-0.007407086168440602,0.18019907860114265,5.563716892849816,1.0795761555009753,3.1221017215130886,-3.258666466230128,-0.8545156228543995,-1.7670336116617158,-0.7115298655515889,-3.5618152337683817,3.5602952793987894,2.950357867526373,-0.33162012424549037,-3.3580492840455847,-3.162919346756166,-2.2440512086434796,-3.0146517479365316,2.7503506943300127,-11.119888861267901
2007-05-31,0.11650912882444558,-7.410306646312085,-0.09817296096438627,-0.23176028124065717,-4.187723475663967,-7.268767534496311,2.4229574318805995,-3.8759962535576964,3.4461982536509863,4.705500171070378,-2.201844426104074,7.154829775717433,2.638314627557074,2.43644635411994,-2.288576640814797,-0.6462384076047836,1.1848674856161012,1.027310747085631,0.4157240711143637,0.615068021505992,1.4981855968835487,0.20319468100991783,0.5726696826005073,3.004699403952734,-3.6930533406299126,3.0799987948509786,2.85327504841999,0.011755634721665575,-1.7983404718712965,1.4045577774040987,-0.8900017741587347,-3.014833247707136,0.5910672394773908,4.954675908325775,-1.358783291314904,-1.4472879901776592,8.554076434621393,-3.803563826365382,-2.3154062396482296,4.9227796151118,0.40244570238836874,-0.2853885126463053,-4.576314675727133,1.594818081466228,-0.7627391546103587,0.2851742340226614
2007-06-30,-1.3287326414213068,-1.2775370421403907,3.0007655700078004,4.2465462913565615,-0.41610383351548963,2.878429501045197,-5.4349914000581006,2.1136988892465305,-2.7460090786124947,-0.31900182598804816,6.501568170883115,3.7755681532571628,2.821931458880615,-5.327581796953572,2.8086111998445964,5.108493470079518,1.8916115481776854,-3.8493075552622766,-0.3403379922107591,0.6369374820688783,1.1307311169430425,0.16066231224792146,0.6027690361752096,-0.23165497723262782,1.2708240788755543,-2.6210326297364626,-0.29455133564691144,-0.016551051104121334,1.0622150623755056,-1.6217898563694537,1.3314343094967223,-0.793120022100653,-3.7283234604354223,-1.6510257756716216,-2.540342107675501,-0.3224740738368297,9.653504442609655,0.8939671925020333,-1.2253199121322311,-2.5948667599000537,0.10344257061266995,-0.5838559778018545,4.374416402422221,-4.292513164689558,-1.3917394112946764,-0.2918539247341021
2007-07-31,0.7178916716502439,1.7554798750733633,0.789308565462397,5.664630200945881,-6.086380998819266,2.6281195662005157,2.48733990462841,0.4814911086848026,6.0197184953726355,3.0438617938034738,0.22332738822047934,5.479443444791667,-10.292334590850942,0.2341909696820025,-1.398464264073667,2.6075719220472093,0.7689940044968688,3.0159588328238773,-0.219849859425957,0.39699637815515754,1.8997857009641201,-0.055203555113196495,0.5711891900585655,2.1477269282981517,1.8967324690296303,-1.2199045402738822,2.280082646461547,0.012416856589970438,-8.443536671813039,6.628491573682655,-2.2254358249643813,-4.907325465927218,2.5820124143728833,2.8497282554163363,0.8421227405646148,2.4419293654179626,-1.9658524182631218,1.607228405854382,-1.2577319696410485,-1.7186085154653767,9.34864323468337,-0.04008440105342534,-1.5560563986301459,-2.74220288448129,-0.31308474881245574,4.624822393903393
2007-08-31,-1.1365401384875118,-0.700723441049209,-1.048970139737288,1.111636914740796,-4.851585029549472,-1.3604946682350973,-2.5585824839431694,4.841558022829288,3.599008422203815,0.6777758366412877,4.408553223777499,-2.261083205386044,1.0218309755879502,-2.8420756384677763,2.272213672375704,-3.273937524111371,-1.3096331113568047,-7.902011927620498,0.3890714343633114,0.7401752913972744,0.33121345517812883,0.1486703355201641,0.30210476400910846,0.24105402848538485,2.378220965992118,5.900835092812634,-0.19414718582320822,0.008539350359389797,6.106470407067408,-1.6653163873620755,2.085633197579471,3.6261771313509197,-1.683543462691697,0.41692305348109737,0.17763409714153358,1.9462286916541303,-0.864021093638182,3.3956112346728236,-6.701028556427047,1.9215976663029746,-2.872282037047608,0.7631942971387046,-1.2318920340807706,-2.1269166683057215,2.22857557880152,4.300766598875334
2007-09-30,4.81904963237368,-2.25460280984698,4.08814204610028,1.1611071591635918,1.3733462696693617,-1.9750662917147992,2.8915893804170274,5.3792314273422965,2.1167192510881288,-8.340207125020392,2.1947418840609045,0.8006860516455242,-0.4076417731683901,-0.0005568512745120213,3.7443785488710772,5.86347582517236,5.305416791932706,6.949869992705095,-0.04792805050502555,0.7297556787016762,0.15754978544710144,0.08942691140962092,0.08734499428285239,-0.26251777381657637,3.820456421825554,1.366840364853957,-3.988450209747808,0.0012647273083047916,4.432021616225947,3.969182305717612,5.545665952214459,4.519117410717898,3.061135432215953,-2.6285214968665,0.124738934072017,-4.211979519187572,-1.4046053999263726,1.2635487330747401,0.3442154744080781,-1.2540266831482647,-2.329760111132587,1.112685926642395,5.145287715464744,-3.60698479905511,-2.7502054346311047,0.829597606644341
2007-10-31,-3.9315292157806185,-1.0623198337557611,1.2462529596387382,1.6559462816877601,4.466039895983561,-1.2568926954675133,4.194587836485923,-4.2776863396203515,5.222070337476345,-0.10335455112338271,-0.2990093043675283,-2.2697756212508082,1.695409959709998,4.6951257282445376,3.084504943074382,8.288634570636201,7.398748868302642,0.6180534888276299,-0.74034234502863,0.11423661962928505,-0.5839053128624372,0.07359767020092173,0.6789516409301886,1.0680141623749753,-2.5818912054498098,-1.842666285278091,2.2873798376735017,-0.0018744782373963376,1.6112509235826944,0.08661425906010445,-2.4538687244219255,-0.5998186707013831,2.911620923002636,-1.182651803815522,7.98277263540279,0.7561185677675637,-0.921417302603659,0.6023059638396122,-1.054287051239718,-3.3702278133253776,1.4515911105580368,0.12427883002393858,-0.9562350509097839,-2.0497361998466372,-0.7786373170815912,2.5737382303736505
2007-11-30,1.6776678176497246,6.8854132721621,-2.045363163912385,-2.1614989042461086,2.082374284525394,-2.1075122772850006,-3.4223541804287736,3.9958687577464644,-4.597029274610535,1.7183753781413877,-3.0704860426017366,1.5031278314739553,0.1416579650490409,-9.072589693814768,-2.284336220369857,6.799917482028108,-1.3878834003679623,-1.9205639331249178,-0.02688318406309767,0.7792375232388296,1.7199558725274648,-0.02268210996409961,-0.16614936267640687,0.7209449454270521,-0.93202779906525,0.8949948338334421,-0.8152770787470405,0.003586376975215466,-0.8864976658793657,3.522727707788839,0.8997489841683735,-1.8801504570270162,-1.9427783484110641,-4.1181391497671065,4.071099848130592,-3.7410365959383327,-0.3480468209155002,4.317237524090663,-2.2572710102750344,-0.8690423667211942,2.382194501549927,-6.172810981558857,-3.4134923280846747,4.475566506698625,-4.831583888954441,4.167668417734363
2007-12-31,-4.988276159095424,-0.6357446439794109,-3.7094908140343748,-3.704016522022031,5.978354965141012,1.0732798588280534,6.713979615557923,-1.673075719160167,0.04428554473809093,-2.462199813886733,1.9853950906366427,4.695905580834941,-3.6234684770786223,-4.0786659833955525,0.8011324220750962,4.54513205740418,2.1802612773755645,-0.5063115218708655,0.20794786599528825,0.05875946331505455,-0.029282128459386852,0.06635882509051505,0.1819379951617799,-0.7782125684497655,-1.2425274208907844,3.9982042138152845,1.2007260913598892,0.0065023736748454075,1.1983836570612287,-3.5581369384768076,1.0414422830744718,4.410266126399273,2.1103431659671528,-0.5769027607396572,2.1147861069957337,-4.955046129047798,1.0719681635576133,-3.440594980004375,-2.712750165338942,1.5558669524409199,4.016051855852998,-1.2801618882078483,-1.2690254972068318,-0.4736705946290324,1.1236135177596738,1.6405300417177129
2008-01-31,2.7158101851960685,-1.2263228044219003,3.520202801741674,4.5894892299281915,0.33913261645184756,-0.37385489241148395,-5.623836980233107,-1.7479612334519743,-2.9002150373200193,0.6235690291861821,3.431201667917042,2.7108142082070374,4.8171991233387095,2.1611030014399164,0.3245850260999864,2.8911044873184633,-5.372015672185944,0.0925644017083522,-0.10168933071812966,0.26644331121594167,-1.5481354022503233,-0.09606783118182283,0.24103545644210125,0.9499768599514207,4.958529520216816,-3.292385744624548,-1.3744587912439212,-0.0019976963756428434,1.9000514491508813,2.529213531913425,-0.5612496725467048,-0.9986687385817666,-1.9860936431828073,-1.9807539903266256,0.5832982035311216,3.719950907877525,3.9799586602584354,-2.7299913570871346,3.239176283415999,-5.181112369168476,-0.19405514420907052,-1.2678167581371382,-2.5584170920311493,-3.129487595838694,-0.2964957376706686,1.1185861586724282
2008-02-29,2.749757752964153,-1.319327688465978,6.509824301731699,-6.569963882056902,-0.642369111580139,1.6001993153528336,3.4212761889653316,1.1374575523665578,-1.3247254058700555,6.3552122356387795,2.5710871042439516,-5.441054212073398,-1.8551260771010398,-1.8340622338936603,-3.219953136120267,4.712725956235039,5.438856160577933,0.7619128307437312,-0.2828597275712218,0.30798382243120714,2.203326527522431,0.07776968480238136,0.1645805024182189,0.78914901791011,-0.6979751845691422,1.959501495479953,5.721247242777933,-0.030459487725750883,2.9106966253307225,-2.2146162112034733,-3.6706585562148337,0.5556014192995513,3.555191930201017,-4.678810267368051,0.18839700447793747,2.5545007741112022,3.9982965942717104,5.088358206143462,-0.24787682048557,-2.5878416080091178,1.2647974892471479,-0.44908118681558673,3.2031616446342186,1.759935648219321,2.015350715264053,1.7640353757527638
2008-03-31,-0.5431667615636283,-0.6698845449031552,4.163066874297852,-3.0252140919873245,-0.5251326109621645,2.583896091406628,-4.531430807757448,-1.333410200686277,6.371044720688362,0.5796023335777835,6.633172519517196,1.3170575331420602,1.718771671345301,-2.380438978092727,9.589171944539684,0.3745665800755138,-1.7253532034411305,-1.241844931651297,0.13402717068674988,0.0960514862457337,-0.18283485686023418,0.12273700972369475,-0.3102044925059474,-0.6129157461365151,-2.3937854126234828,-2.786926594055234,-3.2693869235547797,0.006995908938161516,-0.2605465851311064,-2.7416782637701598,5.74684269512526,-2.9397402191621858,0.5118443946316041,0.19184890746499053,-0.6547695881013745,2.2406285994898356,3.836945793213607,-0.9692794923674316,1.0496305390894962,7.24824104492506,3.733962538236489,0.6940503810047794,-0.3284515364708057,-2.8890576748960495,4.751122683771874,-1.1437711617381288
2008-04-30,-0.5512814503899759,5.128577584808788,0.42213019516529615,-1.9209503559592713,0.8440231038160723,2.7678565725283946,2.0559238963070317,0.18458118154487702,1.4808571759129197,-1.4670151759113992,0.9561942261732429,1.7280556062882746,2.017468849638786,-4.96905766091589,4.229851720203922,-3.728429667995725,1.2091845789608948,3.8913257509324355,-0.12435973487017982,0.28750545104724623,-1.08058447909522,-0.07233681622354463,0.5590508633225048,0.023939030938660927,2.55162715572007,2.696708661402583,-0.9266319222631276,-0.014640385031942843,-2.229817383023036,0.10479080616914571,-1.8016218049009893,0.7448032530759235,-1.415108149191938,3.9794536057508694,-1.7900767435315763,-0.4349121545558099,-1.9584938503704028,-4.1880596800310865,4.186694515813743,-0.8746803399833023,2.456824704425301,3.3615489158509733,-1.2977113524517985,5.893595116463766,0.3834058659169911,4.459960365501553
2008-05-31,7.5545526649048425,-1.0995800361186479,1.0606165030788461,-0.2669264923048261,1.1188562456342104,4.809971856559184,-0.2636304449419713,2.019985798021105,1.7875102721070446,-0.5903376222107863,1.5781061934041287,2.12162949957805,2.2575831130756834,-2.122355129367031,-1.8921327308247071,-1.752094074088486,-3.0649680012326903,0.0689805020983903,-0.3212020213346788,-0.608730810218263,0.6965748654654131,-0.02764589480297941,-0.3230256854662106,0.23366866953710946,0.43572205730075086,-1.506286903675695,0.34147880717405965,0.010516801150540572,-1.4884574261950405,3.4100542037436017,5.850697459367305,-2.5617998677406018,0.7446345638341174,2.584307206654699,1.8202723744307319,-4.631365604286953,4.566512551692097,2.5226010186358403,5.3651293075749855,-0.144870002261537,2.4425942279265405,3.743605888426819,0.22283922745453227,6.677336029106446,8.840596366154404,0.0034961258270401196
2008-06-30,1.1764794761727053,4.87205270066691,3.1021257521824896,-0.6336471739409424,-7.142781895197297,0.48453896671415997,1.3937392990417632,-2.937904713071738,6.064341873115237,-3.584256397878744,1.2658277464323155,-2.510101220355809,2.1652861424119303,3.5301224155813378,0.0579909677195824,-0.8159686906208891,-1.1194848961641837,0.8056220126282527,0.11262426231273914,-0.25364981698039935,2.1966365911720835,-0.06345030371234922,0.5120265643130765,-0.6757133154294027,2.035462308437139,2.083394746898203,3.2243636844256276,0.0123455383327159,2.402940191894001,-4.78566674157406,2.363265040000498,-1.116257556244331,-1.2431976187050962,-1.1529353477164637,-5.137887029254374,2.8793056704335713,0.19840874623378268,-2.146651708274704,0.5333876614995363,-2.5243917962000086,-0.6380866624592829,-2.422041251015677,-3.0354186551187983,0.9237772159069786,-0.7072716808834407,2.0727686262830876
2008-07-31,3.617021006423185,2.9669413112765177,-2.515908540627396,2.7030864990432195,-5.242682057909448,-1.9524967447907073,2.87202636290482,5.4531248950444775,0.9939732091626873,4.023441628454604,-0.37896248539675825,0.5511961842364209,-2.0781391523508383,-0.27151032328314384,1.663818219383527,4.644850098876054,3.4384109051708363,7.716593794287136,-0.6317781090244708,0.0711969575823882,-3.7105298743603417,0.1662417299896672,0.3173274503735265,1.1231245755363877,-1.4965466266360776,-0.7454084629841012,-2.186040572805722,-0.001676851523823547,1.0881302073507295,-1.3710113816357894,2.818637514734721,-0.09997922381583152,1.805556176532201,1.5097765165734933,3.463926485913623,-0.7380042298567828,-3.33172054389985,-1.1562221291553934,1.1832387647418727,2.9253065975784196,-1.6885515322212368,1.5227940135265725,0.7014850952854225,-2.626009551179454,3.7991320010796397,1.7697205140993675
2008-08-31,1.7812502760505384,4.737677758411777,-5.119227045997125,3.557816915779942,3.7618183766866027,-0.8257109330166318,-1.1845604184340874,2.20033992967305,-0.8189313408762309,-3.7717491772050367,5.786204679375742,2.648043287436459,0.45556904084281336,-0.9876031797381691,-2.0438183692448773,-3.7413039805942305,0.9864208881388136,-1.405293062123515,-0.05048754436066302,0.5052540163716183,4.371852073768067,-0.10455733332966721,0.2351602855893958,0.758565087040052,0.7845081755551834,2.2710209781110415,-3.374032910895229,0.009080206095433585,0.5265748892190669,2.7658476870690807,-1.4724102407819266,3.7225755505206135,-4.478792374028194,0.9446812364949825,-2.1456106631555647,1.4510209269145828,0.8618734206248521,-0.055330929567830894,6.737395341744283,-1.9657177660837497,3.364306104639723,7.575045520942737,0.38942531361222377,-0.5587831821201595,-2.7744307801362362,3.064630858849585
2008-09-30,8.199824862098584,-1.3078419880028784,-5.180947939768937,-3.182319218289412,-0.8475689827877677,-7.760091063083318,1.9369171779315888,-5.217634442141047,-1.6044710509689937,3.01608769750393,4.087817853925661,4.413390950620018,0.748840633198441,-1.4573021715163077,1.4643101084779702,2.6632785502400993,4.560279381414606,-1.6351328672138927,-0.408945959572205,0.6454200056590027,1.7243580117013837,0.18884533688871274,0.1900815202191785,-0.1412975241121665,-1.371282359115458,-0.840791644315295,2.299882393946493,-0.026510645544858352,-1.797116541416246,-3.2987835107482324,4.345754611068627,4.351585187367883,-0.7268494370422494,-0.6773464704771139,-3.9444904036788793,-2.7643929106283425,0.44808419919539294,1.1501463045107485,-1.6944424499469912,1.7518934544435545,8.1684677765145,1.8701765861616457,4.1573063943697575,2.857575453297558,-3.1225552054167642,-0.22835193796433984
2008-10-31,-4.000852342738458,2.0922613251520215,0.6230389294796495,-3.2277965671696442,-2.3704935696370093,-5.902066336579991,4.017849328387701,-1.5959301664240548,-0.7812833364202487,2.6104423531656957,0.9455366595340731,0.454719272760398,-1.0865462480700243,2.0393889985063374,-2.4365014613686253,-2.91555108186126,7.944598751591009,6.943921699483468,0.07304193626428707,0.2630991328801097,-0.831379703685283,0.1303793786594279,0.00823898834801498,1.2197458290529897,3.013437187551966,-1.1358706066530975,0.28038041812394404,0.008072514424228988,-3.117030674835322,-3.9569311396719984,-6.561033350625906,5.020538892697241,-0.5192840227577684,1.318940817498012,-0.002511934836420704,2.9706936728765663,4.496058413289986,-5.549755608069312,-0.7735139656045169,3.1964033895582222,-2.1686105152405437,4.569946119663455,2.822726252137794,-0.9642568036959722,0.14157707519892337,4.098524402547976
2008-11-30,-3.538085512008113,2.306833425802262,2.3985007406004493,-6.4825213941819255,-1.275582260171941,-3.5943389769655485,1.1280234926147628,-1.7774079342789204,-1.8921394487239278,4.727421797011714,1.1178218594163032,-4.763480059506333,0.43226874744483446,-2.0398346311047173,3.2882505926330867,-1.9282517043813219,1.5906977365516375,4.510753966743013,-0.30548438186882476,0.4466473980171869,0.03651637006607056,0.004679974459059877,0.4473242053215547,0.15869505008993792,1.6196279682056296,1.7886809981342169,4.059652703819269,0.02958484830268196,3.6744216151212825,2.0774579794290373,0.3204704502490411,2.2975980766624193,-2.4192892192421196,-1.6222585171310948,6.833048640484593,-2.6823329511723295,-4.420669455302264,-2.064022126766432,-0.6314383538509035,1.3572790958953145,5.213348827050147,-5.0151615878195805,0.09829975136593808,-8.452528123621628,0.10718089484020202,4.08817420324042
2008-12-31,3.7822272057475868,-3.7920449111857177,1.5531320778594242,-0.4247143859365704,-1.7673707881469676,2.0189896423894282,11.38142805737977,2.774683759779447,4.251197190128002,-1.2990103854194175,1.6527479881882015,-0.06918139309631322,5.189727432882824,1.3832888935503567,-2.4574818104877467,6.77968085023905,5.003198372483314,4.469229573137566,0.05248301348334805,0.08013335696545876,0.9805279359713508,0.08447100297499094,0.1589455282400578,2.318425487372388,-0.0198390650803702,1.8138049291492593,-2.3223490035457814,-0.023805683896874763,1.2295353349597435,-3.370042439662037,-2.27275533327676,2.9390697753809354,0.5186550105974461,0.6629781632361773,-2.134620939247042,1.6890036574604215,-4.562096187486702,0.3733702559659744,-0.9867344121912912,0.8957277648626538,1.0950436017294998,0.23861817060021123,-1.040638946418325,-1.57529885727918,-0.36757538187680994,-3.4337684349232624
2009-01-31,-0.6164756786272723,-1.1405353458959282,-0.519262028898601,3.6321284754288214,7.810606484596439,-1.3980114213552945,3.4980424457858947,3.0561345594976683,2.006042750099808,-1.4128086471609693,4.7556491538932315,-4.981984768243132,-0.7719026951391439,4.859764777125682,0.9348688639158701,0.07937265931904508,0.7303617596303215,0.79370217044327,0.5817350581997539,-0.17907410418679037,2.448633923288853,0.2342985474349606,0.6540679402225917,1.3845625384546154,2.318124316045311,-1.8721894973759348,-0.30557419925374535,0.02060824940045161,2.437265544064156,0.5208421594848106,-1.8487235624791705,-0.30620781415352827,3.534505075385184,6.155246581946711,-0.7278913750030016,-0.8420214882420736,-0.6380366289405375,0.8530736501344521,-2.4421797478204885,1.2704481477771092,1.096292317928258,-2.43171285623931,1.5264284140969404,-1.376967065199172,1.4374889825652315,3.136547977715727
2009-02-28,-4.780094405473086,3.5170980905377407,4.601453100420113,3.750580432525626,-4.093684781180989,1.1896490917847387,-6.758846768066018,-0.8773894456681338,1.0446848255611765,-1.1602407439109559,8.294318456674276,1.2170870388117723,-7.544742761767181,3.1994086145746126,0.8257064612221606,-2.6697239834283684,2.562271893365284,1.3335973398365035,0.49045170513376657,0.18862411897785492,1.2430700025621118,0.13830482022281526,0.6802434146747182,0.17354627721129984,-0.2998333233955056,4.571979655386253,0.4872980986330758,-0.007307957607552096,-0.17845441283058872,1.5692602197426546,-0.20632784053789233,2.8393817299310267,0.8063994959042223,-5.1041583887636035,-0.45903869551248244,-2.627375111752989,-5.26221972137457,5.701139988455579,-1.0438705377982567,4.213416605317541,0.9331862623563535,2.3099631716787514,-3.0718356416160133,3.16814958156736,-4.3509901851384996,-4.115374737010855
2009-03-31,0.5262481448909058,0.8910158587165531,-1.0725093641367605,0.8553256214554756,-5.014303293795752,2.7521915619208284,4.468474726325937,0.376494588846611,-1.7547325623969476,2.587989597966279,-4.765856591933683,-2.778002934499328,2.629075464335459,-1.0975451073652323,-0.39559788238823934,6.9609208600590575,-0.15719927106825557,1.8048192300296912,-0.21372923290068238,-0.38654577098645615,-1.817437074248723,0.18635387414711738,0.400402397749685,1.3330885770755925,-0.8826894123774225,-2.9824196365740967,2.920356577283372,-0.00029972501412584007,-0.5425447292590607,-4.771298165639985,-1.5402460803328637,-1.6012122928328365,-4.325015817431263,3.712000205464378,0.01002442189366029,-2.7131002268991984,3.521404495409197,-0.7988695206694365,-3.339276389422704,1.230415188238098,-0.7191906410691469,-0.5311000865218755,-2.6775702590657864,-2.1969112457914632,4.024845045826658,1.1779359513618668
2009-04-30,0.03496756747615615,3.8883438893910656,2.734570630896627,-1.3536049836862625,-2.4591903553830905,-3.116610831421055,8.802597416963032,5.3073616899052185,1.0579447054444864,-2.0734808534622786,7.8531687914308375,1.2293187409851263,2.322139054692827,1.7035409515162878,-2.669644554549632,-0.11617315740896267,0.1366070991408807,-0.5783557195862978,-0.09006858488583547,0.11625870942161576,2.017820353037194,0.07303152765617774,1.2431608357178994,1.0528522623925811,2.4997540692308005,3.3961106076381657,0.9781449884078034,0.01666541076769376,-2.2473357714374984,4.923909496420069,0.2564448412653094,-0.6065046757750716,2.4865036096577033,2.276323547970188,5.3465227650170535,-1.152005932499597,6.193639766811202,-3.4028632745722076,-3.1826300123127647,3.1140689829606663,2.481466730659381,-1.2753818700966,2.6931381041416165,-0.6765899074886594,-0.26826487777846414,-2.1333239202826446
2009-05-31,-6.192924907724584,-0.1064038792905948,3.222048257612587,6.467654145504259,3.2214588506933186,1.3080079839207621,-1.3824109399094329,-6.006449204842089,1.9335078978618225,-1.3449486986578498,0.9791275293261499,1.2444700870877956,-2.0984395071070927,-1.5680955453942917,-3.80116645285967,1.888692923336312,-0.8004596792991501,1.8986565981320445,0.22292364362133582,-0.04573695586160359,2.1047631402856153,0.20706140555038288,0.18324737396373775,1.1566504973019431,2.3310720791700263,1.1869292569808978,2.084906881818483,0.037998001354252076,-2.4074508818051386,2.4683225760991707,-0.08908769442883907,-0.891482758623356,3.7026850174371106,-0.4159423043006813,-1.2900324177540219,-2.1553313399821152,0.839396128094422,-1.6924416771466937,0.1497566469618084,-3.6572655068445203,-1.9012106901649566,0.7188088565758297,1.8353833350336644,-3.674006335422676,6.64696489448768,0.8966727255986238
2009-06-30,1.7116448396444688,1.099694350580826,4.815765814009898,1.7898512508996947,-0.955000308580036,-0.8718252994963489,-2.791555078012669,4.456624355891448,-4.435154401894336,-2.9722247274285847,2.2589732791804225,-0.9965991386896513,1.6013754514473386,1.869804141919822,-0.369665721174496,-0.5762909762052348,-4.381215696177964,3.8062088787211823,0.39564699449309654,-0.5761372029697251,-1.8493728019212046,0.13912101856919196,0.4830463518710307,1.5074315446388664,-1.574962978574223,-0.5217351787589097,0.8178731641796626,-0.008435246962691156,-1.448266166845522,3.954290805072787,0.3167640140925494,2.077714405188145,1.6728806756129624,-1.77617737396141,-3.5431206698225854,1.273302245108319,-0.0438051678191676,-2.948928000568572,2.9238881569741912,-1.7804597392154107,0.6348464480594267,-1.7311777460098317,0.5595603648217609,1.7498879811232615,2.6979031383831784,3.336737603980263
2009-07-31,2.803844257488608,5.07543968049858,6.899668077132467,1.274436674070738,6.077237017190399,1.5952595708223476,-4.473773348313459,-3.028857911210528,-4.606211970311625,-2.2731401072897204,-1.967408688575651,-0.8947397857518867,0.870119673984246,-3.5975545168387035,0.7412953328834911,-4.258901818042541,-4.266292807484781,3.41294143702865,0.026768556215964634,-0.40229857174120764,2.871765520319781,0.12634786633239747,0.9415284570299206,1.539051882027445,3.3644270920581216,0.9063919620752675,-2.7555925873607325,0.026523791415966697,-1.7364067365808253,3.721975763527823,-2.639913349850189,-2.7499742237288,-4.601283062544089,-0.00526575404930868,1.5425460621064846,3.6192214589927154,-2.091358148895519,-0.6420259393549343,2.8707570153753683,0.6742506282213334,-1.9851747202138363,1.8113893598359891,-2.3510045363687873,-2.01365206558891,7.239440201113158,-2.1206294253511198
2009-08-31,-4.526531375480954,-0.35015484245913875,-2.6339168500595544,-2.4098898441296965,4.386190698287427,-0.8960603435747976,-8.072517139658132,3.49740109913098,-0.3813446992746513,5.359488855241689,5.923938886683907,0.5653033792471474,5.414653595404654,5.5641357245525285,-4.136673497441901,1.7949736864225594,-0.3185339266074366,0.5471148289959815,0.17736912461166532,0.35318772916218033,0.7011142025202793,0.2039590723969366,-0.01145479867200469,0.6823225005626424,-0.9885508355145155,4.775700808052671,-0.11640227172709405,-0.00530025556309896,-0.21253351390487596,-0.5497529463679437,0.4953876501513058,1.5265700730398175,4.569720537229888,0.00851865344350583,-1.1541919613956082,-1.0259125739010366,1.3751208311598497,-2.547059601570676,2.737167354012639,1.9292664696412565,-5.2032721297969715,1.916410442522735,-2.2479629744139498,-2.922923898825304,-5.032569556284885,-1.5709515337054587
2009-09-30,6.06604929892388,7.384803580391013,1.9036132489392534,3.650841600686443,4.099782649191595,-3.608528238612213,-0.9133122091385044,-1.2331950050927383,-0.0013726888980766794,2.0961704142908215,-7.567055780353656,4.854696918357008,-0.10895161697619987,6.505801566104373,0.9475175703796943,-1.1605739938899868,1.6114788640858222,-3.8198000134782357,-0.631224587970274,0.26531242516761405,1.622613312107347,-0.00175430096206719,0.06071161255194665,1.4463229152540802,1.4176250698645858,-4.993232221273314,2.0060709231359306,0.01370607301459928,1.8226452625502403,-2.623761920889994,4.2751347864749345,5.200204976840433,-1.0775078346417688,-6.351538257007495,-3.225717142342592,-0.6994967675334178,0.34289833288899024,5.250925212508677,0.7132057627505104,-2.534595173830333,0.25543772617238214,2.371725083812963,1.2242098792873881,5.573962915650616,4.435123747904541,-5.016998792214024
2009-10-31,-2.8828721994729145,8.84458408266364,2.5698025120428967,-5.029235496428957,3.322661766916762,2.693736435091857,-5.861751395395976,1.9966180489445746,4.562333046096203,-1.0848989896129726,-4.077317219899632,4.328179041093496,2.367563811671326,1.0292213921803997,-2.157471252036625,6.084919327132296,4.124297449977091,0.7917986779010925,-1.0986965872298382,0.43308133932117643,-2.4325562104625043,0.0703944842052068,0.7539595000166591,0.17704851914794503,1.2902889475281227,2.2498257601927416,-0.7649762714248683,0.0028596430611061707,1.1145555617811693,1.8878708844885337,2.566386908385348,2.042742144782204,-1.6161737714198334,2.8685374182946566,-4.225335842616456,-2.123232052623191,1.413241455218829,-0.02248292857428172,-2.4464012286475953,-3.607260323266512,2.7215125136573937,3.9859943598576666,-4.224965619998498,-0.31026948410439714,4.992819528662187,-1.2826234023841512
2009-11-30,2.5079571848949795,-8.383684770313444,2.6118942508420666,-4.330238345196026,1.7486768076642178,5.971382684911181,2.987720593995276,-3.1916086358418077,-6.308576694617742,-5.280205574691694,-3.14682896467893,-4.349448658153992,-3.0134247060410333,0.22522785955490704,-3.5066608641151324,-0.47782491395325066,3.3456292569791746,-4.738725609240109,-0.446887332321539,-0.581948371219771,1.0062842136305798,0.024048202156721626,0.22680990577039106,-0.7733298337262773,-1.5132808816063148,1.2935683199362595,2.471129496125688,0.02297451165729686,-0.19763612223907812,2.2366740820450572,1.9089360267471696,2.6182327318670726,-0.7565863000677535,1.827246587890582,-1.9237235143567057,-2.2160732890920585,1.276660207563343,1.1258874842602689,-3.6748807081897015,2.075524161231585,-1.0819784438991629,-2.7348398083931933,4.166924906976655,1.557231734917494,-5.354216678731629,-2.2734853055254804
2009-12-31,-2.8854414740214382,3.229559764396299,2.6456424441939355,3.60668837448421,1.3067787920276142,3.4672126352454646,1.1748039981946008,7.047490465695963,2.959580716408766,-0.7793554377009153,-2.2530404659514787,-4.205442401763282,-2.7407660189629537,1.7817346214788299,-0.9255475118906059,2.1843977713140146,-1.9309561571893854,4.533732565513387,-0.12405406398811183,-0.7401075199589116,2.2601048259522902,0.012443769777037844,-0.4206723783941654,0.7578325255155874,1.2124699155293643,2.0383321329209876,1.657921519054314,0.009987448990421477,-2.475224026717084,3.682033552373065,-1.2403006440233968,1.4547210162458057,6.37202177514072,-6.233758499611534,-1.8480692470365394,-4.44828863193149,-4.3293816700345005,-0.7421830302285297,-2.6155021064136013,-5.392280866581164,2.4715558248856984,-3.5157096639194862,-1.3317238206770192,4.217005957564107,-0.1461423278920219,0.24321947938807
2010-01-31,5.738095006071057,-1.2410624469554041,2.06484356492126,0.7141670320569387,3.143544340563622,-8.689191203246581,0.16292599115917245,3.5936233156819055,7.412218803595371,1.5438460243612948,2.3390529813328147,-0.21247260074187108,3.442681909642924,-1.5842282454213779,-5.741026906398356,-1.7532932327361705,-0.13223369177107663,2.013795715558289,-0.41766290608956463,0.13363954266108108,0.32150390611487,0.021763159200265197,-0.002177564310565594,-0.38753393876373166,-1.0130718730013508,-0.9473048260279202,-2.601389039441805,-0.00888895071868688,-0.8653417541060682,0.8060103171829556,-1.7246943825074652,5.461268369456844,3.8972501652832126,-0.31628756652554774,-0.3956709726829319,0.8364047880061161,0.6830128191562843,-0.8904185399008797,3.4044452664629,0.15649705466292768,1.8496687441630688,-0.14735599597207133,-3.41575498436316,-1.0252818703155382,-3.809974296775788,2.1654640195107606
2010-02-28,4.146971380122143,1.0025033939955512,-1.7518983763546145,4.605743434902677,-2.2140817720259505,-0.9804180803071739,3.969208781913648,-1.4450105481524236,-0.6977805496697834,1.9855155238239228,6.774862075082426,-1.9508728943739126,4.919534510693806,4.618518247783524,0.1642309331228096,-3.8110958171675633,2.0859735641257036,0.9918830605507295,-0.12148988936620472,0.21518364129561932,-1.3522156535149903,0.0045110968036358445,-0.16106732019707748,-1.85904292174158,2.7298287189811523,-3.171382016911361,-2.613488585145307,-0.0069855170946153955,-0.7343524126828676,1.5072445438332274,2.7298807620538876,-0.6176709879294392,2.491297833141576,-0.7515045439121616,-4.070477651830768,0.8544308358527976,6.084518274063742,1.1721746355715612,6.904923268229911,-0.6562152595907781,0.5406738578604073,-1.4270107609821174,3.2253112457587565,4.944379699120704,2.291920969390985,4.93069237063211
2010-03-31,7.327326962524953,1.0447582443206014,-2.5746157638887595,3.3209074230662123,-8.517104225836897,-1.9610690633776326,1.9445498388488769,2.5310266116572135,5.211813040425671,-0.5978584074064899,-1.2354773036577171,-0.06424447957052748,2.233366553439135,4.279106657983384,-1.4919245969438582,-3.1173174516089155,-2.8085194285589146,-8.340605330408337,-0.1411954983594157,0.20817830571123608,-0.36756483662441647,-0.050171925821556204,0.06290644785872085,-0.25661089754811867,-1.9707738118444975,-0.03165778946631288,1.7763490798441077,-0.015950489248730312,1.385267442220343,-2.7293594847646334,2.867870048992123,5.46353552161042,-1.4897465221033765,-3.113688742943327,-1.822814155791258,-1.3763844008443653,-2.2932263762608898,3.716848614174914,2.1959191422684627,-3.814315019004213,0.9927316474298027,-1.9777797953991298,1.4645573852071812,2.880206032185793,2.990892546947345,6.234601437983155
2010-04-30,-0.5448864973075229,6.575660280956145,1.1579641081984944,-4.105422425143498,-4.1731562319379805,-2.708208462394564,1.9363351260099653,-2.9900909373894247,1.2808117223812736,-2.2652696529479237,0.031182420500756175,-2.5367941162959715,1.6819997846598014,8.889221912839542,-0.17176498005983906,3.310035036301557,7.601228472695715,1.7338698043584904,-0.6361775653989468,-0.6850166904352619,-2.037523231597124,-0.06303688669033308,-0.5143867188993779,-1.527776119459418,-1.4633572813828424,2.5022082344569965,0.7579906270131626,0.02666680655795753,-0.41088997907378677,4.817852503256159,2.8925450141986055,-1.248960881479789,-0.914261187893471,-1.3060239691181847,2.0346279212901357,3.476545109540866,2.599065298183796,6.2939129636596185,5.813812579678397,-1.729561468222776,-3.7418619419584034,0.08797540635394155,0.13152870309576728,4.803797972405611,-0.1901913265703614,-0.5565102388324872
2010-05-31,-4.691957808576442,-5.963828034728002,2.7454519502051498,5.63580360319138,-2.2510358830232415,-1.0116238943434297,-2.706790795901685,-0.6203398800897819,2.130178089584153,-0.12474611141771991,-1.7897132008308632,6.39170547110778,-1.399489961643868,-1.3691763777009485,-3.0008268092800185,-3.7316545535357175,0.980034592769564,-0.7055389265669818,-0.2951800159104904,0.0018165218664374927,-0.05410861411434145,-0.1425810463293854,-0.8760535429627798,-1.0454857848497634,1.3127596184978496,-0.8539463208783125,-2.878081905852526,0.02335791401921064,3.1145367969713167,1.247237989336184,5.854192933354875,-0.47816793883319825,-0.6942104258116635,0.6309139743036034,-3.456285473622503,-3.5501969499080004,1.9776576973843087,-0.1912087609527588,3.046311982044847,-7.05456177164204,2.630738846230066,3.3870690178590146,0.7297540460044132,-0.2530843546191918,-1.734683327267912,0.541263083495787
2010-06-30,-3.060281875201875,0.5203435211537003,-1.8874689478370155,2.97677388084657,-1.2056715167194203,6.329353180681302,-1.2548482544564412,-0.9882101247139745,-2.931225420087982,4.826184710920522,1.3285528434698666,-0.9146229903900203,2.3750892353010244,3.1848992116900554,4.315781505704496,-3.786634246859645,-3.656089637765463,-1.4915506699156467,-0.26546939390212865,0.08561840100735951,-0.05111393821485351,-0.12958973844893418,-0.2732912712903978,-1.4617503867349528,-0.42974984593620913,-0.5132616799816534,-0.9174379696493462,0.022925330094608204,-4.203902000141177,-5.761434255435525,-2.055188216329832,-1.9601275751105538,0.9950428262361988,-0.8540594472993417,4.985616304178642,-0.7964424380924644,-2.854712942978118,-3.3444047231900145,-2.9904019158420536,-0.2947539435386519,0.89687415725871,1.3473831898698758,4.172852127148051,-0.2081958239321955,4.138095002387239,-0.013138585509375411
2010-07-31,-1.032185609904328,-1.4228887824526977,-3.4320197314925363,4.743818563690329,2.4070588927752574,1.517825625556707,2.8445391294684534,4.159301290088145,2.158826597112321,-5.552037054825791,-2.4921264411724784,-1.0765251763093089,8.835550946936229,-6.12832234471257,-2.389952957194348,4.507309968400641,4.238833779840472,-2.7238447133895773,-0.5072227376814697,-0.34471882404851995,-0.2736326449172215,-0.15481355704884006,-0.9974574615266855,-1.4653239540959524,-1.002439488602295,-3.624813477797196,-3.8312277228353877,0.004599732687099706,-2.1760047825791498,0.5614735353846297,2.0009411852982124,1.1695483658681607,6.678007688742783,3.9398535473975347,0.43710117282958705,1.725030396111415,3.699657952687432,1.0992303549107287,1.0566292347590263,4.854394984576626,5.540678189384662,-0.6897072730766785,1.5463275845325275,1.3601313535663184,1.3689409535894281,-0.36716734380410365
2010-08-31,1.9166647257471223,0.370477082071607,-1.0833356135597016,1.6631149421711662,-1.2884260355350214,-2.5239715607348674,-1.6270822512024257,2.1340916561149172,-3.257109135190414,0.3878113139374576,-0.285665929735214,0.3607213698132532,6.062150798366623,-4.971878146095735,3.1092075185091255,0.8897944602652696,-1.229923044399639,3.730589321022221,0.08084718960598947,-0.1159071090871131,-0.030258224908962045,-0.19914983122461186,-0.8206932487030821,-2.5776372974634434,-1.7326675036701544,1.573073567619192,-2.19675204009708,0.0074846937496948485,-5.412646122006398,2.6658372472651055,4.5838988844073825,0.9786896457607361,0.17156973485030624,4.23787839607928,-0.09186446523434055,1.5755995670117662,-2.659067021953291,7.03541836073434,-1.5337851500818416,0.9007630957146966,-4.635272525848196,-0.7219959898018842,0.8960284424461895,5.8635067082437935,1.1443579967807045,-0.4634195190811927
2010-09-30,0.5624841384663483,-3.92473346115648,4.205645450953418,4.417820364838448,1.9797951787552641,0.06329009988606249,-3.108184868558885,-2.3792113022429486,-2.848554561268325,-4.579317697489526,2.8493169245281953,2.493313571418995,-4.28189091091394,6.9962569531153616,3.448444046200053,-0.7584501067849759,-0.6145566521538689,-2.4449091939401724,-0.8219326782462456,-0.2916862418612943,-0.49082240784413145,-0.2687007988000829,-0.6704285993995505,-1.769098914654665,-1.8298266354320902,-3.5680788414038935,-1.8444995256776595,0.03023231367921675,3.2287955201072203,1.268892690273924,0.055001889020234174,-0.17107153664033037,4.673559499984139,-2.0778679491884122,4.499165678331515,2.205876607484361,-0.05935426625208662,1.4236650365384933,2.9222745980072435,0.06801719162718789,-1.6103290376344641,1.2350381130614956,-1.2754793386664156,1.9408327475783165,-0.6136008612394233,1.5068759257797315
2010-10-31,2.9289034925704307,0.005694799925151206,2.8914550202009273,7.574449248308645,-3.258126785593895,3.6056373355327413,1.1553962123219024,-2.4714323867834005,3.1781112105238667,-6.100925788779912,1.4051717129219736,1.3720789747240527,1.4041797318973233,1.4243093471461106,3.0838726065627977,-3.3133434963675295,-9.335443472500677,-4.072130435829566,0.5579262610441061,0.03777256383389338,-0.6968661010995685,-0.17766925165954245,-1.2070921488527822,-2.5354505217825443,-1.9510575028120547,-2.6074450108987195,-5.6736878437090095,-0.003745859499484777,-2.534021715645976,3.490824090392466,-1.7269878900800348,3.929184681715555,-1.2637636256521176,2.4877450277845363,0.6008617415558922,0.8050260954643705,-2.34951892768452,0.9877321492830607,0.05038265610439763,0.4038899873298668,1.2598065717598481,0.1667302565019576,5.785875393423299,2.27840004645199,2.5911187982332713,-1.2749624817501912
2010-11-30,-7.113291617401175,3.6921938341530787,3.7598540446627906,8.27314521771667,8.666040522727792,-0.6321512163334596,-5.013284211496839,-0.5316064370133712,3.838221327091672,-3.188452205996739,-1.7893675601886068,4.658608154152772,6.680052291500138,0.8723412281886725,4.497757262887222,7.097719544315132,-4.7207335598248275,-1.0409770237079154,-0.39621004474427346,0.04091676971413713,-1.564653411499529,-0.25506597725482344,-0.7443907598864793,-0.7197613539754564,-0.9784039042857008,-0.7107125203877626,7.941053067552837,0.002019373192177182,7.959996579340943,-1.372318371746315,4.7618055451847825,2.9379296336703464,1.6225747015977767,4.653299808866513,-0.22723160529593103,-2.4530443572198295,-4.145839779417393,-1.1528073462743884,-2.005081397267095,0.21924147099068145,3.8491824396995566,2.2611010839090593,4.00359227093507,-1.9073401315709346,4.2106699998284745,7.958245940295558
2010-12-31,0.8718986413623094,-3.302409433000991,3.798250430945822,-2.034326838267571,-7.153273030160881,-0.6140063886123402,0.13769738720649782,3.9368295493497816,-4.905666840545082,-0.8453595537849427,3.72943765326512,2.7788861242825518,-1.5089962202406522,-1.0647879857773068,5.735413341066539,-3.8853981196520637,5.581045626223701,-7.051196666040621,0.20613751430448024,-0.6760902989981804,2.6416541028386074,-0.13584666622106356,-0.6403948135424024,-2.562784594084906,-3.502679560725689,-0.11749721984239322,-7.699315147883058,0.01019136349939459,0.495058645324293,-1.8953763000212844,-1.3669512436065636,0.48966410236027746,2.6198979005269805,-0.2247878998768098,-0.13899287056393939,-0.18738854201509136,3.2717903507159485,2.0790642155448715,6.847751999022609,0.6003410452209571,3.786940930112635,-0.9635256591939798,2.916298059218098,2.2235843390176826,-2.1486757964791305,1.0144978281984303
2011-01-31,-1.4564934062835349,-1.0837351114768174,1.6978342299474396,3.896666503209064,1.4217055744115705,-0.8854751795539199,-2.2300749182230195,1.3480734614863739,0.1347056499006719,2.2910393327990866,4.693027741589339,-5.241862690039538,5.991281239678054,-1.8352503729231602,1.541011186585676,-3.1472678848467375,1.6725397971886697,-3.4502914691791626,0.14365501154925797,-0.16906666558543948,-3.7136684598211174,-0.1565109823829035,-0.9285725295445098,-1.759414087754481,2.555896429368622,1.7444487242187412,3.8143484432435506,0.0057503074707966895,3.442340987898805,1.529981536150577,3.889812930138722,0.9345670797949984,0.009581416893555739,-2.528212651794133,-1.5812895120934716,-6.541562339895598,-1.9290457951027276,3.7513294369758365,2.230830293608239,1.1698025180239573,1.7094061944332024,-5.33338106862407,7.851952259385428,1.2260421724263155,-0.5592378183946843,3.657423900197868
2011-02-28,3.432622468975394,0.11821614265328284,2.1816056899669127,6.754534846382237,-1.007440401739179,-0.5437333078770585,1.2014338763708654,3.3157167437224744,-1.6430644459022052,1.7887672625802162,2.955478998245552,-3.0927607756136135,-1.1782812122369088,3.559188218468804,1.248885233660848,-1.8459005420734353,2.099220957995945,-1.881696247141564,1.2160674398326896,-0.7950783728009849,0.96677112399618,-0.25248323915083715,-0.3355748492805374,-1.359760408910173,-2.003226350457598,-0.6319473973081962,-4.815210647540722,-0.01286281641949727,0.9428472558348726,-2.538340923092564,-4.397989922258748,0.2633228136811079,2.6416659723224405,-0.35944325744413774,-0.7027132986297471,-2.1912727579393794,2.032059238536187,1.6797038961038486,2.238837588313757,-4.248057592008031,-2.041655286520192,3.0618476192546766,-1.3655575825088417,-3.2761993855283404,0.209305222018079,2.7261830375941885
2011-03-31,0.04389529680077697,3.591447148775475,7.827282402726057,2.706963393559101,-2.1250900991108734,-1.2215355928498963,-1.458088855420579,2.85941309806761,5.590381559566567,1.7862795864040055,-0.9304003408995307,3.9716327437872767,-2.330177467809497,3.0484247173657124,1.9463013577379689,4.0010191470134355,0.35395131831735244,-3.3944450094201963,0.4483058556399378,-0.09867491199428197,-2.458943351896457,-0.1542136690937613,-0.8909517977895955,-0.843192035382297,-0.9481007861864565,-3.8859773332109135,-0.33382754237720696,0.010527087729025997,2.5549332554995496,3.2490087755958066,1.3076011458096792,-2.507849528214652,0.04484233111350494,-2.060398580241735,-6.533840731991596,2.3274518230224293,0.790253204621427,1.2797072351892338,2.01345002067418,-2.826138019975864,2.7968506450225354,4.231537128988085,1.8153462966188234,-2.032640939608666,0.48632535656132286,3.7652678549683545
2011-04-30,1.3623080846540663,-2.444685258434276,-1.7965071182171735,4.3580234944451774,-1.4504099412799945,5.3278487433835675,-0.94854963838902,1.4920844067475154,-2.1446840398615206,4.625233361610775,-0.5619859572974515,-1.4815070766832366,-0.7665419497059522,-0.8331059845239921,-0.13235121184906856,-3.225257560489564,-0.10451889697312228,-2.236842451939288,0.5666158977062516,-0.9735373485767753,-2.5969693725203173,-0.1758355542370733,-0.2866317317815339,-0.8146429406095548,0.1497209500605427,-1.830286270655933,-2.786845257020942,-0.012581230977242175,2.360049837057968,-0.6933459115348093,3.1474235939191595,-0.8977007869605802,-4.3062761837612,-1.672631269979943,5.081285397796749,7.877392324462521,-3.929267799495857,2.592349962523461,-0.10002297913973779,-0.016376941606093376,2.693998567262549,1.2288662473702008,2.5066252971587537,-1.2587109373381624,2.305561269728184,-0.5390080473501433
2011-05-31,2.329272315352254,-0.11227686375345852,1.392398583611928,-3.3489417598607707,-0.8015514240324324,-0.5781745522119115,-6.051792009511382,-3.1355242089991693,-0.0023251794536120474,1.730334992653898,11.156270454114308,-3.398514727997307,4.180065141732056,-1.6695759889170438,2.1693919824819843,2.7865641987755256,6.25889790498423,-4.145909984378312,-0.3953682540616105,0.08397384373201194,2.0924108695072743,-0.06797553332557149,-0.3357651220063024,-1.0348535906283987,-1.1370981388352481,-0.9977722102556044,1.98981366664862,0.021003883942833257,2.4590557614097968,-3.116175021639598,-1.2947475303846663,2.077800293949834,0.4747469264033735,7.243728555520806,-2.1748215591368902,0.48063317862100924,0.5269871477383996,-3.559843133539721,-0.475810893809613,2.350075259794828,4.427766953754731,-2.2218178691830546,-0.8014166590239922,-1.3890721687633067,-2.016572481578516,-4.533161032240083
2011-06-30,3.26674864543207,1.9819851483952846,9.064310556578812,1.1657364930190197,3.766526042954596,-0.605462383359988,-6.74306431617021,2.229681198610672,0.9121831725010072,4.243601072773667,-0.3668278056998161,-4.112872903024277,0.1263145395812288,-6.70354814558944,2.205384400216288,2.9481388739228356,2.3967880197305833,4.133346784642202,0.09569466860023357,-0.10944563527338524,1.2545330120894806,-0.13612885331639218,-0.3462783921856171,-0.06331257256927075,2.237179547602449,4.808103560323219,-2.097010006075947,0.006234120555065947,7.818513873674033,4.816459547167088,4.914820406100049,0.20172397929668695,1.565809037615362,-3.1839097360968758,3.613443990453293,-6.319178634706818,3.841499811249177,0.3597323823459375,-2.373990126839681,-3.052722460919634,-2.4666612223751025,-4.468639267612097,-6.034970364503986,0.8687270586641191,-2.9428174286332505,0.03444239205331984
2011-07-31,8.182765683228023,-2.0675745335132394,0.3100616575095766,3.6106931018486983,1.084516591926295,-3.4550556697379657,0.6707664087914397,-0.9887277226391612,5.098832782676788,-1.4786806203472591,7.374627610175917,-3.581229525010885,-3.5299410372883577,1.4276236313991948,-0.5246760323971867,4.481442427922013,6.17830488597054,3.964228470039504,0.4365057310560486,-0.2574742593057774,-0.40475137829528296,-0.08793176132181474,-0.16076248242526744,-1.5068904711482083,-0.9479381711084232,-4.278374916907089,-1.496000646883997,-0.003830495477065321,3.6104404178255622,1.3006444855658774,3.502390450662895,-2.8604753150786517,-0.7579419592285266,0.9610138547283681,-0.20062522046848896,2.807391052604618,1.6457327387811471,-2.6792711944140213,3.483946352884543,2.520009385809041,5.264453505854686,-0.2720939015961722,8.02844406754868,4.184798180718219,1.8421667384013953,-1.3426883569153536
2011-08-31,2.0549950588351886,8.58733587020146,-1.857119106723221,-5.917005025267018,-1.3204132690267962,0.43873417156644834,-1.9083196174380572,-3.218433326625797,-2.150715322512833,1.9411581968514997,-3.339854679016956,4.70278957112557,-7.999568870119768,3.551712866516208,-0.9990898192052075,-5.851098035791425,1.4894602028866402,-3.187990038185984,0.5518200010484936,-0.30029033906795843,-2.506541265261721,-0.032708779517344244,-0.6679952595848845,0.7443266879990847,1.3398474770666682,2.96404710317703,2.4557402406893956,0.00604742213475723,0.5510885228262143,-0.07978591890071252,2.2664948829588805,-1.9712333124383385,-1.9927549012992563,1.314916265768097,2.0949031682052035,0.9793763850090708,6.136256221003925,0.6245246545994295,-0.1739055695687058,4.8911399414155055,-1.4896070396657,-1.9925003330721096,2.471563689488913,-0.4214020132415195,1.7842467805316433,3.35378807740622
2011-09-30,1.108274792717548,4.795430801743764,0.27108088825697585,6.537959931541236,-4.6521875240402455,-4.62011516742462,-4.4883876515554295,3.2603346643664657,1.1534555291446789,-3.8084076972275667,1.361539415098532,2.3386104370514342,0.40743200835224525,-0.9328993393040073,3.8428687564994806,-3.3700243752262558,1.6851085109895707,-2.885984273490956,0.5491213820052248,0.033844381420556235,4.239797209541404,-0.0645112230197128,0.4247918251717361,-0.5919458257396102,-0.5202955610868446,-3.4751133160500807,-2.7368103422038943,-0.02182454046187693,-1.3805286047042755,0.06986774269928264,1.6171990580400157,2.677034690063243,-4.627942196897102,1.7865343402593399,0.9737961234389285,4.138800706659218,4.558237882124423,1.658248526382172,5.866018272728853,-2.001364961802933,3.1339871702344846,0.17114350409605317,0.28511378717547364,-1.7801799947612431,-1.0748871556749218,-0.03688314798423342
2011-10-31,0.07528901262868026,-0.19807434278958413,4.591937223463668,0.9358387583448281,-0.6885527239439038,-1.5996599348305054,-0.11806248283211501,1.1371159606183072,-0.9616290204850033,1.1380684354060704,-1.6963405774674758,-2.0382241751727097,2.2932327747958037,7.476118211751421,3.059605002186892,-0.3462167001429861,-1.430407687007361,5.439031038910189,0.5479712576672288,-0.7329716802622902,-1.439213792601981,-0.07807242798368369,0.4738185456646047,0.4703444509164951,1.7559911434801845,2.890048005713132,-2.1030788804287868,0.009801430293068347,4.437122327502647,5.6755891633686515,-3.682203713439496,-4.54403699702261,1.355138055170766,-0.4240461873052487,5.774909636117066,-4.598943110974929,-2.3060919405320788,-2.083352979127632,2.1258152654043663,-1.139874822620183,0.9036966307550661,-3.0740985877622373,-6.778310332351001,-0.7973987898498774,-3.396744361339282,1.3382070523256169
2011-11-30,-2.460433671018405,3.5761258284802926,1.8771955386823378,-0.02703235795837583,-2.1130514088870416,0.04345825748745963,1.7392136902379325,-4.076005407858055,0.7625312939672146,-4.625960973160458,0.7464466372330569,1.8944277412566768,-0.7354993721091465,-2.775858100172058,-3.4798341536650272,-4.100547730889344,-1.761573617145185,5.036374020204234,-0.09154208016255566,-0.858566955801622,0.8888020518471247,0.04834731397740638,0.22044062945501036,0.21197333809550273,-2.981678886367582,-2.6820678742946873,-1.1083165955370604,-0.004591737215755842,-0.42208986362020995,7.49168481926293,-1.3524225913834143,3.3538063265265445,2.7229468824493925,-6.718752814746956,-1.36229985595674,2.7125157339719936,-0.21682978706913197,-2.1570597980604567,1.3897950177518397,1.0581761609162008,-4.288970902996235,-0.34996959083036244,-0.1473149264456441,0.6112209927503944,0.7991852626487448,-0.5697981528026927
2011-12-31,-2.6753231875123107,-0.642252864992672,-0.4640484454406246,2.025344688470181,-4.675051227835974,3.9159550723256067,2.545892197417332,-0.7132778734783979,-2.1240519304826773,0.17767696966691393,1.889753701539865,-1.0311752541405896,-1.3077140683704238,3.1206210567789805,6.469520558951224,1.0344205046415866,-0.007627405636645657,4.8437678317469395,0.7358386771715445,-0.06758444573270095,0.10592038236020385,-0.14451698744308977,-0.03400875230822381,0.8520816797393592,3.391790293267422,1.168852741844713,5.602275960877697,0.015014899522874381,1.1611125157011544,1.6207949018777952,-2.9566969178514557,-3.0381977037767824,4.312035429180234,-4.373484542845931,-0.037452195103870156,5.023401139046973,2.6756008111377576,0.3491311342410153,2.1057645091851485,3.8901018864409944,-0.6665160567890811,-2.8707092952524955,1.4385638428572167,3.5356399769798865,-4.3714975307946755,-1.2242266631303065
2012-01-31,2.634265655843363,-3.8521608752296372,6.758725315582373,2.230800389356112,2.855241135049858,-1.3448475093649785,5.338154777049287,0.2750342828475976,5.759348192850493,-5.8065296267787385,2.9473850232233705,-3.5606792481433263,4.813279771650647,2.8473889533551064,-0.6263386286250727,0.8361169124119956,-3.061657116765318,-1.4410891481376968,0.7328226279925885,-0.10525570411455093,0.41958018703055905,0.14144944268924226,0.08828743077130324,-0.4504065638520911,-0.4123050675095492,3.9089224441890376,-0.956585923847322,-0.0067714196627833845,-0.9280575214505347,-1.7724380426572435,1.158413640138606,-0.8811145594697427,5.381547862982935,-0.49541007989233904,-0.48807993440925607,-1.1729983008367322,-1.1291300936831907,3.1359920777826322,0.28114890085955796,-0.33364063133062427,-3.894617606281486,-1.0929028754461712,1.6846707012442244,5.08842693060397,-3.102422147517617,1.416842573320141
2012-02-29,-1.1682899850337578,-0.9470987013641446,5.623075364370726,1.8364770253653862,0.27418242920416547,1.5933862349098544,3.2402968560161187,-0.8547597471006454,1.5130644227831922,4.849465431362615,-2.4147712757429822,-3.0525023234188855,-0.868890262781407,-2.4880559802042033,2.7688015484022976,-7.022297216805681,2.9854246879619843,-0.559713075269832,0.8910647206747568,-0.7165701638828947,1.517179011983548,0.08853548839707287,0.09287904107970851,1.6638962270055364,3.169084112647805,0.19091685683771464,0.713034956295604,0.009861069701218028,-2.6881669063581946,5.635504344704888,1.4942303644608796,1.1349537126905402,-1.4539135143479964,0.12679238713746172,3.0060856994102676,-1.7421089174492566,-1.4169335979209683,4.746767597302847,3.8674633483644043,0.9841680897822278,-1.6157684901832097,-0.9665194000307076,-3.2431124534127256,3.3146674881557963,-0.4020076835645191,-6.770642740719397
2012-03-31,1.5738308122031686,-1.3068241956686883,-1.604666851114142,2.3494120490484454,-2.335074838481889,-3.3771114732436653,-3.8822333202498167,0.09484638627671377,-4.552064634639117,1.3268520776848334,-6.5702045151069575,1.1888232847668692,0.7495575872193907,4.452767571366964,-1.2558305693534713,-4.933857920499135,5.6087822987415805,-8.851028435997575,0.004094348582297014,0.6845530713092924,-0.9181730512188395,-0.1572350842644861,0.40091088278702675,-0.3155404463552574,-2.7580711886022096,-3.140866922011805,1.6296116384961954,0.009427128041460175,4.378361395263038,6.4341701886511355,1.580696781874178,-3.778199863741941,-1.7733235455917038,-1.4846804761297632,5.643650875875461,-2.235146415297956,-0.6157157582410797,1.234999712714612,-0.7179421399195065,1.3740735430673379,2.7990313376856393,1.9870795276655038,2.1864372967903294,2.473025636068375,3.5337833555041187,1.3355529104559989
2012-04-30,-0.7195257285774068,5.488063016388915,0.22312720832378802,-4.248013565598586,7.099210770018615,-2.261806766946162,5.61333976458461,2.2117434138366217,-0.15501555921076338,-4.797789439988839,3.997995434269822,5.957840461048755,3.723824422412545,-2.976678921504203,-7.58590864837237,-0.08002801033368578,-0.21950597288027024,0.5061109956336984,0.19602774905683135,-0.28635432125180876,1.3011418962340902,0.13218922199258182,0.2803440975154811,0.23897517645350191,1.944959158020956,1.6092854468853028,-3.3901534506311006,0.010574998644458156,-4.496508852926917,-3.2183793886126777,-0.03198339823461166,-2.1481008717274195,-1.1672863821607444,1.1946766519877983,1.1373123496432447,-6.07756975358898,6.176502159411982,-0.831930100961848,-4.352974835837175,0.23880068094181545,-1.789702325497901,-4.130182124071664,2.070312818824415,-1.1998673516999088,2.836388952034394,1.589064354150618
2012-05-31,4.267407673878519,3.1144731442684273,1.4801349388371552,-2.5954057417708265,-5.556961338509757,1.5885238933989774,-2.4741671068838915,-1.8679377406075384,-2.579936258339983,1.6323254288781657,-0.9628527598059584,3.4654989866020003,0.7550494205473887,-0.0827154988545884,1.9613426111952448,5.224233736160267,0.7001854157424631,1.4766437654126974,0.5080128890487724,0.23973664274460582,0.2245280870900257,-0.09985769746992776,0.4760656324324648,1.0374442338171557,0.38296271175432284,1.3113458818793728,0.27022255583038324,0.0011401912847718298,-2.543794144726953,0.2918035041791496,2.922948622149533,1.697188985063601,-1.7136296831915003,3.727256459451473,3.8189538711489144,0.22200016474246276,-0.9647831696870103,-2.956699458512954,-2.392136660758205,-1.9764610575287644,-0.01902508842735917,-2.550631890305993,-4.582439900469377,5.638157963620701,-1.8223677320794716,-1.3022974745631193
2012-06-30,2.701582090610838,3.4967561048079183,-4.081917261233798,-2.2882199105356165,0.28098716862711715,0.2998349448991089,4.322978012948798,-3.280561684222918,1.3467254967322133,4.893776789201663,-0.47024979448815596,1.0646181293537995,-0.22568523192499013,-4.404656789653489,1.2381433951991645,-4.573185183312897,-4.86279573723917,1.6079530099581851,0.9063928194294143,-0.685432201289348,0.7685979021585251,0.09372526088331518,0.07023922831171792,1.2225335056539892,-1.7354352804868545,1.217482169021896,0.28770223011306284,0.00957888655969319,-0.4053856722231586,0.18339808092390986,-3.1647561928527934,6.128889152165768,-2.7557352457339626,1.5465051267301964,-1.0592300790068443,0.22816611930211173,6.6196367150332645,-5.787062619473092,3.431028224607448,1.6831244078546592,-4.2937920899937865,6.449512768161442,1.2086746253487801,1.763169023084913,2.7332580892770353,3.1474424296282204
2012-07-31,6.33881137475948,3.1673742501778683,5.327951804804315,1.9954109249370047,1.7639369084214638,-0.5672136894821442,-0.3930893916427657,-5.310852345048874,-2.4111405154624883,-0.9666676935713854,-1.0728118383409784,-0.7991246509208678,0.8947731090194833,3.611757507200453,-0.26265934028209825,5.269941021750253,0.9516892345038515,-5.314308708534326,0.6848200172610024,0.0848437933267625,0.6097663216184274,-0.0008589788458477909,0.26856876991716305,-0.748549996834645,1.7599693744414326,-0.336628434890965,1.053510475717547,0.009308710780470408,-0.44201760677874125,8.430522873261253,-3.4378892696225405,-0.48691471955489063,1.3738097563026355,5.199863951183912,-0.2035650193908713,-1.9073140315686152,0.5718642636190749,-2.627139863144116,-1.8147980715342076,-0.8205688045832132,0.013066408203469715,0.46097977997695183,-6.607103510867469,-3.8807502576425223,1.3938323636022458,-2.8391775279638427
2012-08-31,4.162433545312336,1.8749919568867248,-1.0182292859170254,-3.5278981106553116,0.025750581642764003,3.7761022375511657,1.3265393932685912,-4.023781040974678,1.4256339391754096,-2.779654297623645,1.073198103816942,-1.139053438197907,1.2898015542525327,-2.5496966490723825,-2.7256771006920846,1.8073593369099534,0.3728892125557582,2.0150517498502336,0.09811120150445402,-0.009483684573823148,-0.15871828905439223,0.00016925521542943134,-0.3073047830599511,-0.4188731426687003,-0.4037668396388774,2.443446247414591,0.7273044553621835,0.009857895315948162,-3.5794309565311604,0.5472325036653685,5.692446066978347,5.154614950816642,2.399275027412475,4.416350728612405,3.177134982089571,-1.7155681940843437,-1.645909209091445,-1.7913168329831792,-0.24241761567856884,0.15233873733078745,2.021603834913754,-1.1296576230413546,4.699007108009184,-4.639570546642281,-0.5758118861143333,3.056017718941058
2012-09-30,-1.7780818947480033,5.440174156281616,4.319258902951739,-0.7970039042448975,1.148151049351309,1.4455391383468459,-0.21876706608055413,7.337667128955826,4.220161531901401,3.6898334202891623,3.973409957065329,-2.9533382598853266,1.6769127215387007,8.034286260660487,0.42669353099372015,-4.034561366439931,1.785157046285245,-2.466484168375556,-0.16472473172412566,0.631823970793582,0.19644084143049328,-0.11498504238277502,-0.13605424533590943,-0.34916711102124215,1.3185794687617327,-0.27106370578206423,-2.0672890639391954,0.009324483435607434,-2.1256654774531145,4.658725881808412,1.0724850216904454,3.0339575845028492,-1.2929356649782302,0.9877543699677955,4.038919665514261,3.3243459232977997,-2.070543697021374,0.7706711882219783,4.4808573350376815,-2.4230569759457556,1.622645015132235,6.233218723527693,-1.4730033116760342,-5.596634611958261,-0.008167098655320615,1.5029328436280647
2012-10-31,9.274799576330727,7.356009520674488,4.286060071400046,-0.351147836737408,1.6301107426077603,-6.545868411890693,2.740247404388453,0.006752801573482348,-1.172734256481325,-0.785582872871141,1.4385491543195474,-10.367666768578102,5.4203789236390145,2.6370209955247508,-4.198406717275831,2.816227070873265,7.1784493043993,1.3861815376673876,0.3996671662908019,0.137744213706798,-1.2495911010579799,0.007732439126855339,0.4992793211731378,0.8971296551731022,-0.20522506308176536,0.1645304453817238,0.9655002071689543,0.002692137121517779,2.8680610138248315,-2.145044748734296,6.1940411608521035,-1.86459090130742,3.6211153890248267,-0.13599669417577898,-3.833850872108504,-4.6234103700779485,-4.955693944248598,2.5878757838378093,3.8533993899423735,-4.296472025577252,0.6695435651103875,-3.506536639694086,-4.737683724562461,-0.3445517143379424,-9.10668491080437,-2.16164991661147
2012-11-30,-0.3589378896026174,4.311322843139878,0.5959548483043391,0.9082364211548486,-3.985578496964615,-3.003761846205098,0.08243868270740334,6.615879451297901,-0.930426174237466,2.435931890903351,3.2343203606340114,-1.4536892985311858,2.7179132809567603,-0.6160911792526693,3.6091309024059446,-3.7710189877050504,-3.9769567319483823,2.3085838765521536,-0.24353886961198096,-0.021124843020514483,1.690302528849552,-0.03571644319080475,-0.3983368575815389,-0.8226889653878109,2.4560148222044,-2.3619669487900197,-1.5999492476882355,0.01832941388342324,-5.331838886123453,-2.819618825400121,3.4927941251117764,-2.3968454152330363,2.963506717570414,-2.783464142050612,5.466327658018192,0.9957488896886966,-2.9002687892465238,3.3443666471380347,2.5292785978885055,4.656358608267566,2.9869913098394605,-2.2228236808491912,3.376282177568213,-2.224317646275903,5.3795396157651325,-5.098983150747246
2012-12-31,5.544660863281692,-4.474116624039774,6.231484528319554,-0.12722234716716635,-4.539024289767631,4.714898220797938,1.163790902990155,5.141821685389815,3.5537186088944814,-1.2391929158858555,-4.6523196846476385,-0.7131515341724779,1.5162588894054434,-0.860700868161687,4.046934977290328,-0.44139587862421287,-3.213920452623759,3.4912171128892124,0.7062164605508114,-0.5527760478468269,-0.2496519836079643,-0.19352052119679108,-0.40731800533199786,-0.10246777236820456,-2.5435025569928102,0.07722636204517935,0.16294214199089951,-0.006432833876403976,3.2768636804164024,5.22453618532815,-2.8365432166706204,-0.053636843464980266,-0.138512478329817,2.375393771372931,0.0634016539689643,-2.073103279128384,-2.1396969338178304,-1.0274220269342462,-0.400848186212128,0.9713667970057465,-0.4516499036979979,1.1864184641207527,4.686823514445633,-0.8782900410838816,0.15854746728181196,1.390917437372202
2013-01-31,-2.502235538146623,0.16965504527385267,-0.8854865811297763,-2.1228762307871936,-1.5236347261238745,3.268007953487442,-0.4965319713393183,-1.4695008633988518,-6.863201358694077,4.565619727439645,2.0174750309785106,2.709766453761323,0.9293775686581074,-0.6942239649982944,5.768907200461933,-1.0009797881446338,0.7853173239101718,-0.6231540302695817,0.23112067017703558,-0.1164979090185499,-0.3698693963512417,-0.048574992389995686,-0.07650875569586457,-0.29301774971865435,1.6470398568246238,1.6447558817686363,2.2553809537414136,0.019964222450394864,7.511410961809389,1.6663373150142182,-1.0237583145872935,3.053256393800561,3.9173516039825067,-0.6688628245453341,-1.6607708331552384,2.477519781169148,1.8689287691139052,-2.764287680823299,-2.043081257069501,1.2482712397976419,-0.49043725773470653,-4.732859943810043,5.695700950745761,-1.3858154555369857,0.9181904036198316,0.8397012195668994
2013-02-28,4.592933069521105,6.615306495443384,-0.5839026513639876,2.190233421133899,2.0871843908847243,0.5018107512547072,2.649338311913774,-0.8444167680991421,5.07373764357433,-4.921983234753031,-4.44797394624719,5.272736515774098,-1.881715934032975,-4.694086209528513,2.8325239486797065,-0.9327873641199711,-4.45696745658465,3.3383935164059917,0.20174200782416013,-0.1543155033816605,1.9880614413334985,0.06042022424130744,-0.47529607970828625,0.06654742344350928,-0.2332379505015078,-1.5604596019965937,-3.3786100051420886,-0.01527841350008069,0.7711111671613748,0.1256835370333842,1.681542359941764,7.684383622595844,2.9846611802846827,-3.2174226907370977,0.2859862775778043,-1.85507610019187,5.1211230501832326,2.917456449288257,-1.2189573172993997,-3.206310978961922,0.7542237036005346,4.770476785767647,-2.5548322242525745,-3.186827745304579,-5.5475767788847445,-0.3189414609230547
2013-03-31,5.623585843922138,-1.9950310053657485,-8.478872539740072,0.16517339676421167,-2.042557888770361,-2.047076101434603,-0.11018080607779912,0.867586881164053,6.73702034157503,-4.265532816114382,-0.9151916318341105,2.213319427921485,1.5341605310714759,5.58081744432659,-1.1647489870370733,-0.6750669115682493,7.135409144315477,-7.311918857991955,0.2055042886534777,1.1057059433167018,-0.8828982680134314,-0.1538970540494771,0.13108776340693912,-0.35652940692954194,0.3295076343925324,-0.30653830812334315,0.6317041033588391,0.014121967022375503,-0.440584667798252,5.438772835928191,0.832906940553447,-0.9797935856656859,-0.14931352489357957,-1.4841025740322846,1.529231080035245,-0.48969189981270567,-1.9478309007563912,0.6000684425633345,-3.742314904538193,-4.137294872595954,4.094716183968919,-0.21529307831248212,-4.150830665018155,-3.6127944201115767,2.210020749719199,3.7383763216042247
2013-04-30,1.6535058046867523,-2.234066280082338,-3.03838181958397,-2.935751368289865,-0.5174999152178086,7.989048099509584,0.035548086597169126,-8.740543711707408,2.5538016525678406,5.906273777938853,-5.526886860658058,-0.7268379681870178,2.4386698740670854,3.0115506462893427,0.3649742331156583,1.182114274761932,-1.5559361244320875,-5.504024867962131,0.045465155929095336,0.014844833670116853,0.9280717793064543,-0.16687347357088103,-0.09855976185951434,-0.4023590816415071,0.1270913573526649,0.5735398883588272,0.3432429351371899,-0.017479526868135253,-5.753052921095182,4.181543395945744,7.690181772893495,-0.019382509591468478,1.4040941556354016,-2.3747567925292543,-2.8031066927223423,1.2054387401859443,1.5874651891620923,-0.7132350272602836,-1.4950269286043518,0.7195812483858093,1.916167858999841,1.9724020469164791,0.801781264770453,-0.5021180466235629,4.4619057623563325,1.6300302484102795
2013-05-31,-0.12764283993395376,-0.86772928189593,3.4238139811493133,1.5449762807343679,-3.49301811079692,8.546226046564696,-0.1411088016167259,-4.226994377855181,0.5358867239188516,-1.5056051723559993,0.5184906746775765,1.5384287191004318,-4.435132289815228,-1.5253225545933478,-3.684992639438234,0.5882822140821621,3.021058795917394,0.6476243930912354,0.319799363679358,-0.24319513246944735,-1.7848336172240606,-0.018474508618992525,-0.05495866368264263,-1.4427048654389187,-0.68418933785547,0.387150332789313,-0.37847290210007584,0.002253467356768124,0.4757238375862679,-2.652462825332581,2.06091100473896,1.4064722395089926,-2.284566563576639,1.191811781842742,2.458744268607434,-1.7596317688037115,0.9735276966134699,-2.4983205903319843,-3.967416696291225,2.473043540879855,2.1122013604789998,1.1006243764076706,0.9135277812068038,4.493887007302053,-5.462612469209181,-1.5451488474289454
2013-06-30,1.3307814451938187,-1.9945061527057204,-4.198224729260387,4.217332058096207,1.5685380235360753,2.7273513266629243,-3.3280092442628475,4.345062962458046,-0.6211172486213774,-2.2224034602279708,-1.7672571579995568,4.778092614051308,1.4585196526770017,2.988850066642698,1.7035721953033722,-4.4126154430048095,0.5761148770992253,0.11457350867355681,-0.21103082796264222,0.4710316509940376,2.46758909594034,0.014256094459563273,-0.7626980664519193,0.9877885713242363,0.2453881543298045,4.422735902733974,-2.4658033197265055,-0.014702808174284265,-1.4450457113152666,0.41634085271083904,-1.1778831691162377,-0.10874783078190242,0.07808616172564814,0.6323606593961453,7.4762996060114935,0.3194357082702663,1.6702111404731095,4.307490837107474,4.654006158990254,-4.652837800432217,-3.3569498396850275,1.9801265759697049,-0.3454363281875324,-0.3084717390127025,2.45334410604704,-1.7004561495889374
2013-07-31,-0.8575677811856759,0.44605307383132276,3.1822928947442284,-1.2798093540655477,5.438570610725729,0.9598557282068148,3.2743943231764057,2.3129339724711775,1.7526964555091598,-0.6062837200408465,0.09455009567556033,1.9501107716643442,-1.597063882759273,-3.991363103975372,-1.1234233545853358,2.9673848540653687,3.7949934831846255,-3.675110549032034,0.2066644192125271,0.36355030729906024,-3.1946258459551666,-0.05104271152335749,0.7965552710438744,-0.13065958948881962,-1.86014601770639,-3.6590404435146002,1.7601016354142656,0.020199828867144554,10.154863605013519,1.2931174192326216,-1.8550491167808933,4.513466133108836,-8.421811169032422,-0.06273970618700209,0.22325914684698567,-1.3345220194154117,2.6817579347845246,0.3568639936917878,0.4663862237465275,5.362296424395321,4.484772933544546,-1.0182455069955902,-3.4349533813452027,1.1202652910179827,-0.4643176548633261,-3.7843026438219782
2013-08-31,2.8295140237167113,3.6338750720279935,-0.5812909767028409,-6.615749130079514,0.695735257165319,-0.29685990576195226,-4.1818221505597215,10.326410965093878,-1.2177819436942752,-1.3174932729093252,1.1600629566505356,4.118320297479558,3.250821761913477,0.672552694567232,1.9196628000381237,1.595157614458017,-2.8950927404999187,2.7939952392194662,-0.017266565224171526,0.6269705372628505,3.263135891922427,-0.019892466508572237,-0.13440508658932238,0.12360811081572437,0.17361202830288497,-0.19997460681312823,-0.8848476038718558,-0.022404215315362408,1.3675752688043108,0.7151165429568753,2.9095228409957246,-9.400236114291644,2.874070802533101,0.7925253442471751,0.66824875888356,3.5622655761807795,2.8410698462379385,7.502201802404623,-4.1113264679959505,-5.692621207290716,-3.464184503365357,3.7978094479499127,3.629383003822382,3.8330843101102277,-0.9803853116183321,-2.9289067455467963
2013-09-30,-2.9583095026027424,2.2755312076328167,4.4881634241502635,2.4178044236199048,-2.912396070866358,1.4081923913002767,2.63177847584479,0.9132603528468116,-3.903010322817873,2.3179571655050943,1.4909313110596694,-2.0675916102549006,-3.4860993280998325,-0.91051319154258,1.1670923384494976,3.1107126071411493,-2.5712051197238837,3.240786284208021,0.21506683445253583,0.5671706081271638,0.9509301781101799,-0.011594256690989013,0.09916307159689725,-0.1057515901223231,2.5230922057726355,0.20594131419655626,0.548138094123268,-0.0017853788119220337,9.97794790615731,-3.57021444281332,2.0737400638124157,-2.203414829306498,1.226066226628018,-3.535377577712699,-2.93825346006988,0.4108286097780992,6.099476525603374,-0.6185913063246182,5.011503300730205,1.1763774510973373,-0.22329992740885185,-2.017831374313181,-0.4193682198008488,-3.723424818231176,-4.098518891760398,-0.8019396706551458
2013-10-31,5.231435229886838,0.6615047949056059,-1.8360384799456169,-1.1764409295225438,-3.232910613003318,-0.8446080400926081,-1.1964237575912227,2.0506534905255815,-3.4279797499600684,0.7272774307614159,-5.2023471136170665,1.673253256679685,-3.464973812287385,5.947672449597097,3.9487593017456066,1.1712973599649321,-0.6143364971146638,-4.698326605452261,-0.3035656472738152,0.4787497810253255,-1.5337140228643458,-0.035117423498398914,0.4045258319772602,1.2821045325378604,0.2737548343043459,-1.5411319795697156,2.308181292745382,0.012446988329401776,-5.776542181174026,-3.9266769165264277,6.085910743937018,-0.6154531992362297,-5.0043969464683595,-5.188099050395884,-4.707340347707865,-3.756918799063375,3.758066512294239,-0.33726503932937746,4.153514871494029,-4.643915902383932,-4.19028395904673,-2.324339500315809,-1.873508888193177,-0.5270807161487608,-2.9014027748590574,2.135485673708072
2013-11-30,3.546596895968232,0.16145756301025965,0.24683589030855024,1.116066835827454,-2.520614492727294,0.6592211544212158,1.7581879456846576,-0.18368539223188624,-7.447563523023426,-4.957656947193752,1.8432572696537677,6.855077654290086,-2.8154634070549207,6.951445546834523,6.328882961573727,6.122214595057157,-2.4715067668296604,-0.37187091293952435,0.3372275022610749,0.4122823764134109,2.260150519549867,0.12443938449012742,0.4299978275311316,-0.0077108206685811975,-0.8328016978448065,0.2123529957738557,-3.9976384060578276,0.02025393831852812,4.354481221971978,-0.8283482533669542,1.4974601874470714,1.574859389658506,-3.1518385848591373,5.490532572789637,2.6145224353832925,-0.6330893308907409,1.5110782688817788,1.9617265590896538,-2.940631777554336,3.5559778587923465,-2.1527353721570486,2.3154352058152745,0.8354077341139217,2.39459966389121,-1.4671602447325918,0.819586340747231
2013-12-31,-1.4190757638170215,-3.0539532440131505,-11.367614431621487,-1.6324538102796478,2.7180634560098262,6.19549784952649,4.005825689947601,0.10669414618109674,-2.315981297459045,-3.5347736025058607,-2.471219535345281,2.4162223841204105,-7.171191916637149,4.4104461817165586,-0.42593615754884495,-5.873444948770253,-2.1626195636241103,-1.5479921128248526,0.35580615046105857,0.07642722402271351,1.095508767181521,0.019438580710666287,0.09323674494037659,1.8448417402452506,2.0439235928535227,3.583290685804167,4.9800089818012285,0.004502571941714495,1.3414070556716198,1.0101759233391343,0.8681921353658053,1.4303365099438354,-0.5839975700995359,-0.12313466198236359,2.875223547032349,-6.9101674846845835,-1.5825106937390296,-0.013694551752046591,4.754668124813033,-0.18972880422662988,2.051773583223189,2.721243594442369,-3.9736127768476632,0.3483690817896896,0.3695912149487284,4.080741413368736
2014-01-31,-2.5840722362893995,-4.54695965255717,-1.9860970438040706,-0.7887797547421699,3.151167653134145,-2.6128450638953837,4.061612920786427,0.3585674423779779,-0.7940667718193564,3.669079026481433,5.322903596016283,4.658075731716451,-6.889166439112747,-0.7133855067588722,-0.5791090179307118,2.2728029341816343,-3.145320925155669,-2.6545608001080727,0.48255587672626843,1.5126487032984728,1.3654827660163944,0.10293767629542594,0.8119564537780096,1.2856301862486044,0.35284850088389874,2.6008296146368868,-1.4897919329833411,-0.024114388688890542,-0.1601355573358879,-0.5729829560645805,-0.6517256308715571,2.2998188248499853,7.759911925555971,0.019399503990544742,1.350812746026187,5.8237464473876,-1.8811348483530264,-0.8051852289493162,2.75058898021421,-2.259428418501039,0.5748873919205635,6.8131447310590865,-0.01755146048467232,-1.6345333075526085,2.158666666474505,-0.3620014191615319
2014-02-28,3.044198470407405,-2.0516006501221944,0.8032866806816938,2.4231970538893846,-2.10682022537551,-0.6331070526573854,-2.344269502130028,-3.376706796616226,2.003839118157244,6.250654455912273,-5.444927192976503,0.4254824342733865,-1.983642277808068,-5.9192286003129215,0.3473188313238622,-2.3507419013298056,2.226003658025288,3.359560908303859,0.27066062217759446,0.3899670644736244,0.6224693239076031,0.12551008083434423,0.6556327099888519,0.9721947418228121,1.6449309024581515,0.3775564610662381,1.3423226486851492,-0.02184918596282681,3.0860457063369813,9.406079542905212,2.210956192925396,1.2934245969175107,-1.640582541106742,-2.490690251494626,-4.042670681536316,-1.2468814095081715,-1.5852831861101928,-3.973737342000537,-1.9697602919075463,-2.416133597986552,-1.8730624224463155,-0.13865159821907924,-5.758450270868746,2.2163353462584237,0.9974652330451075,-4.15360215754109
2014-03-31,-4.989657548043917,1.262612949242229,-2.6472438008104575,3.363901981838222,1.9090338246946192,-6.332470470713508,0.20929081847560882,-1.7483643693382522,1.9797742297185272,-3.671516841906922,-4.97819169429266,2.254756166264588,-0.41179057280861275,0.37335611912534766,-1.5686731660551265,1.0933865218801537,1.1887985883972858,-2.5665879563224006,-0.48980460448559254,1.043460894670019,-0.7983530733644226,0.15521922630853424,0.4323829805393405,1.6827596078026348,3.925666961613429,0.7364282035146452,0.0924133439050363,0.027150482744184967,-4.043694970408965,-0.18823535768272537,1.1479659024071185,1.7428294097969421,-3.661918046051605,2.5569141394116706,-1.9738543972381701,2.3766384255335913,-3.054042940482957,-2.0325662747160353,6.031004008297975,0.961633014709264,-1.9787817062074242,-1.3795691454474786,-0.40286612402326466,1.4107957089512113,-2.11070122343018,-2.2439336725646406
2014-04-30,4.576528572019887,-3.5810097539051453,0.16034815629954524,-1.6251104945373092,-1.0473412035385494,-2.309147054076724,2.594844464295591,2.4663201720373475,-5.053136304931247,-1.011836708308481,2.173552634334737,-6.020929870072697,6.292002892680617,-0.005209967072849486,-3.486577910277471,5.332625419681601,2.219376541364852,-4.690182198133465,-0.3980783106814746,0.2961287963554958,1.3878759156525717,0.1733528884252561,1.6257869985384663,2.5011173495980707,-1.954320566728788,0.7207899920753744,3.4070734586672953,-0.004426108639114135,-0.543163514991428,0.8024055002232183,0.32603956959838953,1.3105316318611329,-1.1486864982192537,-0.2111088312976622,1.1997170965735484,4.504340776277558,-2.3695780797006667,-4.101140954827895,2.229875642538944,-1.4229267880883234,-0.8268733870464393,-0.2479661065737584,-0.5112782640371119,0.6815718194729034,-1.1616178661612075,-0.1465872505234997
2014-05-31,2.7720643259472153,-0.257506132307454,-5.438992130707521,1.4640055703465424,-2.9437615489307607,3.4210299453900292,4.834331405899199,3.7039118322236044,3.456200240953007,0.30397382461153155,-0.2933373825206061,0.7737056791852435,5.889125283297719,-1.7185130517166112,4.579267177442006,-3.426510546063133,-3.284320151030835,-1.492468966831795,0.4240782525077951,0.06911161831411872,2.9701507535395537,0.15142563297699052,0.6455778842460302,1.8479975009916025,3.89450927598927,1.2198535350290036,-0.763432363874113,0.005227470150029501,-4.11799439954668,0.7917799853784224,0.6593171582515779,-0.4473067170482101,4.131875918200958,-3.790966564738147,4.614726085101936,3.661388259140897,4.6084592482348015,-1.0353585782326769,0.5312202390531601,-1.300567287095318,-1.7472769775028747,-1.172953112656252,0.08291874719655129,-1.1688564297542507,3.0742951948523523,-3.004569855235621
2014-06-30,-1.5265194683305658,-3.974881973416062,-4.925495478777984,-1.7649389235200172,0.46147471893552683,0.2597754329703186,1.1117835768276902,2.503408112758483,-1.0979791685971496,-2.441686589044306,2.284657193932012,1.948668813959708,-0.7463214142623775,4.145166792779849,6.4051121354683085,-3.094098174178001,1.4367251327425525,5.175455511440739,-0.04773220392654734,1.0744681027853817,-0.67089525039853,0.25555548863122723,0.9097440347368184,2.2342274771879898,1.848218029402035,2.808071363968075,0.9374122412507113,0.003900300432809839,6.4322765083115705,-9.790009686125204,5.2987097462974395,1.7365179576807637,1.6369417924620013,0.42890734341672077,1.3993203348983894,-2.714467302225528,3.910534115047433,1.2557067985795074,-1.5487576198671413,-1.3783140331245392,2.6033040569378927,3.8012842344908613,-0.6958871929085809,-4.931163927857929,-0.6738682679547637,-0.5403436085914606
2014-07-31,5.653681430183516,-0.17234410309978157,3.119397683430602,1.083121152801829,0.5992240082687708,2.889059100700867,3.505656666624663,3.944744885201732,2.3634149919217315,1.3429382053606438,3.356170474549532,-4.598474771738498,8.787190201640156,-8.770065431543665,3.150139290679996,-3.3302145550441247,1.0313718477439577,3.4369975971522284,0.2346615967256135,0.12236055301745066,4.432641679007776,0.2783422770223609,1.6294372276215874,2.1699865563581198,1.9478792711851145,2.739515168966603,2.9723812661753244,0.010237964788796405,-1.186044272900396,-1.513632375860694,4.944924589026186,-1.441373604422412,-0.2967054573562534,1.1052869872528326,-0.5364923012018695,-4.309464615815925,1.2184523304865695,1.7179213463777308,-1.1500489597038992,-5.072843109353387,2.4304076750376904,-2.2292512271226177,1.9675811306002762,-1.2783714285783232,0.15573672114065432,-1.653957020526945
2014-08-31,-4.140946758049871,1.56777061832818,10.461834826989778,-1.066908326105235,0.8262838142729103,-5.7514691156814095,-0.1767851083355425,-1.2393469106427224,-1.5866308956845288,3.671017852796299,2.9849177755832734,0.15105197152257882,-1.0774392060795392,1.8670941553019618,-1.3001690563059607,0.5388394338054854,3.288267418827248,8.334042735005932,0.08897008842427612,1.2246916853808387,-1.3758285000076826,0.12036350896271703,1.2115656014176603,1.9592685719904979,-1.9961086615908727,0.9379318234758283,2.3182111716803067,-0.021879225568928046,-2.307675255609302,-2.854349220972991,-4.404907155054914,-1.1074802020851875,2.3794370159506317,-1.8681615798815454,-2.3392482333769355,4.1034059886540515,4.430285378391604,2.7696787833187746,2.778881290888458,-1.6369484835248505,0.0318114795872228,1.1531316190556424,-5.160782056821372,-0.9144727934383412,-1.0328148656902458,-1.6967541574282403
2014-09-30,-1.0436099015800038,-4.9817346271129255,-1.6853833247378405,-5.9843327571641,3.291501607006171,-3.1327108285773466,-3.488682838041637,3.1107522197712854,-1.3908319200177608,-1.1111697883175766,-2.032966904299387,2.8598109851152653,1.927099669309791,1.3128399908246204,-0.8614567225803645,1.0059131666149248,3.950461353412215,-0.943454367123447,0.4307747689107091,0.8823567794022449,1.7595532059128765,0.3839621208397752,-0.04364319916665799,0.9105384665935305,3.492196707954583,1.6156068536492614,0.25297136925909053,-0.02022534011240329,1.2933037238788039,-3.0596520619812537,1.4294192193643456,-3.0459296809448793,-4.3055335386876505,4.542838655382007,1.4545919662907663,-2.9736556960318694,-1.2983708499852165,-2.55842766328883,-6.630741797121845,0.30019195198622356,1.0156095315472473,3.073814035190667,3.898412363297907,-0.8096408057754055,-1.2783756122885508,3.276071704999561
2014-10-31,-3.012496708306143,-3.9202761809473383,-0.07282737835245409,2.7978112021572357,1.9117543534032733,0.4591512734118953,2.532295658378162,-2.771317394710535,0.9122090220753339,-0.37282395111632594,1.359291581108938,-2.9863669038072946,-4.668397216855556,-1.1852782312133041,4.052451922223724,-1.9787046018234036,-1.3539881231002229,-2.369504130945698,0.005110605945998575,0.06558108121784403,0.6968311298968483,0.22647956612176653,1.1909151256624524,2.814639242317922,0.6063171888272524,0.3190901868855668,4.816692347305615,7.831404072769499e-05,4.51494791026288,-3.5166407403283393,-1.759872315120247,-2.2421971734505264,4.831449957900198,1.9151980851741708,5.4582924872841785,-0.6083796618826028,-0.8665132955491336,2.249019389011257,-5.014299519834232,4.747565372395441,5.21202694183813,-1.8406113626320582,-0.9841782701693865,5.6931464859489385,-0.2590412903747151,2.415365187744997
2014-11-30,-2.708079511721567,-4.5779946044990725,-0.7111030164568581,0.7585780738446524,-1.5282766093112832,4.497986016997924,-0.24271926151813183,-4.00894951733707,3.955976679302286,-7.0596850010613865,-0.9125708110808635,-4.8217739396742125,2.125262003552895,-1.2935187818708467,-4.709686231276453,-2.1132678670579903,-2.210421151365619,1.4172658641411207,-0.01314863330801247,-0.005332267385437517,1.0223985069008468,0.050797628704957104,0.7972476369321804,2.230516796323851,1.0826485264277195,2.0511220747133447,1.2164560172132213,-0.002116678977654246,4.134219078677518,-4.4781724064506,-0.3635978559301387,-1.3333746643647981,2.380069892252646,-0.20931381938543264,1.507230149378377,-1.484065070111027,-1.0419800101444228,-4.011526783584057,-2.701999708321664,0.9896490796606359,-4.882288848456958,0.11053020805377067,-0.9640716822861155,-1.072992403478694,-1.3590785142399926,-3.184209795709806
2014-12-31,4.018498289957856,-0.8439995822836994,2.6223230055621936,2.8245475910645754,2.0064723629364956,4.771388971618742,-10.167452029783222,-2.613219259681445,3.48173678980673,7.685250844020583,-1.0302596951605814,1.6560439197806884,-3.4357797241731083,2.7615360661813444,10.49273991030691,-5.860087192702624,1.8321787877483873,3.6883155433558215,-0.5581658924840287,-0.2881895801221983,2.173417674930394,0.22062924021427444,0.7717733250504911,1.1527502275845993,4.572422107014295,2.140279154537049,0.5991315740059293,0.004280589523838585,-1.185336173787541,5.4674716236551175,-1.2613769541550188,3.317117317764168,-0.24678980416316243,0.4442924342022274,-1.142094419040402,2.3123494371753552,-3.6220606752707716,3.609776638853484,-2.764986597720557,4.080336328401215,0.1290932387299853,-1.5751632147432966,0.7927823132805973,-1.9619279729280148,-0.3719338873966387,3.428878206208264
2015-01-31,6.813061107458489,4.3824343533635695,-2.2879512618937707,-2.6487633101846804,-2.7944400175322226,2.158067463390489,6.504853412109879,2.4764098519192093,-5.210952182273074,-0.12783688293553452,6.8610368766081224,3.1105824424326167,1.3069045667480232,4.140076291007385,-4.155308095895757,-0.34694102571863955,1.348271727195245,-3.620465361852592,-0.14995709087241282,0.9278534427850955,-0.7645040556464693,0.22733016688805852,0.49005478926385715,2.2227788453299056,0.11778276220082601,1.9364006729405476,0.5992345587624224,0.007102036156082264,-2.665621453320899,-0.9190059124213241,-5.631481055506381,0.6983071995647451,-0.19528217630050904,-0.9751426876387241,2.060389542288344,-5.56686549771836,1.3892436074436856,-4.52545809351676,0.2402108049224621,2.309499245237049,-0.5236587986867044,5.356039259510049,-4.196061557545865,1.3234396553634549,-1.6510694192604072,0.8742225250174895
2015-02-28,2.3417135956740647,3.019990755007966,2.2837311099082958,-4.8715154718091735,-6.416719136432141,-7.244762792477824,1.539035385942493,2.19753822011104,2.607521397329825,-1.465981869174077,3.1692010820304155,-1.7080550306409303,2.457585884234035,2.8974147474523266,-6.7131479322662155,-2.943889190231192,1.6970087056040084,-3.86025438247383,-0.3379867069378153,-0.27211316840040656,4.4300985332529415,0.18226741252752923,0.4102157666632308,0.6011053573559558,4.623546626159212,1.3478748077814322,-2.0115474151443036,0.035271898096375126,0.8105234180840855,-0.1455063306504133,-2.6897811523309465,0.20701164299343547,6.259843119733061,1.986651198304593,2.250552791749968,-2.600910163820181,4.10555326558672,4.775659860394337,-2.804451506265622,1.3552532551514627,1.6639780227356165,7.1945098341647995,-2.1270977452782613,0.3755868384475687,-6.073200717799782,1.382268099750508
2015-03-31,8.02895589985532,-4.539579358187642,0.3118673062479381,3.9358079077672903,1.4718621919848787,-3.0182798814572256,-3.8356121775939385,3.6091340258745923,3.3773821787533103,3.9300444725861077,2.192393094310072,-1.3979934183269311,-5.57260897992757,3.2728101153294467,7.100905601628721,-0.23453579389207022,3.301483140779236,-2.0603519489335547,-0.6666023647659707,1.0503012301657362,-3.5070235933059184,0.07364709730585836,0.766674037190474,2.1095159841336923,-4.1895368820057985,-0.31603986329723033,-0.7351952539575356,0.007574026590230237,3.6265175286315525,-1.0427958915670719,3.1354421507617776,-3.5530262497613583,0.200744402452143,-2.273737382775086,-3.968027995395575,0.47369973370992524,-6.028476431529975,-0.9129959327107775,-0.8580969165701069,-0.9392594199426272,-0.30171635764046423,0.5030208096956005,-0.49834540965781526,2.5101590151871447,-2.662536527551511,-0.5506680823562782
2015-04-30,-7.427575073798636,3.1208938349647695,-2.321178478246003,-2.026938928372486,2.4245455224243337,-1.3479085889385733,-1.9478511725395653,-0.3628066372059708,-2.476257297999185,2.1192989501051005,-1.3899814348977824,-3.549056825355118,-2.962435997476953,-2.9259911057796706,-0.37419210584195833,5.639237993851026,-2.4736274559848783,-7.436127692133055,0.12240427396308412,0.4665466415444634,5.819938118864932,0.13524098724263395,0.5880517527222298,-0.2946786339364491,5.94116092962239,-2.8540408110420863,3.8476616034117086,0.0011011332899310555,1.045450579088775,6.432984648961488,-1.5733390299622756,-0.3464682790965115,5.020161360459582,-2.2366930703303383,-0.6219594446323229,-0.16197572922521236,4.053153634106117,1.6454327970166343,-0.2946896991261107,0.9620689624301639,0.4493399729179948,-4.857533127659833,0.30435524570012257,-2.560886654135827,3.0724760689058574,1.8957240304299758
2015-05-31,0.8015391427816153,3.3025146074366645,-3.675573338410635,0.8243974145463258,1.34556239287625,-5.282729207614136,1.363811285084176,6.271872573595849,4.780630543679041,0.9382561584958621,-0.15722441810833676,4.629093823954475,1.994598815714871,4.625462730479316,-1.750158002343813,3.216880868717536,-8.189813748539198,2.1161185092749215,-0.33455609093843963,0.11061596312498556,-1.3681280929878952,0.14772959534696967,0.25317450720975593,0.7727400258108263,-2.671297834553572,3.055630125114926,0.19529374738055078,-0.035788011253109556,-5.521411802488777,-2.330204022531995,2.498294580438619,0.7218646994529269,0.2909929101017116,4.345362388565964,-2.520748162961208,-4.310420998046448,-3.7236352021550325,-1.0395281594692118,1.0293136942114876,3.519057446454623,-1.0252682499299874,-0.4946975988023522,2.7438226597076967,0.8763800372647313,-1.530174629499951,-0.9874207433973555
2015-06-30,-0.9404294289185913,0.009507891804865554,5.541673013735533,0.3069246555305922,2.2000834526638737,-0.665793606087096,4.92891903538902,-0.7564947069140558,1.4908338082365677,1.6783324425484438,2.6396887528641413,6.181650559420989,2.7079133242264244,-0.3803445541797682,3.8358256015048595,-4.931134557749425,0.21638960170947902,-0.4563606020440627,-0.6185728716063781,0.03452175057208473,-1.584572865616685,0.023993064576143225,-0.07535118169079288,0.31513334782466307,-0.5326978469054511,1.6005114824966917,-3.4840837931126045,-0.023012750591356004,-0.8333629245390357,-4.87014118145119,1.8261141013932805,-3.9201669604494263,-4.510222064626976,1.1515497835596549,1.0549880286810067,0.9322019791091565,-2.1304464924944986,1.5138155850195347,5.182644398002726,0.6991565770121331,-3.4873008112588724,2.506598545443746,-2.183932813983325,2.1432283965029852,1.3066213864917542,-4.85210774705676
2015-07-31,-4.992771658797873,1.1686136369374402,5.287689024023599,-3.052039576394043,-4.644287048242671,-2.3429067858872266,1.2888053592064592,6.76141477584218,1.1890336590894988,-1.0192674235365378,0.2923992382462453,-1.839125722636395,-1.7389477210218627,-7.553247955431239,0.7868373348048177,0.8732900046217937,0.35836668292752133,-0.26207180915555334,-0.3552870172462415,0.14639417457168497,2.157534624710782,-0.07644103244197697,-0.10350243630189263,-1.101050820342161,3.089064767506049,0.7945510927879103,2.718775304716615,0.018983847732938652,-3.2943249412230426,4.436078263654999,-1.0077304845898618,5.895481014588716,5.47173123562253,-0.03793050645562168,-1.1306421253938963,-2.1696960373606577,0.8228296164329356,-4.027599935192246,-5.417044072511498,1.0101981750078621,1.0164181664336964,3.677756728502934,-2.0147821874385046,1.4111849905806415,-1.945273015193462,-2.9800227550888065
2015-08-31,0.7128108234839885,-0.03399882053796732,-3.022111628645018,2.5000145859255247,-0.38957121998697797,-1.1957123186039307,3.0781867634911904,5.612678046577085,2.7128065668757575,2.133992753724734,5.186875397591139,4.906650755271493,-2.688230283296936,4.851877753170715,-2.088156186597849,0.1907130561151832,4.298058249889112,-0.32121067417131755,-0.0564863281225797,0.4324504970755255,-1.1630788685014855,0.09204576108297086,-0.2555853944933491,-0.6562466022173093,-1.2748744987975442,-1.4920849823842053,0.2638864359048286,-0.035387170142941515,5.539627525426415,-1.4443802576964355,3.1346733372539766,-1.2931920016733631,1.507310525926517,5.862571013462067,0.9684252639863392,5.180379869506013,-0.045403840160565756,0.48256093584552906,4.634274666362829,3.1852649805252207,1.411300850606612,2.0122428187178945,0.13675126798635306,0.4320242926903175,0.16783539854416224,4.937360399610229
2015-09-30,4.802585679826108,-3.770779955849225,8.582335162946176,2.3689081207204965,4.484137648016074,3.453878956189391,-2.4231680389393344,2.602373976074313,7.171923654960128,7.380645465968925,1.0313923635245639,1.1316572809611793,0.46220944780666334,2.8211941744343614,-0.646002584246872,3.9099590564981352,-1.2957286399321453,-5.199397665487874,0.6301919538470213,-0.06970986603240131,-0.1343444782531482,-0.08400002565956989,-0.3182856281953357,-0.8986995827953796,1.0354988471274538,4.917033352532909,-1.6274101221170039,0.002434073140415771,0.277795914461172,-1.3779924980325293,-0.5825161328123314,1.502925103145769,1.00771351348288,-3.622830745038327,3.4152903368029883,-0.7756871386440063,1.1441041665906968,0.7424891795823139,1.3360862118150119,4.0803446416985505,2.253212084739426,-0.7119692008579903,4.545419980307862,-5.82098278379357,0.4404833944879038,-1.5859205001709535
2015-10-31,-1.3921678601931917,-0.8676409225505486,2.286356324638121,0.11877500894799603,-1.2308481482022284,8.557102196718825,0.8028521047680812,-5.886291105526618,-0.4618280742360968,2.287057821873435,1.711174773450384,-3.306142759260501,2.01026848288115,1.4065293384207642,1.9889648202056047,0.7073309165400219,7.781198734699483,-2.8464814773127776,-0.5797044849233874,0.22725559846227855,0.4146468723786289,-0.08952957203846827,-0.15791991218334236,0.625995463055677,-2.2092203159860824,-4.347586744034363,-1.0129304257512513,0.026111586055761526,-1.35627887387412,-4.898281969039076,-1.2121367807355146,-2.741871681360463,-0.3146731917716277,2.322047452284269,-1.0486950327860716,3.945891452124579,0.13440333811100252,1.3805066759700884,6.792674874827316,0.034906721959774345,-0.1930308042311038,-0.31507995746260625,-1.402844077772222,-2.1436216272661426,4.266338549613689,-1.0217458053760362
2015-11-30,-1.9006433710727575,0.5723053164016955,0.4157274216605208,7.117925879735553,0.3195229152881802,6.072934835417129,-4.396418749846286,2.1365365263685914,0.5016382058897065,-1.5918528876873093,4.45142806988171,-0.5460621692800451,7.958282296537184,-1.051562048315984,2.536292039256673,11.961208878481834,-0.7696259532189506,-1.1064625899661658,0.033351510234602144,0.46182858772822966,-0.10111048929597713,0.024159891036587333,-0.7114445299658511,-1.3533413333936095,0.736892480216254,0.761743975173185,-0.7925838921214684,-0.012235646589772886,3.8021892708501253,4.477784946227807,-0.826373447115265,-0.9788031974505466,5.203934838747092,0.2164654450407456,2.652292122623853,0.9165870742630239,2.667297783417561,5.4176082173390085,1.1240079898541642,0.2344264378897365,6.798948918779686,-8.527529023546846,-1.5006252816102976,0.9783412257197565,0.18505129450426272,0.47149422913511363
2015-12-31,-0.05796892064895898,-2.689655910655918,0.9851394022185236,1.2135006393231185,-3.3683954320445304,0.471772989382405,2.81631268433813,1.7185945678859866,-0.8852779300137322,-2.3873107799411812,5.409452640635166,0.6099888490778159,3.365986974799325,-0.917190045967702,6.840966678238848,9.574055051095684,-1.9512273867765662,1.6630969656412748,-0.6724242039929089,-0.47029131432178395,-1.6901380659211827,-0.1681810765073225,0.1091627754240006,-0.641216937603067,1.2345014475409348,-0.29417183145276327,-2.107672081718786,-0.003319500305975248,3.856453616435675,1.580412778566357,2.4161655812316765,-0.3305865014398306,-3.6903102609497855,-1.893572426329534,-0.6185645791880316,-3.418837355624567,-3.3187232749888755,-2.5445792194594974,4.638804090635992,0.41426983773881254,9.419616541094257,0.21660847311333314,-1.5642447717689822,6.878436351347296,3.5958980867584938,-5.214021608735739
2016-01-31,1.7858056838186742,-2.5089134214729585,1.7058523482818024,-3.6138571472318515,1.9915590535653245,4.049965421318607,6.139469708474428,-1.0497206976084668,-4.817131916686711,-1.4355487420325626,9.099132391818266,-3.7139922032667707,1.3766171107454919,6.934636101744356,5.498732437500334,3.3080143927545147,0.21140954459189382,0.22658021881724294,-0.19311434824374435,0.04751740207696348,0.4618673554191461,-0.09010852463052291,-0.6939437457196036,-0.7659477080679942,-3.7803048444790486,-2.9446322800588334,0.587747506588187,0.005077564804929435,1.8629223492211542,-1.026522195616713,1.3582205184098484,4.018428197378369,2.1091101727600226,-0.8970693091252526,-1.0239242755118327,4.35168673112783,-2.184812670272952,0.21094262985202444,-5.672945401389418,2.5734137962134507,7.868006671334296,-0.0677269382713121,-2.9589975604343404,4.741540511682059,-7.112374032600139,-3.2737919945745646
2016-02-29,0.129286850351223,0.9218546144044909,-2.067605173342182,-3.072646501641661,-1.2867431807838514,3.12744306373675,0.2295701197000406,-2.491171042667176,2.1732147470806136,-0.15576536670686514,-2.5432093878610122,-0.18475237216850882,6.720875056473356,2.5887899028646473,0.14017021425282084,-6.413554174671605,-2.563953174183065,1.2614138582667693,-0.651017228424641,0.5874962378449452,1.7710694558830355,-0.02685663704373706,-0.3386193383528511,-0.7762786773985059,0.12135529323757288,-0.16059098720372836,0.8304897623282573,-0.00150113103526206,-6.075405104984407,2.740779686369966,-0.6133353814188913,-4.333880270995594,3.287824477609401,-0.05814722713737652,2.777583927711399,-0.790661361285893,-2.95701501014624,0.9105176715353201,-2.040692512778429,0.3498057675531031,1.8051544869310057,5.218194261244448,5.300336609238168,3.153232572876721,4.091833482782783,2.6924794403297954
2016-03-31,-4.80082517112516,5.363325475479375,7.1356166351607815,1.4225071412888424,0.9612567353074549,1.0802808673731028,1.2486653924696802,8.203423514354874,-1.043157803568603,2.620051960072631,2.3896327689097254,-1.5007370022834108,1.2304949894187422,2.9909297593314434,1.9053068489901688,-5.196135192386412,-7.59654528153918,-2.371739160009168,0.018452263333347374,-0.5892962721307559,-2.4055885914878137,-0.18687501184241773,-0.17250436586190912,-1.778676856882417,0.799017437328117,-0.2246356144928036,-2.0565428192343553,0.005181817214306189,4.021099400545998,2.0423812622746507,0.5964848142069995,1.815723650811015,1.4301848765722611,-1.5864171843495858,-0.019091885879757964,-6.446949520580038,-7.295822029852808,-2.9503950979233857,6.060319805778331,0.24139402894755224,-2.568314600633618,-3.667676685422721,-1.1618388537541542,8.470688568596072,2.396689971637299,1.1266823912266637
2016-04-30,1.2606138423987332,6.114377737116606,2.029960327808105,2.9547686160516298,1.1210214087347692,-2.6398649086159347,8.654110540616696,0.2665319461384633,-1.1967208090449701,6.949145624762291,-5.165552339388537,2.326498287938273,1.0085398424719698,-1.3834542147259714,-1.5359542371030843,-4.935701396107348,1.7014924867318786,6.60399877490743,0.043939840678048236,-0.6345227415565142,0.09270300829736294,0.0300075114592889,-0.40977965989149223,-0.9661813380082089,0.30149238435427894,-4.350269445564935,-0.14761572937830683,0.01196533304427913,-0.8281959464503106,-5.330081357166513,-1.5249182017250713,3.590180574952462,-2.973236543938256,2.891627841760144,-1.4707094486620065,-0.004446450436021099,2.1384618074912023,4.469977213835866,0.3209825699837314,-3.188019427435755,2.517132951301794,1.9435040842373283,-1.7219661795574095,-0.5298257464863914,2.809042175690701,-3.1858608530037156
2016-05-31,-2.010225060880651,-6.351976936482758,1.8444442309115672,-0.6900531289593993,-6.934985136271224,0.21194648486893483,1.4772654661922526,5.036734420036487,-0.2254573454980994,6.508411967296245,6.077238320955095,1.4953952115517328,6.4785631357109805,-4.915514632976647,-0.7381293132161842,1.2946004013741563,1.7804706771425545,-7.567087810292384,-0.011045381531573334,-0.4625685910462326,0.5325602344722581,-0.05794156253652097,-0.30848465961812555,-0.8673634481729638,-3.584697516538126,1.457289220373133,-2.2771694838532794,0.007997171320881596,5.4192371279108205,7.652633686479055,0.8184020298144018,4.143069061714495,-0.5102602141605546,-1.8011157220536023,1.139752041912621,-3.758545060447621,-3.5948002666227916,1.966298919572915,1.5408497763030542,3.368182036484973,-2.564725108161647,-1.1756373317573756,4.5148373084003515,-0.32156514387526036,5.309886362425748,6.757752847461664
2016-06-30,7.802365298950783,4.8963761837732065,5.054061578974669,2.3369201589894315,5.49896373918523,1.1316036863947758,0.4975751750705427,1.4283059776328688,4.061955956852602,-3.604526176564719,-0.8411754031179783,1.4407929845700669,-0.16523172970654662,-6.036221269831726,-2.4650745343252662,0.39819359689721445,0.5890522276132932,7.8207376679940745,-0.10110201712531816,-0.5903683536570089,-0.3039464295653648,-0.04039084400307577,-0.0728716524983111,-0.675834901316307,1.814897775825567,0.35942335443706086,-2.7516436571695455,-0.04130286962820193,-3.8957945231910136,-4.325733985515894,1.104025406356815,0.18594126293182314,-2.592427106897871,5.60289487839212,1.9737138212252967,-0.5348651875924956,1.281514081833775,-1.8863610640576367,0.26595669877814254,0.7769654057306987,-2.6525877256985364,4.5742683485586,2.2993815135262663,1.9178586775099733,-1.1644695589233354,-2.6455644738910413
2016-07-31,-0.6354757492621979,1.391236344982463,3.0449472517607403,3.3627034117576557,5.164216314059527,-3.0405607070764114,1.972136001047066,1.8281930850762353,-2.771177619207394,-5.735915163768349,-3.791220003119923,-4.725058406904962,-2.4232703864349303,1.3726240846755446,5.732312727498447,-5.011761591093239,3.35807103321185,1.95127270313294,0.5039206201052833,0.5615085914200042,0.8012941505305025,-0.07311117731364708,-0.39190500555746877,-0.40582030863404933,1.2125306752027272,-2.3726094195337217,0.19571996083834667,0.02275431133681982,-2.7029625154034167,-2.122345045751081,-2.2090315182094824,-0.8548340821554701,1.717139278543929,-1.8010147957441622,-1.1942008588052915,3.764418848217797,-1.5067180850169246,-1.8356453465422418,-1.9075433295005084,-1.7100407959744015,4.807661700460818,-2.1538709790224098,0.6891340246264941,2.027381720089662,1.5657942155534263,2.675047697328324
2016-08-31,2.399357715000922,-0.04009839762391826,0.5684656840981199,-3.1762934820773547,4.361849402040282,0.7833435861453006,5.588789164766161,2.5057947497610775,6.7458213519974874,3.543224108661487,1.695971485329873,4.01399340703445,-3.8674531054161734,-5.1038675786355805,2.816061405342381,3.727686945279342,-4.016293918838023,-1.7316336760463258,-0.6743825255264306,-0.8601859417022311,-0.017087071245042024,-0.03704622588378689,-0.1663052450405993,-0.07082945700965196,-0.8131924112591828,2.9719922811305057,-1.159146327749348,0.01654367253919234,0.9755347923560218,-3.9005023387141486,6.732629509766089,3.624137765577134,-3.5171138079630846,-5.387677889607017,1.9570375131139908,4.600946591475649,-6.032166177140086,4.922958217289539,3.9492340073890317,1.562363106338076,2.400032228518961,3.148979145628642,-1.2093218028642534,-4.135756999780583,-0.6234594202271451,4.3921378518682745
2016-09-30,-3.5926926684867175,-2.467610867515136,-2.7260904393302434,-3.2970858681089856,0.9469108930039297,5.065901477063651,0.08870882482024481,-2.0951293278354317,-2.44084836625868,2.8364223752390725,3.9739736134035137,5.639358471584156,-1.5679322322282252,6.9891514330752464,1.9568445120877296,-2.8971334685398693,-2.6738535792089864,-3.7519917858285643,-0.1983923901261536,0.18654574696120033,-0.6769407252528039,0.05594303716321766,0.6361129344087539,-0.10954920878217311,-1.3726373580737259,-1.8907477146359932,0.12832457922290605,-0.007023302696308409,6.9998204782469164,-1.2531136699024938,-3.2247323675936994,-1.3058434885670012,3.2522459795228174,2.2980184106951556,-2.5216866916221434,2.7598308085655536,3.1282104033270977,1.4103212915165233,1.9087204036594632,-0.5374943133963285,-1.6927011490223631,0.9294325982290758,6.9096816219627915,6.065821920924874,-3.087338744766452,-0.141947547615319
2016-10-31,-3.976707451568256,6.622264815453095,5.18310807571536,1.5254713864044398,-1.571193622979378,4.222243623491783,-0.8832612644897914,0.8389753969193635,5.25529952923266,1.0585987043496115,0.24352201432463041,3.0129080391533813,4.979035076066895,3.7738883979139213,-0.1565751411445143,-1.247078152930891,1.981305821531005,3.9121512907637985,-0.12529196421743446,-0.9148469485205769,0.18924893742980073,0.051558781180441965,-0.3038606373980304,0.2305166660045255,0.7449383942465191,1.2751362898567065,-2.033306050641405,0.018435347214819237,-4.99220798917114,1.6213960129072644,-0.009007017431096082,-5.427722410744509,-1.946681631642378,3.3952201058423137,-0.03415514639797965,4.250972327068612,1.2965072797309827,-0.13474206494967453,-0.6738795764736798,-2.8682367855910256,-2.637593878535688,2.1406735805509736,-4.0274903152077925,2.381678184181226,2.0531945105833396,4.662293741273289
2016-11-30,-0.054758979476359215,-0.2526317184789135,-1.6612481128517091,-4.294315791020462,3.292509532980113,0.7499257859301972,-2.6840198518907625,0.19827344208840955,0.33477458188195086,4.406721665429808,-10.36073724022555,4.1321502503756955,-0.7540187819163817,6.447397424395268,-2.22645362903629,5.472101874081167,-3.56497296163287,2.3595514325844094,0.4807271658779865,-0.029637733696336127,-0.9365777507393475,-0.10197870476340916,-0.06578896273252058,0.7573778997987372,-1.1657441812293063,1.243779024529478,5.961101804354497,-0.00994992598948996,-3.2937868595660635,0.00379127613538377,-7.401653526263401,1.7309926368409696,0.7108331075380332,6.117591452260111,3.2806367181995504,-2.151352459459075,-0.2621099803418563,1.3641437159491578,5.221525872080848,-3.0510292509852452,-2.2858787982620767,-6.909406506052843,0.11920451481719865,2.3208889922047997,-2.367126093257537,-0.1648381609620587
2016-12-31,-5.347001144868902,2.0549311634632326,1.4796771815078382,-2.1540336021996445,0.43504289326362033,3.856868247025595,0.6696131511775901,-2.301868747625331,0.2521419227803341,2.5847459291260395,-0.7784159000808378,7.58171977741912,0.3670750819938181,-0.7274132212989808,1.6253012924435675,3.520564867034769,2.8253131105273157,-4.0780677988574965,-0.12276810609207875,-0.0065259158445723775,1.4337783558777777,-0.01919704415595455,0.16843450855773193,-0.4100575207205095,1.1865867163063577,1.7220835969986419,-3.981802923477656,0.013050902161607814,2.037170741603148,1.7615334722399967,2.744087859675387,-1.1502338024365306,1.5381373425110374,-0.2536186370624769,2.2764345320668267,2.428317340294868,-1.8186621475914546,8.194235826214125,-2.8283564567347463,6.381356298699089,-1.848941815525354,0.2433384850596528,-3.8374086828196727,-2.8253534095501323,-5.921636772126414,-3.8038315717232765
2017-01-31,6.600618366953867,1.2529970098043797,-0.8992035361624935,-3.623961682810095,-2.6720355009915973,0.9498191540193045,4.173932495271936,-0.8021844290958496,5.118951461842821,-1.9908876079874123,2.473221148681357,-2.344947396507077,3.8492425490379523,1.657498439795448,-1.017602001234125,2.623068713177217,4.18285499133818,4.397226053112223,-0.3780774644875141,-0.4451676913353132,2.3312403393468446,0.059252599792722016,0.02238027643482471,0.2274393247538758,-1.7301366515940413,-1.5880998750399846,-3.1718067880305716,-0.007739474563084353,-4.584269965338451,0.982105486825866,-1.0606500944809982,2.13644212220931,-3.8060464479637837,4.983697241878181,-2.0450498705907574,7.5729162998833495,-1.4343168228271819,1.0475571551879983,2.589686835217272,-1.6424240249574509,-3.990995367562575,-7.119486565203426,3.988030689971895,6.002244667619988,-0.20601628927548588,-3.961913848745766
2017-02-28,-4.089507086125167,1.5980702452385023,5.373790000491523,2.7651585131587124,2.27782529992271,0.4738591820721824,-2.286942318836968,-0.6644590783718256,3.0714634517425004,8.755043200348592,1.029590536925804,1.8689773727989594,-2.7545409231923133,0.4004523922399202,2.186265960243489,-1.8160029622842666,-4.263205178974338,-0.2708760183725702,0.011394897233175494,0.01547468639208166,-1.0435972925409407,0.06897031386226138,-0.17960803403916953,0.6898945970497197,1.8694692754366273,2.0898130896802067,6.894135679722553,-0.011903796282658002,-0.43330523376071306,0.7151796393070486,2.188458889264926,-0.740273586870438,-1.692271881576093,-0.677419172994342,0.5161831869701563,-1.0274379106293254,3.3061636594570185,-0.6641486736274349,-1.4885341702617647,7.890985550817423,-3.234898959093288,3.291990304896935,0.7610104308761079,-1.145556789753348,4.050173354656018,-3.996954852222474
2017-03-31,0.9812853011782451,6.581633793572094,0.13534102346759178,5.367691524631736,4.1538917103439505,1.872730204537847,-1.0568473380123034,-1.8320897399026659,-1.1712785204700902,1.8724420943371214,-2.7153069831351586,-3.574759942848674,-3.4455245957482723,1.0389840676529556,1.9264562553426503,-9.21618238360427,1.4660860431420562,1.7009208435220424,0.4241210481240808,-0.10149032298194646,0.5337721517864977,0.0651782705525302,0.2559588826119237,-0.7703515246171714,-0.5421537794783707,-2.1864478624929373,-0.4645531466936621,0.009889810618065376,1.9722618368947884,1.7722487402442018,0.27191105159444773,-4.321208579685294,6.551554725069692,0.06917426830647219,-1.1966628818981848,-1.4333903217068913,4.38563119339122,-2.9962098409872904,-1.847143987062074,0.9162083463459073,2.0907080416973396,0.5969547354323778,0.5874553591445474,-3.0187947872398815,-1.908387304397314,6.6833464702075736
2017-04-30,0.149457499734154,-0.9375002592122597,2.682793637819389,2.9995559459815357,-7.056132444141165,1.0604078469961482,-0.5375800267064301,-2.9476642367161188,-6.403947886798107,-1.5291624599019293,2.029499430387397,-0.8702921304052815,-1.2362517430206266,-1.4190649636647725,0.4556911892222381,2.1510352275828533,-3.61357951450035,-0.7493635228684554,-0.264499041972818,-0.6604686833453024,-1.9457882872531866,-0.07250133775425915,0.22292012511133935,0.3272408072525465,0.1538261293770306,0.21362734254283378,-3.4454116325065423,0.03330817430089597,-0.10013935255428352,0.8242864206923324,2.1728094057216394,2.2490737844386257,3.0622244487809267,-2.4924482207135563,-1.459644813898302,0.32218868100211456,1.7868294760632502,4.286138097044408,2.0503922757058275,-0.3200506093634246,0.2856615564996529,2.1030258221039095,0.9353071592991626,0.43024168438620863,3.986982585029052,-0.25453268670529233
2017-05-31,-0.3537724058093824,1.2028019610799934,-1.3194418803141974,-5.667847674357509,3.660088967891363,3.2276236573178303,8.501712126231672,-2.5153232124448426,7.471140189803697,2.2817147923573553,-1.6844441542458548,2.4181388043821834,4.548876217701625,0.2746340587210378,-2.339561290309373,-6.191426719595132,4.567392024147217,0.7317307709228124,0.8892400767230558,0.4126624975409866,4.094995873804092,0.06258654752405224,0.4318686842660745,0.48780552246044484,2.69861024812624,-0.9781723341134382,1.339500338171975,0.02250927596036026,-1.616030859027954,3.614609740859907,-3.306640800234099,1.6283943010293798,-6.601557965630908,-2.6039696856997043,-1.4649742939617436,0.040890085988766645,2.588926830773642,-1.6705727136807997,2.3511379882307866,-0.10953434780188853,4.7171651993146995,6.0919965015605735,3.588080508601655,-0.695418357224165,2.913095714926762,1.8020224246392909
2017-06-30,-3.272531795217502,0.7502789596515882,4.459043879636027,-0.814387630713681,3.5063702561244137,2.1746710665726927,1.564873618873143,0.8774411616668785,7.453430989366588,-0.20838421733839424,1.9727424649996155,-1.8511437173720062,-2.254982002533538,7.066349934039715,-1.1899597729380196,-3.573446430198049,2.452372459798395,0.8124324745994627,-0.2342504263635013,-0.3645923131193594,-1.2765599940048467,-0.13737045094217515,-0.39398388813419505,0.1423145907865036,0.481574580150215,2.0994968756576315,-5.017509633668737,-0.015011679968032349,4.946655376230675,4.035488342435476,0.13236254589422453,1.4756333408051692,-1.2174464882713345,1.0795383815466493,-1.2158889455380544,1.4670622198753778,2.8962907374138958,0.6214003498803478,-3.286940192036393,0.42458781183259203,1.793992293621407,-2.6802570673378665,-0.4518078698869062,0.2872977429863321,2.680155934928484,-1.225683634292158
2017-07-31,5.688659384943735,0.2973321087799734,-1.4527571017814596,-0.13847485632071602,6.5824398747833355,-7.359581775639325,-0.14112738408900952,-0.5177094089387954,6.400672001402123,-2.6994433234156836,7.89492682300631,-0.7548710534493599,-0.6534698369176577,-1.2421515585888248,3.0525400340144224,-0.38304792801247345,-1.62877610926096,-0.7450527907712234,-0.1386725471759385,-0.00040890258474182706,-0.5091824111313817,0.0278287145183109,0.4809873310223043,-0.45481552201430353,-0.47685993622327183,-0.3903828736006655,4.620370092561628,0.0017576630808160965,-3.8021663313969114,4.243379519160016,5.7968075639098195,-5.958147030505333,8.610885113563304,0.8438400162428195,2.298580868771142,-1.321459097424056,-7.804661817035867,0.47382397720654,4.452289377565497,2.2705403076558874,1.8315321871777623,-2.7304487775861603,-0.011966740029920736,-1.6521181577842086,-3.8450635456999573,-3.7296952271678836
2017-08-31,4.937696579385853,-4.048008749187722,0.07812831713944163,0.0008962567310622505,5.258855346149451,3.5452805974969563,2.0937050990031074,-2.3181220760249954,-3.927460038360983,1.6772798649093943,-0.6165770370294827,-0.34475143653196244,4.808662423786644,0.49885578859206353,0.0008767409012704896,0.834825744272057,-4.149748369225695,-1.0810191922586991,-0.346630977894729,0.05521409379139536,-0.5729916130045679,-0.04427291067983835,-0.6264498986322053,-1.1037059130786364,0.5326799865672784,-0.7424354700442575,-1.6130230178321763,-0.007681324953826174,-3.91668220167618,-0.034934877136463705,4.92369463148868,3.002641308846223,-3.0577884783949636,-2.4235736089381206,7.290562730617289,-3.6150334227217775,-4.4563896972535275,-0.5162636369821083,0.6481153140334064,0.36429033267410743,-0.20184129719168403,-1.674190082669941,-2.0880514415581417,2.877679880097841,-0.08209979900366421,4.901211600098758
2017-09-30,-0.35523713784955635,3.8789446414929825,-4.75612990748074,4.3932134372118545,-0.24856618016731732,-3.2243086827031737,4.426014126203366,1.9286366344868178,1.3112878859940635,-0.8136955960238862,-1.1799225773855777,1.1139671083595633,3.004814133670953,3.4240255006426588,-1.8815545945154637,-2.46033113662872,-3.849190558712299,-7.690761670417919,-1.0627496544906476,-0.382681114842066,0.1883154989773059,-0.11463576941948517,0.0735615683495647,-1.3105707165639935,-1.4092326147827188,2.213565993758567,-0.2982106250901577,0.03130104920005525,-4.155716839921961,5.857712253010058,0.04501614434751747,-3.680230524045116,-1.6341663992769395,1.3965973659290536,3.8901372587956318,0.7953258719346928,3.054849504887821,4.733230871224222,4.470122936647275,-1.1495314608621423,1.421196759120968,2.5626901152584205,2.746095889393352,2.6138801994799628,5.707828354123783,-0.5517443044838639
2017-10-31,-0.3133772930111971,0.8304401597580668,-0.04501075555564643,4.853318024214616,-0.6529378625106603,-3.6234922621629653,2.760570953927973,-3.8955394191054546,3.204725050851623,-0.31827966576270655,-3.3333906298545544,2.3423393551495115,3.17246061476993,0.41541027923656487,1.9907566009819027,2.5270276922143085,0.46116743538706856,1.9513257936086035,0.4600082784637775,-0.12438113357568797,1.4623500705301986,-0.08170335608994259,-1.2406405440854855,0.8227802210076256,1.1135123355693797,-3.676860389695613,0.6583809592582819,-0.037337183294803095,3.76575173520874,-7.183022714329013,1.3216889985957314,0.6408824302791951,5.585261668828644,3.1941402897113305,6.465707470746483,-0.9470938440480023,4.570587945138487,-3.688664148639063,2.586019694572589,-1.5669553829973693,2.2968802021921233,1.3527924637622035,-5.758431819721021,1.2477237336087932,-7.883156672345485,4.919649149504961
2017-11-30,2.0454742958735834,2.6342974810180193,5.35785071917637,0.33916952961017033,-2.5355836533678993,1.7825463237438048,-0.7018936839158189,-4.655607162694624,-0.2565385495158091,2.112736371417668,2.6243984437174466,-1.6102440046667172,3.145481422949799,1.4439750911525076,5.047812742482528,-0.6071967408012692,5.905532103174741,-3.30862278464687,0.40744115672210934,-0.1423757859834406,-1.1621500286342956,-0.07904427012249435,-0.06072179634120545,-2.3386997707493133,-2.224576157864007,1.3296844243131638,-2.0819817579925455,0.001190050429570294,3.2002850527375877,-0.9799307905634222,-3.5933166191746055,0.7205226805512289,-2.8275068899626037,-1.0379689017151263,2.0406440844497222,0.09868405091270224,0.620995805140152,-0.3092041238029888,-0.9186619209489962,2.753170142223267,6.734567278122488,1.0724300521320218,-0.9996202875496959,-1.3481787671773044,-1.2728775159325556,-1.6868083750812128
2017-12-31,-0.05799695413830652,1.2221157251364945,-5.061042622700804,5.416683763101688,-1.1973123570329616,5.6934029505643435,1.4834695697689786,-3.5609497109397528,2.349625557346389,1.2195984823892747,0.7094275849974357,1.4888899588553808,0.013363570319113949,4.997877270759299,3.191373459509106,3.850763013709189,2.628959483228434,-0.8291930398515905,0.5960859589571196,-0.35844243608486737,0.7396152939640805,-0.26414614989197893,-0.125544715474879,-0.7477432401426988,-1.8039585244001932,1.09388842239701,-2.982679008461888,-0.011294484294955137,-3.536484609277691,2.7158495053978555,-2.434492475805086,3.267131312329162,4.13350917807221,-0.7749584124625024,-3.3350157256053836,0.7041421102612845,-4.1912291593307796,-6.31038916433785,1.7703897285180465,2.741684559692316,-3.166556018164518,-1.7979020456703139,3.548625905942561,4.134351339198594,-2.9584944323030524,5.431047357540305
2018-01-31,-6.7938270240591745,-8.461772814434168,2.0053919470042243,-0.11178341249149465,4.389953958326459,4.734078430781924,-0.6941348433451755,-2.259292470349,3.9354565182505836,-2.8467421008180414,-1.2640359986434189,-4.803075626460176,2.564726344791348,2.098007556546365,1.904276316235454,-4.407395791207255,1.8241770283170637,-1.2586906736982686,0.2669023391307454,0.46760328838873794,0.051218654476132885,0.01251597443493746,-1.0330196008878767,-0.6245996492532803,2.6534897858285267,-3.1450395348246123,3.4639784660726494,-0.020053121733150686,3.961961823732407,-3.385226266738259,-1.848749923801915,2.699506259033266,8.227956099172992,1.5311544729402624,-1.5108043465472294,0.28307386229482606,-2.047813487161128,2.371643037444029,-2.541148638441419,-2.3252342717587666,-2.955242801869792,6.049873236828399,-1.4636375569067,-4.330768012778329,-0.5198973345900715,-2.349896279468773
2018-02-28,-0.41806881434102827,-4.542047267373171,-0.68307727437825,1.2534529992404053,0.02277502866054576,0.26052757125808174,4.903175289199469,-2.164114732957334,0.6297775873389566,-6.327875328543333,3.026581453083631,-4.224370324119396,0.013440985013490059,8.026538136795258,2.0014083288641964,2.3055564164930353,-1.440163799340159,1.3174416986308315,-0.32251541211433915,-1.062291532456734,-3.1995264148883917,-0.21565746791637658,-0.6008025544250528,-1.9500740558393452,-1.6300057787392548,-2.245227740201336,-1.6794006485750204,-0.01878460261268905,-2.0183636080844707,2.004572151921913,4.285297626888301,0.022739646657198243,0.3430925706206695,0.1861751353172632,-4.8501100040063285,-0.18053855736389474,-0.5729283820241167,-2.1112083742213827,-1.9495238398753911,-3.2226922483026352,6.937030973856517,1.9656242188536095,-3.788941319062429,1.8044689749444962,2.2998100576032456,1.677375475225988
2018-03-31,-0.07177486413761347,2.5841010565464617,-2.3735520096174603,1.8672535876634906,6.797723642758481,2.328569257264552,-1.0767594831107627,-2.7459007512340734,-0.7231099825975122,1.578167272441171,2.8245160504473517,1.6133147559455159,-3.030020449390579,-3.565052924457291,4.8374357300807596,-1.5815356097933437,0.14258340105061473,0.9712040546037581,0.1795608378422462,-0.7898529490535102,-0.2427390209853421,-0.21461248394310167,-0.6660612113076633,-1.8704956706135762,-0.20394895716753092,-0.3714066585448361,-4.010046834057429,0.012494246252356067,3.9155363657870814,-2.791953594941545,2.0792110099296566,0.22602853222454167,1.4774520882707352,4.142201177004466,-0.4995114043102231,2.136841549863941,3.168112728938918,0.5887838170435218,2.0774167407019806,-1.4056074238035736,3.305478059189575,3.3740011213360828,3.019424099819857,-0.759428275162505,0.42183252363489077,-2.7302795234082646
2018-04-30,2.4953675106122075,1.1084261783627332,1.2459044709144316,-3.168826058353926,2.57432562278298,1.89721906016077,4.68636240628514,11.005553314907425,-1.1129260449482528,2.124328379233598,0.5656517288422417,2.670458859615238,-2.128643161031613,-1.7343444552969913,2.7968225668686633,-5.636910578823342,6.512882317904955,-1.8811638200127394,-0.2979081087983828,-0.34687165794701125,-0.2713011279035105,-0.18886805662565007,-0.4185947002823796,-1.5536344718846258,-0.9656140366494046,0.19933780129232892,-2.093999814038627,0.010479623459294096,2.7605529982345045,3.8237267779648048,4.79781348824406,-1.4814070747497265,-5.174684505910109,-2.309504762685686,4.899698772303385,4.091910809389612,4.868486890585002,-4.270219334109482,0.1946056074151472,-3.4770679057572447,-5.177097636822719,5.738121921703277,0.30835185839274515,0.9783436535665908,0.08596419174468711,0.035762179540777816
2018-05-31,1.5596166907988904,3.573966973295537,2.096454020073347,1.323838659675204,-4.295597877927188,-5.802835221602702,-5.824246413499893,4.484294772784576,0.32917419349206023,-3.706867115310469,0.3205078694474409,2.3549693337430115,4.038249194699067,4.285945941171852,-1.2695482506823947,-2.8901806552175984,3.610026193684205,2.9787258057025325,-0.15186639945501224,0.29864429934343306,-2.5300234915157884,-0.2951090424950782,-1.1489379718109036,-1.435922484989979,-1.032836515603043,-1.509566109412752,-0.10892947120568647,-0.03718826720109497,7.971338062932116,4.8933531398754795,-1.2793675023752695,-5.142886866349745,3.1730938832731543,-3.001033798030475,5.037951444956107,0.8066057254760224,3.584883223735938,4.0039505822499875,1.7499235778978903,-3.5016303349253635,3.3003784885915177,2.5014687795901605,1.4785440908595988,-5.019603135416051,2.231771076347157,1.442298605870546
2018-06-30,0.1790173928315168,5.4480705346958,1.303773425379873,-0.2161260698812159,3.934798889191988,2.29608179977732,5.07320915443754,1.0109570460499713,0.7171046667349537,0.9292767445570382,2.919271591101992,-5.127193123079031,-0.6405370490346822,2.304480616763047,7.259407481223251,-0.25785916841091133,10.488760726976066,2.92367024117814,0.40893789308101675,-0.039132204631466216,2.8229974635072717,-0.14031753734277858,-0.7050604943551366,-2.3451158245883983,-2.222793185479728,-1.94631220379795,-2.1891176881264403,-0.02142614339000859,0.22100505683657506,5.12144803785589,0.6482703537804098,0.4679435638687633,0.031249855179159736,1.1524931752465368,2.206442590417567,0.035358325987323524,0.9166671663839632,-0.4619143773621726,-0.013272755781779,1.8271102046309526,1.1911573974174232,-0.825093216832798,-0.6580227918761947,-0.6117276207975535,-1.8539278473246976,5.635740421327965
2018-07-31,1.64037901525447,3.710619793901299,-5.413033862714433,-2.701508734419483,0.020755390248735905,2.4601651052841396,-5.614705242929239,-0.15299307761031405,0.9832667608335124,1.3730119692845766,-1.374966996356873,3.5887722339518526,-2.314347380775034,1.6646450248246656,-0.48693946701451235,-5.042072753232054,2.767818042472563,6.783951316656137,0.7512111680002009,-0.14412467711738314,-2.8524483600301767,-0.13439450732966177,-0.16640500843101416,-1.1729474372696909,-0.6646734394534891,-1.8663173393067862,-0.4128044298208714,0.007000501300672535,-1.7129461497305118,0.6832048036199547,7.608002062826749,0.92425072387914,-1.8949041781146667,2.872592171525957,1.9740124578717113,3.591160792476325,-0.917876249240104,0.24008757976934764,1.0083782119155524,5.3585170685390215,0.9169551497259967,1.117710402918997,5.566774306604708,1.4034887060058008,-4.0963524049553905,-2.332048984502218
2018-08-31,3.36231455164934,0.0051675386359157915,5.366684164593978,3.2607234652705688,2.610637657717436,1.935651547387176,0.06998106321319908,3.1239715061758617,3.2456286645502717,9.083989880340937,0.8930858164891414,-3.7317379261388393,0.5018471337563908,-3.4883120461190624,-3.8414175441293144,1.822204126464774,7.486103541720846,-1.521611660644031,0.3054373216416303,0.22738626629814374,-1.2333021661898753,-0.30688349980579566,-0.9893561625489511,-0.7730156718527483,-2.8098169595511377,-0.14157070390200782,-4.52363770751321,-0.005605385397699281,6.205926241685379,3.722492929230855,2.5617438730869697,-2.314615140226542,3.8448631138722495,2.7203925963739226,7.048978062632405,-1.146206986275808,-0.010868776504395883,-0.8442747105059745,2.733058839847691,4.222235935499022,-0.9826797176885425,-4.132027054739118,0.5323656052213813,7.518545225580705,-1.7600113833692976,3.629766946724412
2018-09-30,1.5209750699570077,7.94149901929297,2.235647845916907,-5.671149542254329,0.7043836735060857,0.5010040685996473,-3.0963016023002594,-1.4101950296334764,-1.6776547991655928,2.4679225581584823,-6.668650390708668,-0.768875410364391,-0.7697616533373931,-1.4619205957579338,-2.0990755126554648,4.390793235756329,0.457867311109465,5.798289483357643,0.5367014756429297,-0.33522444074605284,1.7921114136082488,-0.1780812699585653,-0.7388103857067876,-1.5435375541474627,0.47045815175099714,-0.24883680022816304,2.22512470625141,0.0035477422621798538,2.3596988758094493,0.6228864283724416,-4.4713580392191945,-0.7395844924159566,-1.8685216509744218,-5.082744370215972,-0.6679739863171287,-4.839900332577259,1.7048425070609903,-0.0637194712973102,3.737109356909411,-3.505886616252297,-3.9374166567414073,1.6683939325010404,-4.377686936160999,3.962523383686706,2.7420758910062593,-0.2321322343948542
2018-10-31,-1.5618035668081172,-5.072658864005617,-1.3137216669254008,3.8971424157628096,-2.7666191923110963,2.2537322581023633,-9.301997268865701,-5.4672987961763155,2.249587092196434,-1.9428473480617061,-0.21086162436052858,1.0138469184960726,-3.7487899187913887,4.31463763174733,0.4574736745513036,1.6543073912565216,2.378092863140044,2.353241491483797,0.056936248186124305,-0.039223842936308206,-0.16496069362052093,-0.10918421116725646,-0.3160195056444203,-0.8795856864617349,0.8542617293403637,-2.0289431466739396,-1.0267880260724978,0.0049125280950225725,-2.409162040802298,5.043784087219398,1.9959024531306273,1.8080679345793578,-2.5004852698347775,1.987057835992502,5.567809637493486,-3.320555686912326,0.3535503030118753,-3.800905285198356,0.6777796405165873,5.393705678669408,3.3413838453122455,-0.3185785451435418,-2.985030885259183,2.2539187051712526,-2.4008949522764698,2.3555625479633644
2018-11-30,2.4024638394456783,-1.593010640515144,3.244283488269558,4.696561293697775,3.578129196205341,-1.0522089901963896,-1.466100874785627,4.072184426249205,1.0006112560359264,1.1513983956496672,0.5224159763457361,-4.152635482012113,0.2964613502155281,-3.764480831427271,2.128023364900524,4.211688300907897,-1.8160479683952868,-0.6826661105848042,0.7279215418212136,-0.15080607368869747,0.09570205008321009,-0.17384365318401715,-0.3234904514899132,-0.4266839839372317,0.7624751331060803,-2.1667866924701,-3.589815784547393,-0.02850615194064815,-4.669308145377883,9.271957755788113,2.6244538216326414,-0.6206512358370792,-6.7040654132760364,-3.723051099938676,-1.7904172922955692,-0.4582239610051354,-0.17199367527454923,6.999003180732285,4.389238673909277,-0.045651993331236596,-2.253058856533053,6.496767732845329,-4.479609163966919,2.459482501996544,0.456853973908538,1.7722489080944563
2018-12-31,7.633938210562413,-1.7651248639073889,-2.7472335785944746,-2.1724276838206373,2.223564646163008,-0.6471439842168865,0.9750055006303401,0.43602650650150965,1.5175261069063186,2.6704068814875264,-0.2922389224414931,0.25055762768387846,4.480842584021438,0.43295616789629854,4.1681106637127066,-4.12022486104759,-2.330233628900097,7.465610031648734,0.29200099010619407,0.6311632469850385,-1.203013354690811,-0.1406015681835278,-0.35384303941062895,-1.0613350801055519,1.648512117032122,1.4571983810233595,2.8776793950752015,0.018002263795350915,4.777596026811783,5.111060926133874,7.051143442150336,6.300202937343038,-2.2167902559555017,4.111226244155508,2.468449216710127,-4.457911195441229,1.4146488035840759,-4.340644998620074,2.034290097043271,-1.8582401512078888,-5.025308333801107,-2.321106926200771,-2.6144188167719333,-1.1278817227251787,-1.4842734683467906,2.3211125498804464
2019-01-31,1.5587928548535523,0.44733924672359326,6.872082578130709,2.492647570479797,3.3962837314201155,6.055610688747093,4.525466058644514,4.430886494911891,0.036797201707772176,3.8221832109513634,2.4557922456417387,-1.032985837393098,-0.49994688176422586,-0.14989531123470434,-4.912315179219299,1.8202999647985694,0.7652869401540373,2.5943176982554195,0.28760044527804085,-0.24358936759279504,1.9194409310626388,-0.04581868300473635,-0.24454418584960233,-0.7077556316485103,-2.087749358675619,1.2480252148774076,-0.43476113076166206,0.017577321186227846,-6.722208445362032,2.442524201383838,-1.1753200700962108,-1.6228223628953882,-2.4528577864062022,2.7089525835574566,2.4087827330638576,0.3632087054363319,3.5911432341224594,-0.35846999889820275,2.366085016564869,1.6420480538851225,1.7474361005584411,2.1349306369186776,3.136032766912702,9.495621744291887,3.1338959012048258,-2.4855559129575626
2019-02-28,0.8006619439928591,-2.0649954452690826,1.2029700370179903,7.166903828672844,0.09894467232646315,0.2179595853494397,-2.877746233596726,2.5041885207223595,-0.7458254066939801,0.001781350302044571,-1.0791009558857843,0.8220525354179675,0.08171151623536993,2.1974041001927525,-1.747434264453497,-7.083525483166367,-2.316210497298603,-4.6581232175682175,0.40320622824003505,-0.20617253386732481,-1.7105721881135794,-0.024533094162824065,0.15991988012580727,-0.14601340818509986,-2.475302361666734,2.0624525567905447,-0.5586669622654394,0.01913493800144317,3.4381741621081883,2.384527441850321,4.160823898063381,0.5221902052928792,-0.20582052281236668,-1.5615240613921062,-2.948496798175925,-2.8905563828438563,-1.0859026159924197,3.325484846888859,3.973363555712732,0.46886915068712387,1.3504666869921789,4.459913663615959,-2.649667577003295,4.048627159126941,0.8220897900993738,-2.1092413051288297
2019-03-31,2.8701559501159144,-0.3039390916138922,2.571759032380121,-0.5272617952863975,-5.910918781191539,0.12281508032338329,-1.6407225151686495,3.225509880172778,-3.357975287174784,5.391138527146272,-1.116776782115237,-1.5278438221059811,-2.4569829203520266,-4.003410305029583,-0.2978334723738635,6.093270809578119,-1.3072406612183238,-4.023846667654423,0.8108881083185719,0.8307045158003816,0.9616879071325799,-0.02828009793891262,0.40839329323242324,0.6487916262604432,2.148198932099322,0.8654879467284697,-0.8681525506515422,-0.005945958080510294,1.047354336307917,-0.21390376285699675,-1.484703334594045,1.3961077096109986,-0.7134662869045834,-3.818130046455515,3.8392646412497697,1.990216032951179,3.962517129519938,-3.9873180335738487,6.418284988934549,1.0072134865189695,0.2119604562604509,4.7992254843448245,-3.4496029180055077,-0.9103460110256658,-3.3962266294904433,7.206257427272601
2019-04-30,2.0649129063096163,0.9874625042266252,-4.0560651268041985,0.661060526675334,-0.1715307574387281,5.527487154923074,4.487815544211038,-10.103206891718292,-3.5762631976887445,0.22681060032225075,3.2131024021283263,5.704472466757571,1.6551835692578236,0.05662739141754142,6.4485929322992845,0.9815712996842483,-1.6632332347674605,-1.4890461800900887,0.37895155380430623,-0.16126231945469272,0.20637091130512342,-0.0695733558269443,0.10116589357423333,1.0573951114423057,-1.9595736630581968,-4.791506534494666,-0.6369947969387637,0.002544713182267344,-0.3786858062659749,1.1146954487468415,-2.4982281931336585,-2.4174847887251056,-2.096533279556283,-2.158261338497107,1.4707062071089394,3.200740670864075,-4.340315754988917,6.931477046313683,1.0013147968367293,-0.9425508556148652,2.1384343055397785,-4.040647138182109,-6.609741567281598,-3.091161372531025,-2.3781285907402276,4.365773484661536
2019-05-31,4.58214432038999,-5.469082908069821,1.8219882610214773,-0.8809868512549595,3.1307163936185702,0.43546931782806503,3.51206836803638,1.1603036888732787,-4.184302020302079,5.820117714750911,-1.9723226972863932,1.4946771822544276,3.292763400854598,5.8721497983778015,3.9035742634677066,-2.487702943805515,-3.061687831037792,1.781905118066579,-0.31950308677820366,-0.11094578879478983,1.3946150548739704,0.1145876334549708,0.7621077248918515,0.684511431439885,6.065930898905719,3.885266190850172,0.7015201207111201,-0.012390236664507726,-4.178307766312278,-4.38704881603597,3.9153621796393367,0.6632201261734603,1.725929191355567,-3.204867562570421,-0.1993134415545013,-0.9122822086682001,1.508184730210349,1.960125625259029,3.2586807442789367,-5.109782929386907,2.6753279123249887,-0.7589060950926174,-0.781088461063908,-0.16163861483584413,0.2164417024152066,3.2846277799092856
2019-06-30,3.4985387739854485,1.2145087839400355,-6.895697142538067,1.8673817180821408,-0.2869406802448226,1.8593102880763648,-2.9625246667058893,-1.2881809067286352,0.30423987244836725,5.2191968084378715,-4.048909097335314,0.677086784614404,3.790774038256066,0.12824933975843555,-0.1482329617374843,2.061397928200986,3.901171716482812,0.6452924764300079,0.5117079273475418,0.5072256106926782,0.05390816824401201,-0.0024638159553703742,-0.0734184010926216,1.430972032166923,1.010921125924114,3.2107460928370632,2.0541596522200827,0.00085940311025684,3.717762516470438,1.9337683031352881,-3.335017781354638,4.19892169458263,0.10525707139944829,-6.31782533532747,3.597988122104184,-0.4842645648536613,1.1811948488890323,1.3854612885287656,4.242758662658876,-5.534096269238953,-3.5245478294226342,0.4869060819113764,1.8706274607876048,1.1617121133285453,2.6869088851521776,0.6138891917580434
2019-07-31,4.096225838482809,4.526354056979919,-4.1116100793005455,0.018712447713464142,1.3706859799741085,-5.8507277483818605,-2.9081218251339425,-3.816426781766162,4.812319236720964,-0.49693365008209867,-3.2901242596429077,-0.4318135974304291,-4.04634658256304,-3.0805000697809235,1.247297735020767,-3.5884073084284664,-6.548241209163531,-3.912322766264579,0.648038878689461,0.7354706460187656,2.7417296252508208,0.12903448682231905,0.6420273007666658,1.1643603128804378,-2.022242814841546,-0.259159153984028,-3.4121606893622625,-0.020064301895053094,-2.824641438907335,-3.1889166446404937,1.9202024029776799,1.2902470489218865,2.2576162294603783,0.7408763686939265,3.60101260336338,0.6447256156900892,4.312248336626098,-2.5458334185660805,-1.1764495465863045,3.9686193230984865,-0.7751091162427713,1.7584091146428857,-2.4326872024193165,1.4028156644694074,-0.9335373791101028,5.886031980038719
2019-08-31,3.085685758095573,0.6034549603974978,0.3475779266828988,2.7578088618802283,3.4363518087972005,-3.685151479542622,2.0833630889175456,2.037391032668368,-0.1406363936891194,-2.107020700526982,-2.5247946563323986,4.630079152333437,-0.6925319302396402,2.450619715171804,-5.5182723642267915,-2.1239886716255154,-1.7475131215453072,-0.019341711213470336,0.22598604813810919,0.5934691643982014,0.584715189521165,0.04660474052089175,0.5060421304509334,0.8945937940987735,3.6153320823499344,2.1752159334148895,5.1116980144946,-0.028110515801734626,-4.260568274885816,-0.5531516549266442,4.029146349489855,-0.40176454458524385,-1.6573317766567413,-0.271882175071403,-4.619270737845038,-6.284915820854437,3.7158119544372843,5.7690477227975325,-0.926718804664785,-3.2643260532346154,-2.497543198407666,-1.081560773071745,-0.6251194840813452,0.09059311932051461,-0.5464650356743624,2.581615230126935
2019-09-30,3.5947812760637348,-0.2144281742713629,-2.279872081194403,-6.222531797511371,0.3501650136943686,-2.0075487410486876,1.2489482742019358,-8.259596504261005,-2.5782158086390434,-5.527415654210941,0.5757660052907198,-2.3715523581555953,-3.445972547505039,-1.7563319459632778,-4.15403450471508,9.475111777657917,2.800039232578293,3.108276803666783,0.46478051708553936,0.600524402686187,1.60483063918049,0.1304968654041624,0.9816479055237141,1.4214344835337305,-1.3903109060534917,0.19881221314167707,1.4714114617310847,0.012026861646062204,2.0808540130630186,0.9964480902705332,3.373459326442713,0.6859585298544427,2.7030861509992925,-2.3898965176333005,-1.699910539765098,-0.001361335584081913,-0.018090981194114786,-1.7635578408871444,0.2864133804223886,1.8599813019088125,3.4446291583059927,2.032654481880407,-2.487532346987002,0.8005465217259077,2.4937743783060475,5.041915732851456
2019-10-31,-2.0430874390742093,2.999119316259647,0.2132674067380344,1.695531196694578,-2.3951860561263767,-0.12258572184425517,-3.1532445347680413,-1.252961736569385,-4.166707354403228,0.19687572586737462,-5.845987794777919,2.9730707343179317,-0.06131397233919905,-1.96342465821477,4.23249531749865,0.15589607065390138,-0.49112143871099384,2.7666395872676324,0.4043821225817103,0.15089585723823812,-0.5056564975761506,0.01641991413916355,0.5731899662193265,1.6805990061757614,2.108329907310428,-0.3735450437329898,1.6659711305007097,0.004064878937356187,-0.3965003855718655,4.675095483108375,-0.12832531927816754,1.5652458109589418,1.1091328227234907,-2.1964930986300817,4.803548704821845,2.322230481303089,1.7940327962821148,4.028109966724804,3.1863948862481823,-0.38128849668047743,0.9084187486827422,5.780391563305819,-3.40666015305996,2.05772267259751,1.0754704180742642,0.9338932491910403
2019-11-30,6.184059995996695,0.643307993292352,-4.254671211024034,2.094749263153651,2.3656008044512133,0.5845077794476052,4.946974825176278,0.7225316185858985,5.098324612966607,4.448669703651348,2.8429049951341154,-1.8732339857671407,-0.558287534917849,-6.043873163419585,-2.2096555775502646,-3.6217781987747477,-9.268575717129295,-3.944356794782674,0.6210070144296176,0.8702837727615909,2.042459921450342,0.34797878872439153,1.270039934504517,2.8731880615308096,1.3781426068851197,0.07921270879047826,1.53388150867702,-0.007134948209687242,1.1254653207105003,1.0381981381308871,-2.358487143345259,-0.6567027921584019,-2.3806273292635205,5.983401002421515,1.4826954531024343,1.8041464716615647,-2.3470212386343237,2.792721833472465,-3.3110504074826745,5.590702816584675,2.0699697161176074,2.3594250482644656,4.588969924683094,2.7399312245018534,-1.829068441458057,-0.18047578265935216
2019-12-31,3.71853905404055,5.440859212026516,-1.0235346138194923,-7.963859564609602,0.4024455673006505,4.099152586425574,-5.13918199378271,3.5461216500524153,-4.22353530946204,2.914857904205674,4.179026758480659,-3.9100378126973863,7.385454926505398,2.1174580971028503,1.6176422404216977,-1.0522722522690775,-1.10708409318163,-1.3563513872132238,-0.4681401131747577,0.32152292382064507,-1.2971955622100773,0.12175219292634315,0.5190265140761977,2.4308139255280943,0.1947916054304452,6.7052071390905335,-0.5211780052924095,-0.010883622896246559,-3.544031185494873,-3.2203727361231294,0.9978739412122358,1.1766563586053898,-4.545794399100452,0.37165394010092234,1.7565343679172938,-3.2046290543903786,-1.329089271086338,0.14146515012982003,-2.769920799855077,-2.636728656299778,-1.7442011596273694,2.6361896146154224,2.4726620824953542,-1.3985716750027626,1.2512782154468916,-1.2846803202622161
2020-01-31,2.5504456475414274,1.1541873421062019,-3.1482939058805592,2.541211248704491,-0.23055577138698558,-1.2406852724818047,0.07878707280519437,0.8883891894735847,4.661876804351852,-2.9842636673245937,-10.054154962530133,1.7159913350871332,-2.5971187835976774,-9.143581285525537,-1.1258415366626227,0.5445626797970795,0.16093301675855215,1.3591127346929817,0.9397395446865888,0.47530042878792605,3.9313190217746374,0.09153122561680044,0.3032902243751267,0.5315825897260757,5.97755871177384,-2.8696279693327793,-0.18990910937037458,0.005185223613633327,1.8013296223032735,2.9037906008564325,0.5487248697204001,2.1888436680433667,-2.366356091454892,-8.036818522673,5.705506831189911,-2.234201720045525,4.785197223639565,0.6595129205758918,10.176426008509258,2.039239123002698,0.08207166558368251,4.165290612371908,-0.11320086934255902,2.2937510262242737,-0.4878371513243439,-4.0991661528141154
2020-02-29,0.14375238402492496,2.325540915921741,-4.751158081236672,2.3267830282582826,2.531950305594121,-0.3063125799741076,0.17927253088838935,-4.2594322806625105,2.137418850863411,0.025348161867983166,-0.4762832445405985,0.15149964159444262,-5.997159224033364,-1.9568289298555834,-1.9939976736578204,0.9290407595083461,-1.0437084405285364,2.399220127552481,-0.08105771734269585,0.8162708965591641,-0.1474667445027574,0.16969411970633558,0.7997360937084641,1.6837910835276233,0.825730543457083,0.9579700970870262,2.576861181091234,0.013380562518286954,0.18658299727385497,-1.0951360585637324,3.7313052047148068,-0.3655451417067605,0.4490797379097292,1.4714572016655503,0.40274258999308765,1.6107476198215929,-2.685360340934218,0.49964475390711227,2.6778734473582855,4.3220601520854025,2.5582971667720247,1.9924397306023853,-4.748252520815697,2.111624105025245,1.6953430932243827,-4.421890345298722
2020-03-31,-0.053729497659571135,-1.8468852520227679,-2.620131577067639,4.971251223372505,9.620802120411215,-4.6872575529749865,2.696291160065794,-7.692499623391966,2.973065890462806,2.5609904323039574,0.7067685544951974,-0.9642198380142598,2.020057499738533,-2.5590689887117324,-2.941073876536525,-0.8597158627172277,4.208974833994716,-4.461292659236097,-0.01952045177643902,0.7884127170901868,1.8758973258151435,0.11998685506141915,1.2267014535497194,1.4957374519045055,-0.15227847236833028,3.4889428498974175,3.2455596426526063,0.00672748030996656,4.016462279027242,-0.7891491647101287,3.832127456976145,0.7019980003486296,-1.291953740081015,-5.972837757148689,-1.5047034590420685,-1.2565844994478266,0.6263011967346506,-1.052590489574027,2.2575240998293142,3.6369507230539857,-1.003629132157008,5.010985710345232,2.852444890481738,-0.04705900186630291,-6.0874215582355555,0.5666626094825953
2020-04-30,-6.54417104901664,-6.07865361201581,1.4485857471702375,2.7298391091783247,0.6380044504185305,0.8925920622239127,-0.8727306414650322,-1.2800444799515975,0.881831244234186,2.2923796772730736,-1.1479174694079681,6.961964795456337,0.7766923332042375,-4.8888985071443445,-7.71775706770733,0.21416298239243808,3.244937549843587,-2.453322475436882,0.229278178839258,0.3420485074220921,0.5734842673139873,0.1490505597860095,-0.28869051721913935,1.3149728438750083,2.2973690273679908,0.23522774613704117,-2.649449185252974,-0.024978093912823712,-3.1743563785052245,-7.972632295038306,1.5964528565464877,0.3093441369456758,0.4684728121974458,1.402537723367339,-3.876405860589762,-2.253949633306494,1.1029286823912707,6.381438948838011,-5.791787800623145,0.9045788062724023,3.5855137024583636,-1.939911692623898,0.6233279112409127,-0.42884195024005767,2.5783403668497296,-2.684222157152299
2020-05-31,-6.651690730716025,1.60569280528276,0.555109499727422,-0.9509086261026498,0.9502087258279306,-5.464163456337595,2.470121489582913,-1.9292072470586425,-6.887720111184802,2.5896372238612506,1.5705781356500081,5.747848185509293,8.465227858124564,3.072190263308664,-4.629652520753368,4.449824174043133,1.6649350081624674,3.953168784338001,0.07041431354255373,0.5386758484235075,2.508152818831592,0.07446205616714213,0.9843135558641711,1.362860212372735,-0.33264026961913173,1.0997545774591087,3.101182689183943,0.010499873848278107,0.6934157674007253,-2.5837831213540556,-3.92415650813499,-1.323485698725802,-2.3457075828017055,-2.301096309272174,-0.05546105241704144,-2.074724420055935,-5.6663768049931065,5.073456459589457,4.459959606735008,4.297666119573544,-4.933311390079673,0.7479299965272852,1.4392434393120759,-0.8665329318904607,1.7375169255023741,-0.5626719057343024
2020-06-30,4.383097267795769,3.949703287468149,1.0369058943226994,5.358879564731682,-8.814991051239392,-8.541803879341215,-0.10309835864536476,0.7024463832220315,-0.7657940861348078,-1.1586703822215847,3.0148641562959013,-7.441120384273429,-0.9667633619127856,8.066205460773745,-0.029477663157359835,-1.0405754213058236,1.5444681691732507,-0.0605728350492824,-0.9595996448260271,1.029160512760273,-1.3048356331681152,0.09043971904988385,0.6338887933050407,1.0645928493329295,-2.414612011033716,1.253853240269693,-1.164258057960494,0.010304251764340633,0.5281643491298867,5.1101465634163485,-1.3907924490342318,-6.671099875667705,-1.339585311871276,3.2101797860730303,4.724733478386412,-1.758514246434554,-4.302194059896495,1.7397385053226582,1.4749617584413723,4.0822494485865874,-0.834158071263607,-1.2368944128022559,-0.1177225182177179,0.2151625382222947,-0.11550359437220115,-0.8254574720856876
2020-07-31,9.62413300120323,-3.3202075880715682,-0.5384056296438288,0.9684539563284458,0.9231592478863693,3.2645015726346376,3.6101142962840465,-1.2868626247312764,3.287322233126689,1.0349012726779967,0.40528299640941645,-0.8470972977694969,4.203988187545202,5.436953323568412,3.712949100546161,0.269830213468356,-3.6785535637151527,-1.0292396895005074,0.05832288435478383,0.7403906807225307,0.7677794703945193,0.11120201629406634,0.3452116437470323,-0.14732714064153715,4.343002074469275,2.45220815202489,-1.3880517383642534,0.02248495866134559,-1.2075147914176996,-0.42781304626218075,3.286279047058297,3.0291121744718765,2.6584625953647,2.5482944621959165,0.6362967303734732,1.3784587084490052,-3.322931441105286,-0.8977045939926958,0.22040794914622458,0.9210896153166515,2.0298408971817645,-5.009368868170358,1.5762679290884045,0.09793433924193173,4.977107397406825,-0.027292949809238243
2020-08-31,-4.23941902522588,3.940714586190854,-0.47921686323747653,-2.123490185808443,3.6532944120020874,5.908700886974986,-3.479570193740951,-3.0516938101916122,-0.307796895926477,1.5062714252426013,-3.690027139480842,1.4705101970875103,-0.5833260160060629,-2.4173515464664037,3.436174435455205,8.295624246776201,-1.7706548098148132,-1.0199058904501277,0.3974082526427411,0.5856561822471316,1.363172427502155,-0.00451036524681081,0.33231118035345003,1.1496838388863124,1.851130802299567,-2.6950790056797924,5.542651362275095,0.015230117185832143,5.904378613389528,0.07269601273105664,-2.791522145470572,0.5675573962692997,0.3653195165222117,0.9630004076882919,1.2918109499247918,4.194879854992594,3.9814041810329073,2.2954468708993057,1.771848741135152,0.32771907565070874,2.224956240741907,-0.5379273172952126,-1.364298155037648,-1.0970152261346955,6.926464656757931,-1.4138445432654387
2020-09-30,5.2944160199147605,0.2140154420536231,-2.779342546675322,1.270040761907045,-2.804282309024561,0.0896692319191299,2.6356709998682257,-2.8127717931662604,0.1848105206729148,0.9760048442664184,1.5338674562132228,0.2983557536893469,-0.013841265926366697,7.7505990115751375,1.0274873750106008,-12.099873763810669,0.09339080122067128,1.3829251732784364,0.21500756322260556,0.2978661450389419,-1.3933472631575416,0.10855555667393896,0.14211276536907558,1.166351059232954,-1.4908110675643413,3.9417914839937476,-3.7921076141976253,0.016023329998981095,-5.099136410781897,3.1089322607362506,2.952877141172159,-1.5535196670475984,0.9728838720805706,5.338400479507306,-5.347024169598918,-2.705379756410209,-0.41100470374632797,1.0508856288007855,-0.9049240315723799,-1.6792433612599218,0.2743544261590641,5.3267898611659765,-0.6122755860777231,4.8145187176906,1.2387395417958114,3.046143304134726
2020-10-31,-1.3860850908876583,4.600584835617906,-7.011269938346885,-0.4909722724630161,7.085330852626142,2.1339306023265134,1.5953559299138975,-4.890474387742146,1.444355413274955,2.20708568938966,-2.9355010882592714,1.3476779571830564,-1.3522118209879785,-0.7125775199232339,-5.218437756009046,-0.37389030522459243,3.1203555470804663,0.9428056953299401,0.044856595036891656,0.44448403013309756,1.0675018940433527,0.05401412202759276,0.42073762775797574,-0.48952149024741287,1.304919683906967,-0.8794835567201882,1.271267607630962,-0.017075217230114625,2.629117791175431,9.657024991267454,7.985681696198108,1.259926112847554,2.26287284528558,-5.260215546691001,-3.3959415122954084,4.917498137687214,-6.574601949758356,-5.248051028551724,-2.10650706375879,-4.622226894618277,1.2797201079220355,4.477356870170653,4.2519599076567145,4.323418734755779,-3.8967294212183266,2.2573066571090714
2020-11-30,1.4108863561502458,-4.455303508615446,7.591694998082761,5.9808822264729065,0.6334094440367589,2.4571725291088193,2.8999293252698406,1.7967227341270158,0.10153000272152837,8.040361105710138,-3.081204731526159,-0.05400236613848905,0.3849001525458512,1.9730499708299163,0.38858863553152434,0.31311236068375237,-0.5645409517103506,3.3233457286312196,0.31090590159619336,0.11690714410706007,1.1252778153346468,-0.02600554683401987,-0.07955485033058302,0.6306216481514196,-2.0215967406101862,-0.6601878092820933,-0.20706116402502536,0.029236951188000876,7.7716421373543385,5.4739222659830125,-3.4289538533824713,-0.9792458235631644,4.164141969556649,-2.2322577430679345,1.6909344235873465,-3.1074995487408312,-1.1521977093242413,2.867629508259531,-1.5565456364681947,-5.581746833836926,-1.8158455179563349,-1.0589197475183427,2.7682146917966164,-1.1568372625287,-0.8667996885522283,-0.5837922277980598
2020-12-31,2.5782660393185948,-1.5069066257507624,-0.26536798980292975,-0.40390299440078237,-0.05386440609056156,-0.41570717127227796,-3.1206033537090585,-0.0842277073902801,7.573002832522772,-1.0327253449609979,5.35840284064329,6.270991544811048,-0.4914205503788466,-0.9530654368511013,-0.3507811425050186,7.078154765442847,2.2978052028246854,-4.295491540380381,0.15586796242142695,0.555608517243819,-0.3753410927165949,0.057092448898913156,0.6629026381430093,-1.2164802163487796,0.3597035273888144,1.5326835998928254,-0.2172433537725256,-0.002694304287979593,2.619624261164714,-1.9957712303843307,2.2469265909537186,5.311408674591755,-2.1615463315675156,2.8345716123311884,-0.18988686892568127,4.882902418096754,0.9703433089892661,3.276787832162444,-3.001183291586026,1.2476652041636556,-3.6808324746495122,4.6497340842924455,-0.6397265219862666,-3.7005907778920393,0.2283593330885996,1.3795699557636225
2021-01-31,0.47899836325007844,0.9422059230639956,-6.3083297795109115,-1.4757745578706418,-2.5832206763719623,1.0831490452671917,2.3420152139011243,0.6085311913952565,5.865673032204305,3.627667846341754,-4.475660244078116,4.571806321131614,0.2896421618725538,-4.739865611517698,-5.822073225109839,2.210375358224874,-2.2531550103542686,-1.4021384013946634,-0.5488940190384908,0.8472350800206938,1.0608521529040364,0.0002462714418626777,0.031276709104831935,1.1081558073520223,1.815815978318707,2.573795442295039,-0.1417891570179173,-0.020793081574704025,-0.7417895909193419,0.07657068438761916,-0.5055496136345623,0.28028446665689094,-2.058615104907813,1.087542654668458,0.8967973915838572,4.013561209763515,1.6299157279087817,-3.4229651840962556,0.4144055327081632,-0.43521537595230037,-2.5772040959059437,-2.607669951494403,6.407647710091099,-1.2885976104007428,-2.861286899843061,0.14419906712135766
2021-02-28,3.5795700877965544,1.0024009511163563,1.2303894034892031,3.31918916420699,6.1673615129550114,-1.6803511995472502,-0.011514849165049773,-1.176569565221518,1.3768100614584116,3.5081228696391253,6.38486888894407,7.439124547982582,-2.420591888049062,-2.251425014435552,-2.6071680362441665,-0.8698788256649502,2.425395845217193,5.1430751539860555,-0.17827607345880295,0.38086133200387007,0.03929794381737464,-0.04931413679287133,-0.30904801840970064,-0.37789216055923636,0.9699619679030251,-3.458500212879358,0.8966093500481949,0.017494445163827588,-4.582917387323503,0.9796997063471982,0.5495404687504089,3.18346646355315,-2.7077556377380416,6.338590897896818,-4.215635824658838,1.4419295154220566,0.4046774525308531,-0.2930217049832632,-1.6053252827791757,1.6761765848855967,-1.8646092232313922,1.871838031152286,2.6991537034617603,-1.7181668987378012,-7.019280583358217,3.035466180504804
2021-03-31,0.3532311046414944,-6.248426432800483,-5.469435940942078,2.264810971003059,-0.6793479300127125,-1.551697615719796,2.071962194640765,0.6561195831633737,-1.265956140472762,-3.465909924159657,7.998669413764887,5.045197280265368,2.9662297601235963,1.9625628983619672,-3.0325492687228257,0.779824931560376,5.352031520359963,-7.568126426205854,-0.6314827183716374,0.2298988705672657,-0.0367176620668887,0.06566138510832836,-0.4561576817140098,0.6814367593223007,1.12634202592653,1.3474811374887208,-2.4059846020492506,0.005655608724094818,-0.1232260691943946,-0.8407796575234179,-0.3752569891354493,-5.663419208556591,-1.391275126472424,-1.9873942097811321,1.3531309390199797,-2.7592911835107916,-2.4983651606036488,0.911239306487742,5.766011211707017,1.9082195134950215,0.54926854229122,4.725474829656284,-1.6126586582566858,3.770579828482683,1.0767556647594203,-2.9788516931318116
2021-04-30,-1.391721489991614,4.15895043450461,-0.5123946199318908,-7.54142724067206,4.970172827258028,-2.9220993850355583,3.3918919605572038,2.209936177175676,1.7658035008987034,-2.4856895998393655,5.3421161936557775,1.463727465264025,2.228740370372681,1.4581633087886634,0.7447521223487615,-0.18390777215156162,-4.364577510549509,-1.2645867378537519,-0.14417278983214932,-0.06334620530257962,0.12666596570003658,-0.06724193749861837,0.08871684888154702,0.20674310873660612,-0.40779856893116495,-0.9407206860007117,-0.1685008863726112,-0.047068686617558,3.455541813703806,5.75461509340149,-0.307452332003744,7.13989572472702,0.982711813778033,0.7522561668540891,4.221929526486554,1.4845306746509457,-3.257966106488961,3.8938538350292378,0.5752375651166272,1.0838398013410764,1.290800753686813,0.9939707550115934,2.378664752941227,-1.7595065222428756,-0.4676532462544222,2.692498008838329
2021-05-31,3.02494022252299,5.114544765432038,5.299101599613103,2.9493472902862488,10.51839606346396,1.4889965584358755,-1.365344531971401,5.888412390462178,5.026149075736898,1.98716858488427,4.658084843998208,-1.1160375255392911,1.3411667057438712,-3.196061283428235,4.073458502477439,7.243886430972231,-1.5819988325257248,4.244911526989658,-0.16619576114183368,0.3301930627573406,0.5320564329515742,0.0647554186719381,1.0489887061177272,0.2890164655610058,0.8809967560678897,1.146438696197278,-1.3210795703489107,0.02253695136176201,-1.2514972093823347,-3.215246851280833,-3.3508107023765143,-1.0894101799724392,-0.37915028655868765,0.2712238755437033,0.8007245777535053,4.915640131450419,-0.596414903365657,1.0569930181325327,0.7522804088450449,1.8686417094663694,1.678574811533855,2.468223259343549,1.1381192569359695,1.1242910339289782,1.5823078921673788,0.033736365475510094
2021-06-30,0.14459033786240766,3.8702289275630197,-1.0659949141242433,-1.1614994348311711,-0.6649239275126918,-1.2969079404374004,5.487639099112237,-2.4145420255702903,-0.8146641510339266,3.065159638897535,-1.3546679346669883,-0.5087098032440225,2.6274931302582667,3.157469168194673,-0.546396503299265,6.73140221849831,3.0493367725596943,-4.562003774447485,-0.013418201853049871,0.06979709041466331,2.9263737168985124,0.0703346782873927,-0.06463542380640563,-0.08509701834227981,-1.6931146111767417,3.5807906693722718,1.8937798572383597,0.02260151304867422,-0.4292115365046424,-1.8358592000710736,-3.0730777049532447,-0.9384274133956327,-0.1721393296515199,2.827094822126641,-2.844970890105586,3.517956541074326,4.143309484653837,-1.6759980945169648,3.1245062269262016,-0.6312245314972065,3.6267601142755943,-5.2609095062269144,3.2946684805086814,0.892123411765038,-0.5655548862042763,-2.5201173370436316
2021-07-31,-0.6050567661215236,4.80499454643731,5.7655214781089965,-1.2489042319024577,-1.9621620308026735,-3.687616428515469,0.04147847431653362,-3.373733315914889,0.4422481123767381,-0.7531216349250872,-1.948441124740035,-1.920113767295485,4.617170737952819,-0.5657559780802608,5.076590311110004,-0.4874538354531711,-1.132540148417985,1.2908161086905885,-0.3345739394105868,0.5937682507891512,0.23344668539613855,0.03563069722881018,0.25009158451185765,0.3682274276010179,1.1016777710887942,-1.4243423007172882,-0.24298638938203024,0.0059342760254456894,5.573624286048789,-3.6812567752331016,6.182124286457806,-1.6833586479031877,3.8000847179839905,-1.6403525596649073,-0.6282214529782828,3.6050862354979962,0.013724477935430635,-1.2409501415924802,-0.9052715145575583,-2.012273247459978,3.86980158835111,-5.897699432114453,1.8899185512204433,2.299873541278349,-0.49326105311443813,1.706744276934022
2021-08-31,5.431333366248399,-0.051139421738783525,-3.7725740089237854,0.781069993067285,-0.36723925546652714,-1.1451923204313061,0.0675782440958703,1.8470157992263068,2.5995344646454255,3.1202692560611247,-5.035069141699031,1.4312333504710268,1.04946205570673,3.2385201186193417,-1.002235119756492,1.8473473791276098,-3.2214310992460544,0.3148295304012866,0.4603146251551754,0.008803141909638518,-1.998848672764979,0.09747737943050586,0.2928710067023207,1.543561744072767,-0.017480361951167728,0.33024788940198535,4.311086764640382,0.0007656556094323419,3.7104861471036523,-4.943892899017936,-0.1939368074477709,6.838681232928251,-1.8182748727340412,0.9643081197778552,-4.273537943738407,2.6456696320218436,1.283355778929717,9.20345283503552,3.5254695424782483,-4.580576422490211,-6.011510730562923,0.9424090965438449,-3.2486589046186136,0.25756935068214903,1.875584000796084,2.2943880712821474
2021-09-30,4.040095600902732,-2.4901653041064873,3.913393381239776,2.4361683897698097,-2.0227035841196788,0.4783270762635362,3.88208439718896,4.019640444489001,4.580810569762567,0.710252027879799,-4.112082590192344,2.3437029768775517,-2.977934534645303,-1.1989786139258767,-4.039112248462315,1.233342761875407,8.595012944386239,4.4302555258190335,-0.4290572557885697,0.38952432676190085,0.6320147439249277,-0.10858559028718413,0.2706755470398763,0.26721421824198344,3.3562413282769494,3.176486262055729,-2.231704188937862,-0.005084861372949001,-0.17895908170880648,1.0553530209306259,2.2147432187445397,-0.8473090486770078,0.5221208556265681,-1.9909408240767128,1.863741818864916,-2.3408961681247753,-1.788731192362313,0.09971970590016419,3.754774801960708,-1.0159221514366699,-1.9964032769606517,-1.7358707407785015,-1.5563047723072403,2.826667982412219,0.9267431558106729,-1.9217999456834463
2021-10-31,0.6420145366516107,1.3188859411922738,0.38736524441666864,-1.9013374686889335,5.543208049597991,-1.6074769910338444,-5.428100237092661,-2.406088506551043,7.862668251495943,5.234331197521838,3.357387244028972,9.022734376467282,-1.0146797812528079,2.656544414664699,3.330471512805237,7.315616885403186,-6.255698955786965,0.9776520060898357,-0.8795695489391817,0.2045252114433107,1.885059157313953,0.37334797345431703,0.020066057980681118,0.7325678094401278,0.7360726497461317,-2.687398435202995,0.6750593945944958,0.017622201623883865,-1.7449356081502254,-1.283283915995734,-2.266889820915495,-3.234920073465669,-6.781425060362935,-2.183225656782351,-0.3815424201150185,-3.6495865680691826,4.0822642582560835,-0.011025911858606241,1.7965697473679803,1.756951137327437,-1.1302943979216122,-1.6193310458077992,-1.9293288298080933,-1.6191516115666094,-3.300187059854957,-2.111226164070134
2021-11-30,0.5156610832958712,-4.32552664528375,3.6804060618400296,0.3094424048153942,-1.8519528790815525,-5.683275029800551,-0.6623382265079216,2.8824793505292656,-2.16100336765559,-3.6408330273072123,0.6894510151348523,-0.9435516575561842,-0.3091780175286758,-0.6701968361313514,-2.987778138855204,4.933979007444449,7.115838464258338,-1.3429295409413065,0.2355546706970422,0.37551909214962964,1.0641308985577376,-0.0021121909541018113,1.3911965478287,0.8825547633273874,-0.759587956275625,4.743579903755405,0.6372522026735414,0.01588766699421934,3.9043540544934423,-0.8873000805959945,-0.9622853532965892,1.932356972901857,2.8401633779048456,-5.463632522970741,-3.9422617898713748,0.15049600498442675,-1.2077951824802082,1.1795990357695698,2.734894043277218,-3.3797518633016175,-3.75249138140757,0.08500489294469962,0.429902416447153,0.6158118616394554,-0.5239348002696441,-6.64565789203607
2021-12-31,2.8527706191381945,-0.4318287712247053,-0.6491563806523118,6.582210218571895,0.27030474516465075,-1.2331901986707081,-3.1667658690100646,6.991607437252213,-5.927490126719656,-1.1216660391848496,-5.475045739544765,0.8186252152838871,4.817719447914948,4.603654389914178,-6.282748234412185,3.526524895908609,-0.2808164139508038,-0.6694367904070997,-0.24988083872751732,-0.33707985090453674,-0.36244113163007574,0.20693034066822663,-0.13748092363430048,1.816602575040546,1.9590042475181275,-1.63015346221602,-1.00579129798052,0.0011078805563048688,2.6069511289616916,4.776867628496259,-5.177851033647245,1.1735585588275508,1.7707708512800702,-3.626656484268461,-4.838701579511735,2.2630084806595856,4.759733531823857,0.43011357352295754,-1.8923009566417641,3.534012465907693,4.410410196389947,7.660590998907802,0.8161773317244694,-1.2744569703331807,4.145025137474601,-6.0749071415551175
2022-01-31,-0.8137627879969662,1.756341954100063,0.671964738738293,0.27173811090350874,-1.3224199167324937,-3.0769903505677423,4.01584202626054,8.430306138792798,2.2782513621873792,-4.299482133110851,3.0303113688002625,0.6630802126271811,0.2821839919383914,0.8322865964215576,3.786108287189643,-2.527992321615765,2.488180390200673,-4.814305306188445,0.006909906614500472,-0.5308204827297816,2.1895631302486023,0.1468451834733029,1.2155441417684683,0.6132086356246687,1.228327198275118,0.45954033552638357,2.1190160654054018,-0.005951314977591438,4.022029426107789,-2.418335884943642,1.7312268614741948,2.6513705970142696,4.21504578576329,3.2651676500084017,-1.1481093028402187,1.5199266618727882,-1.5197051114496627,1.6803084638397985,-0.4447380991961338,-1.6524539689661129,2.6822306104009646,-2.268724549120252,-2.9625386621614975,1.8538018607283469,3.1838921226876375,5.323591897084209
2022-02-28,5.625543597179203,-2.549612304284662,1.1576517125779637,4.246985068150897,-0.9884683798971634,4.063622701973423,2.732660658266557,-3.273340114167509,2.2956132311277964,2.153457116046691,-0.007576281266593932,2.2470752199966584,0.8822060451812725,4.314629417887868,6.884490458691116,-0.4665724644541456,-1.6005998499861644,5.352140033234916,-0.32385673667510856,-0.05530554948368488,-1.5882016206668796,0.18154688097168092,-0.04546252642744264,1.643758823044909,1.163139104206565,2.63546455165547,0.5785908256373202,-0.002825801806110223,-0.7949831816470003,2.314752849576169,-6.0047843577393145,-2.6717976014232003,-1.7352844542491899,1.418388168764583,-1.2843681847292538,0.9259705274984065,-4.225716250441438,0.5887605776352642,-4.499267025949789,-2.198979179738972,-0.15508175569444788,-2.3868065052970775,-0.11063356512733896,-0.993151909987555,2.9394039949089863,2.3708111243747303
2022-03-31,7.687553189334692,5.164370144109713,-6.6150029758045825,-2.5454883134025423,0.4296427712120353,4.746435790310227,3.7544772513487787,-0.37879974426740703,-0.9158404680602986,4.133798388554943,-4.965278143073102,1.08569494976192,-3.8553064644179376,2.8323048711901477,-3.720788727352757,-2.4285038086529633,-7.029298989413123,4.180927375076806,0.027300391554183262,0.39462215333019046,4.698217059884474,0.11334165356900824,0.7029285901326003,1.4563310623622092,2.641431885184799,1.467322260857476,-0.0036940850081882415,0.0029044960272517073,-0.8696049519961746,4.790708984331985,-0.21453326863284025,1.3788878905005384,2.731598115436717,-5.073224678875678,3.207025252658659,0.4561707308582761,5.378391791099351,-1.2864761041516226,0.7137398953718588,1.7655264652974536,-1.0345265852748629,-3.767574056908926,-0.20709352403992523,1.2484496402393552,-6.921405895554035,1.5261261084805036
2022-04-30,1.9907143817117985,5.745044097159635,-2.373003405853405,8.828441852935862,0.6435038046558288,10.650814655154178,-2.790049181782906,-0.9218804709698951,3.795944911214992,0.09822762482807379,2.784315068060134,1.0762730481114526,0.10396800767987058,4.907169991726811,-1.9033182850097068,-4.609067078409656,6.574798091020805,2.8623559009190256,-0.0331715907854091,-0.09427178306210648,-0.19493563255464338,0.09628901433706044,0.9250727800426279,0.7374092437112855,1.863867902847187,-1.7878171679480865,1.9146584645805922,-0.012995566787174562,4.0810166896713005,-4.764538681456708,-6.094362994015157,-0.25737451490116725,-2.0599707068140374,0.5177295214942403,3.277425895581742,-1.0592634283657811,0.9176399796803718,-4.344630192454933,-0.8973441774783898,3.7056626114490703,-1.5099791376844853,2.5545123097380156,1.5542715531137226,-2.5424835104983163,4.69755651010609,2.2970725143467616
2022-05-31,0.5669495304166188,-0.04347667392183335,-1.0177613328992543,-5.247131428370083,2.79062623233531,-3.9868203812161536,6.512743900468465,5.406165415550952,-1.4499908675341604,-2.491035575759486,0.9785876741194455,1.1158091729313595,-3.237897487103941,-5.211873004154706,-2.7620457703811008,-2.313384475360145,5.012709143225937,7.5243253046847505,0.09845495075150695,0.39476547894764896,-0.12136591841320443,0.36529931870630056,0.14774040371498992,1.4583469286547683,-1.3200482098437476,1.8452637023854086,3.73543599387551,-0.009967758250914532,4.947567487554374,-4.502200061261421,4.0872935397041195,0.45412284210772585,5.58957809306873,2.574756019409124,4.6867542982534856,5.673278614130132,-3.1801861714124264,5.159579908115768,0.02298595372287593,1.515769605023505,-1.279093544823968,2.117840163888152,-0.2832383497933873,3.7156842695278294,-3.7523843087649444,-1.4689998826053363
2022-06-30,3.9989369589576387,1.5596577376188283,-0.26367352334711125,7.351904757623449,0.4818587127091709,-2.0619452649774854,4.533152912808946,3.1112643458876983,-1.1301835832499805,-1.4620494056831337,1.4086508687060668,0.8280498613783583,-5.597315963368476,3.2108828624661467,1.313759188301888,2.306399431574801,3.920018050144298,6.42796643908082,0.05631070550328088,0.19768059042929342,1.5356552753559263,0.03876901436271085,0.9580856251036901,1.6229039196712045,0.5269663123300313,0.18648432340735055,-0.6404988578171074,0.004547490630538414,-0.7809620534493329,-2.811674426092601,2.9560338321319946,-0.8736121927938861,-1.699740683592582,3.1337351826995703,-0.7323612861651857,-1.3707851849999582,0.5436452801659427,-3.9227596666397164,2.8700717116565175,2.6250497190486013,-7.025401636841373,1.7600140151354338,3.075051088912723,-1.4012313442939508,3.931080162459773,-6.730098459368533
2022-07-31,1.833470708474802,-5.977934550277362,2.9011245555367284,7.220812464695515,2.4170164108525123,3.814421555176664,4.0899711058396155,-2.460625272948557,-0.8113238561995122,-1.7563094774974164,3.576195779336649,-2.500600430068823,-5.488186781676545,2.5872339946800382,2.014063473505817,7.1412699152626455,-1.4473995928125472,1.1108204592440623,-0.5599638799475228,0.15426068965558298,0.023827045493391957,0.11812510940723334,0.5968233754137795,1.2027365538471322,0.2915410031119785,4.510949175533973,0.7481588542681443,0.0026109232956077755,6.824950454904828,-7.361832397544057,4.38043383041583,-0.43013045633188457,1.2420125120760104,0.5049368440574435,2.9472521425559774,2.466173738753095,-5.425782672205937,-2.1260744893862062,2.517818573530342,-2.5602439951646008,4.443721924156633,1.261045005896417,-1.8166613301245718,-0.1148942163085433,-0.3933255269966129,0.13973501599029187
2022-08-31,4.847654828761836,2.2714755044768027,2.3069081111638035,-3.136680315473503,-3.794077485026122,0.5995893805690143,2.344596586515397,-2.803475593117734,0.8890737271559116,1.0298783424095235,-5.536694678112068,3.8894709056126158,3.7285919648667085,0.26042183433270594,-4.598116347717614,3.0537918835301494,-0.18506325273314958,0.9834486446552061,0.43022995800710684,0.048801565106966344,0.9432938918256272,0.14003032988352934,-0.06990001949900562,-0.07102487482931555,0.8762514145256394,-0.2575261160622141,-2.571649553803363,-0.01223259542085832,3.2218204817635914,3.9787635896061473,3.7252200612618314,1.6705164156390186,3.6666632791787843,-0.46115575146976917,1.1244145351412458,-0.5639250183643195,5.123777055902029,-0.3771210896146495,2.1029500122105484,-1.6401531278198809,-1.8597066046635014,1.9230215618760125,-5.255681976274187,-2.2368592648587353,-4.59093775245499,1.1392183347986338
2022-09-30,2.207234997656453,-1.7134511296324477,4.7406536714816445,0.18391813300688487,-2.691045279414497,-0.7351287882203464,4.620084636750381,0.0033501371645578426,0.4711426214692457,-1.9957661018576218,-1.2536457421978235,3.2855158293038382,1.1177868748286388,1.4981683922629745,2.4274453862688032,0.07228882105598317,-4.018487815945307,-0.2992517194594776,0.1053843171875164,-0.8431800813488615,-0.3060091794385622,0.13568111793747162,0.6194719121774592,2.4044703343178586,0.823009194579059,0.5695730516320349,0.8430825981364385,-0.02677431996982642,3.3977766915906837,1.1046169916187885,-2.3098828298966687,1.9236148555019839,2.6735611286038736,3.4377995824478536,0.098851577144427,-0.07767020971746602,3.9123811403295905,0.8006330798842693,-5.950434382326701,-0.8536284101630158,2.2790939755093396,0.6261950381745227,1.1645571181167487,0.8015845974845839,-3.4591073533093724,-3.348237362944479
2022-10-31,2.7562268326811217,0.7111338800892169,5.835135605426304,0.17794307430256467,0.3873306033138619,-6.520458436729458,4.253274833745157,6.947893739192677,-0.4669411967017116,-5.0557390478226,3.0457521183816434,-2.803538615210033,7.725060175729614,0.6299525890095428,2.205939895898832,2.211537299835429,4.4453756026665,6.161979118347515,-0.5149819242885467,-0.3939847775172401,0.36084245607383975,-0.07524958814567492,0.20318358049137036,-0.3225641193322989,4.410267856778548,-1.6692034411123569,1.6904809180100686,0.00547762068002397,0.03555289663780792,-0.22271234705267096,-1.4786294555633943,3.8403887566306545,0.9881087045446328,-0.28572726769495554,-0.3368998483503289,-2.9704034803411736,-4.92647255258219,2.215427907286607,-8.537370980544631,-2.3145366585203573,-0.2212890180701576,0.8515798929607885,-7.1995118007476275,4.174675163561045,3.1539063341067366,0.5577114092054252
2022-11-30,-2.3078020995220694,0.7377974907070964,-0.427546209158017,7.915152297198625,0.4536764571191626,-2.712740213757077,3.401226841095955,5.56640259637503,-4.081147714747549,-0.151161792047674,2.361514559319412,0.9275170608728638,6.3438445432909205,1.7302541054399576,3.065473865830045,-1.431864366526517,-3.437928241512793,-4.699935596611726,-0.7249753167353215,-0.8056914182908883,0.6019413107534048,0.04650736861420646,-0.09387654428317133,-0.019954424113376917,-2.8351994597333308,-1.913704808300581,2.1967340690726234,0.007637346473369028,-5.782103488303113,-3.7250514714790466,-0.3173676053204504,-1.2112741715932585,9.922984229342232,4.297795127192093,-1.7547523466011499,5.32299296400372,0.9529843115489984,-2.553518618490866,-1.3073828849325533,0.6176680841444946,3.566208395161156,6.1809378906625625,-1.1524634254667483,-1.8732809141254148,-0.13663072689112932,0.5268600926994156
2022-12-31,-0.3331912829457855,-2.4248223113894407,2.9023453808964406,0.13655576719631174,-1.5680081709503726,4.089480063674232,-0.9823351798314377,1.3808193690706836,-0.2529979605921195,0.860564825628354,-2.9808156907824017,1.6257713634693673,0.2290535076941596,0.1805496528321841,0.38526581709746416,2.7823755989212815,-2.8601751313926975,0.8621570045942712,-0.023086789362525895,-0.420751467111436,-0.20429178683681448,0.05489619193415968,0.013134344848504897,-0.14046140576935778,-2.1592391802894033,1.2927880128499392,-1.8923484818138128,0.0004048104062355784,1.4750919178800321,4.211924681410826,0.7674808403353464,0.35395773028912864,3.105179528410626,-1.0083111219004306,1.9979479728875187,0.3149277069357402,1.5601843570262452,-0.3207656592419161,0.6970105769312547,-1.584784770037421,-0.9963878927351,-4.622958012677892,-1.1651460702277945,2.5880843841630474,-2.018437370842044,1.2204999820299263
2023-01-31,4.86905929841179,-0.25637756099641257,-1.581711442167617,4.623548779248723,3.7630505949521487,-2.175576438005201,0.9099162746423999,4.121825729970928,4.599846840616804,4.494581587989086,2.3096370593489524,-0.5395707889828654,5.143812963154395,4.090683119035435,0.38228400206875796,-1.6833103713883846,2.0206797947254986,3.664389559914752,0.010588139797063578,0.24834062778462723,0.3674078961680643,-0.10712743058870494,-0.4978810825300957,-1.5762755376828785,1.0562046379841663,3.579786576150303,-0.06549354620420118,0.002024051149861178,3.8485877498814682,2.573579340398148,-7.146716193450876,-2.9531848868828887,2.6192627077342023,4.182788951848657,4.2813179514705855,-4.318226607898963,2.6708336055035464,-0.6189634770908958,1.421437807700344,-2.1832406050085384,3.3869757530408147,5.665027428880267,-0.24038962265625058,-1.1465648670943185,3.0609095145350538,-1.689181328109817
2023-02-28,2.8028757613923414,0.7949040643102502,-1.649491830099997,-4.437584373700385,-6.02247991315642,0.31579120072367417,-0.6532882758082343,-5.3555809555912575,3.381212002340104,3.0903353375050453,-1.9244248190829687,-0.8865571014358148,-1.2927002334977762,3.9332247462641177,0.9852605896152286,-1.956761312356078,4.296012789970516,-2.548113920809799,-0.09838426862388461,-0.36462718595182586,0.0029439250892229485,-0.009367646628077153,-0.03126844052843834,-1.1209308618771199,3.0153270141874398,-4.786294991205567,-2.3534494548005824,-0.01504103915829047,3.7941083884808813,-1.6165539570132106,1.4234789475065317,-2.690220460271545,6.5988611289868775,3.3592866823219025,5.592340762971484,-0.5642756021660186,0.2637535661957113,2.424257669416996,4.6429911289567265,2.105168124947209,-3.344919150044038,2.6070117323481727,1.5133359683414422,-2.2799054822554106,2.5718938820828785,-0.2954810807517677
2023-03-31,0.8690640096809342,0.9041635178969997,-1.8515185457205483,-1.4651329010133025,3.5281018841620373,-3.5299158763356173,-4.073527322996551,1.244733895756547,2.9913036434315488,-2.02721423243763,6.07882115973106,-0.2033470184792164,6.088949180538142,0.19985974057571057,4.240766296527732,2.698908069564346,-4.505356583117446,-4.492828520335604,0.017555420097013524,-0.45345522543448646,-0.7743430298399148,-0.07058820878943801,-0.6426675577165328,-0.5794951633810101,-1.9752807865976985,4.133425799194563,-2.6751003938189735,-0.005190723937870484,0.4272585082115612,2.6662269876334204,4.376815471310696,-8.918915631755285,-1.247933051475753,-5.1489070639997845,3.074003675874519,4.477908103453898,0.7765909583562657,8.024127647949694,-1.7114417186704272,-0.20742408051274072,-3.344328352903721,2.797868966831641,5.795822269599423,1.4025049936635179,1.6290663815588646,-2.4173408725907124
2023-04-30,1.2585303238871939,0.3462938750531937,5.759970747365442,-2.35815540518935,-2.5386826872505934,0.2914830385735872,1.8725057911557736,3.321295295287429,-2.9933275991538184,0.01691641634086921,-1.160211210313472,3.275348602610888,2.847830834763442,0.32085856475674396,-4.9650434490634145,-7.735689492463563,-2.117803368647525,1.3696006631943973,-0.1208106469027404,0.0745329476447964,0.06921750323445003,-0.10229487441996266,-0.7054254879166444,-1.6686688153194726,-1.6350064035907532,-4.841489818901744,-2.5091424161361484,0.012241308161832692,2.429417096924377,-2.4458271446817887,1.087599373895399,4.2660902486883945,-0.8042884919575981,-0.2083470199432476,-1.3000852652471213,-0.1499138429008698,0.8904902874596514,2.1858645854337726,-3.7077427457734142,2.578231030016736,2.0646344569836312,1.2860617819683107,-2.5091941562940416,5.930499269482821,0.16644140615013314,1.761552146282222
2023-05-31,2.8164565165450797,3.384391445319969,-0.2696553156082112,3.950673708207854,-0.29833585660863304,-1.048313988159732,0.6457118210725019,8.927975731340828,0.02801143680166085,-1.9555011358523475,-1.5131608163810357,-0.4465353272505336,1.1881326642757006,3.5223712575719666,-0.5128674674598391,2.1805499066517737,4.84756066360709,0.4479560314208004,-0.4534175232089662,0.21290097386344942,-0.06405548717047431,-0.1038355524048221,-0.05736201902172973,-1.516725296440725,0.4324460039874448,-1.1236584437337085,1.512957087344431,0.004348980939264141,1.7803135550449998,-0.5543621687545361,3.0004574701703226,0.6049423816533093,-4.0984828986439155,-3.618420664544342,-0.8419350233688304,-7.868663316095899,0.5023704777533712,0.11130627173208996,3.7291303733764978,0.14878919202390223,0.6560602785372771,3.3596100917058638,0.261952496479088,5.502197954140496,-3.684303420659433,0.8458448069305905
2023-06-30,1.714161773844146,5.734327395258104,-8.562996663902773,1.9349644301343971,0.5622174371511097,2.952908143370522,0.06680685101148115,-3.715297501505965,0.5585098140856499,2.350015167291912,-3.9327039092540432,1.8992829232651463,-0.8695188664332036,5.138370904740425,-0.28785561557038425,-3.0696601225385662,-6.623443047173832,-1.9185439771222659,0.4253023787132794,-0.4410285624237374,-0.5675927613955377,-0.19385456695160483,-1.135511589484669,-0.770025977552669,0.11664820616689969,1.9660767530079022,-0.24371462460201762,0.006722120476454235,9.645293646329508,6.294601856811319,-0.8503260737706446,-3.069908112041338,0.5582225401676373,2.936327625261889,-1.1536185428960448,1.633445760574723,-3.2794509992422487,4.788526071611672,-4.488964872666578,4.181608367192133,0.410928666323446,5.62499322969827,1.5148207982035233,3.0389603934862683,-6.5337711908481815,1.3338187310278962
2023-07-31,3.6387926776425434,-5.11747747022873,0.7755265784945858,-2.0458319521550505,-2.0659084809335075,0.6922644789477791,4.5056715280688096,-1.713410948268276,-1.764771371036573,-1.6157115199234369,0.8950034093199518,1.1502200071768423,-5.390332584277235,0.9456437901857523,1.8701722773678089,4.76481562088626,8.127406377479833,1.2041600358672149,-0.2711098032201241,-0.24059923172797582,1.175990840162168,-0.23377037271659276,-0.6985157561386051,-2.2013485070502035,-5.060862760026084,-1.907119500176464,-4.055944792204062,-0.0018449790575432445,0.45192570290206435,-6.548053573678693,1.2784964144825395,-2.2310229676207567,8.077312207083152,-5.875049579498673,-2.932475455991638,-0.5861137994732536,3.9702482228432383,-3.3219487683198445,-2.039020660457235,-1.4079173547113109,-0.487183738143795,-2.220847977021567,0.06703555976750175,2.254011076793286,3.162348346628433,-3.262029309629972
2023-08-31,2.575879441860393,1.205464281254928,-2.0733709448726887,0.9655531743115141,-0.6276379400663185,0.3044184585672327,4.560014780952435,-3.0852354256668253,-0.003114421193038369,-0.34453909632503976,1.2347138716903163,1.027059584915431,2.141934376914725,1.5013863970213899,6.2135449982630835,0.43158445712808846,-0.6763128585574821,-0.6015917925758086,-0.25121539703781204,-0.26313878078423814,-1.1503865776836766,-0.1414121194477569,-0.8491180653216874,-2.8963478009673764,2.0814719046548062,0.6188951143366186,-0.28688161503194687,0.008725314463779804,7.4867107922338505,9.492919139456765,-0.7512489977204718,-1.9361151526249913,-3.931652702661136,4.488947164007985,4.984925502600505,4.09792134830314,3.5042795752154285,4.756326963426301,-3.1927282929238885,-1.6619814111449847,7.851975290087859,-4.939332872758598,-0.4714783956751457,2.3622211267614945,-0.9775452266282044,-1.816490430360553
2023-09-30,5.050864110066833,-3.9445578122034597,-0.16154940929055955,0.28741614074002514,1.601099424309779,3.7858392752672128,1.323725037047309,5.187691246940193,-0.31544329395421705,0.07820045270635917,1.6992607153258612,-3.277221847440251,7.150425438189018,-1.5382808684944822,2.6330957199425105,-1.1438379636341833,0.702323732698293,-4.185659973122929,-0.7016814080300044,0.03427681342186678,-2.213946584451965,-0.32885641822065964,-0.5151069689089515,-1.546407899994059,-4.77067494791347,-3.2911859270514108,-1.7926363955367346,-0.0008450851788776303,-2.7278117579647154,-4.158343901881127,1.2123153675559684,-3.8191087207313026,-2.377960082960604,-0.10856733374165167,-4.6046279192403805,-3.5767957578772775,1.7320621300366852,-1.0669866457105863,-0.2921836680195629,-1.8341941907024932,1.598871462503671,4.428081210848893,1.6600104554080761,-4.354685791837436,0.5952890067310066,-3.317311197182082
2023-10-31,3.964305981351851,-5.399047231650984,3.2186547951945137,-1.7617286073400897,3.3836685463615694,3.8311296372926202,0.6370629272406095,0.42261701471416857,1.705106973714715,-2.3011777066490007,6.558285963597241,-2.8786257019978665,-0.4621874887940087,0.9318031902298094,0.7250869996793735,4.06374609537734,3.964222525592489,-3.653626141437589,0.19946104739528378,-0.9048055190324857,-2.452223682166177,-0.06691296363324953,-1.118545348173828,-2.29935086087173,2.831706050190055,-1.4423991163886278,-2.5111188425768485,-0.008413874426538515,0.4524480660622159,-1.2547689156953292,1.4185736454576643,3.406055318065051,-0.8099833940313493,2.535616425017314,-1.494340842614083,8.885084974120774,1.9302885916011683,0.5096531843111602,4.801142314266647,3.694936982049542,2.586448126439569,-4.222334810176699,0.7618331558706473,0.23639838012183503,-3.1835138116278965,0.6558707452014774
2023-11-30,1.3073662724355275,1.9837325907018923,-1.919820838221325,4.604828465845371,-4.955790793830668,0.29976180440827854,-1.2367414183333796,-1.6560229567138076,5.744433896207897,4.687654926274926,-1.3665278031860904,1.7055438848527957,5.245564691251674,-5.532134560562041,0.8980526315805741,-3.749137279505377,-2.0944633902820966,0.9106202358751267,0.5923634932827102,-0.21727443680614772,1.0269026503499643,-0.15148328314562182,-1.147670676415623,-0.9064027700623856,-2.746056191798584,-0.671723201562883,-0.41078711591233497,-0.008024725582247344,1.1629771041724772,5.63790187892527,1.106102195880599,0.5695702121121127,0.004938103733553689,5.500745485981688,0.9764132785002253,-1.2400689172679205,1.0467570372866277,1.6206181534159778,3.557941704542043,-0.5438802544456576,-2.542263802870295,-1.3954769883579352,-0.967019187344009,2.3359251286038765,4.935297052036405,4.00441587735234
2023-12-31,5.045676537415586,1.7509050643128892,-1.766435857628162,4.583726811126891,1.811348396502257,5.187908980515658,1.7587688406195805,1.005172513280543,5.346557985622277,2.050049672568037,-0.36674437532592735,-1.6552652781029649,3.4110554684314396,7.007421767577118,-0.673107522966577,0.5710511313734559,3.972581726346862,-0.3681734628831052,0.39928007086155987,-0.8737576973373882,-0.8114854591609415,-0.22999424698362395,-0.651041644193745,-1.3656367252452903,-0.6557302684930475,-1.9179604719386236,-1.3291091710488907,0.008405748949812053,2.6943679230447755,-0.9465719602278895,-0.7406780643972479,0.7362076877148793,0.33796343730286554,-5.780998163000162,-4.000052114407786,2.9448532807528998,4.6561677677712305,-8.424674578159463,0.6904120325792706,-2.2842329198898375,-3.8937408574135413,3.034926262996342,-2.6539898403375926,4.547541033209229,2.52201531943055,-4.234475068251467
2024-01-31,1.5464528512116018,3.5592761443537344,-2.3254801390882966,1.6433590822804944,6.592179105569144,0.9451894436243504,1.1655695250627878,1.6780608717187173,5.105797600820379,-2.1420986513343707,-0.5415195352212634,9.617932740963244,1.7443372024421195,0.5237462896991756,1.83625744547707,-3.4245934759221184,-0.0800251920042438,0.15515142644275765,0.006516812415844175,-0.35080274947833184,0.08064759063446014,-0.24403486985287814,-0.31590793914802545,-1.3701678667851427,-3.1954134604368316,-2.3247559167427494,-2.1879486746980534,-0.006071692285464059,0.7157485120684295,2.969542687413076,1.2925787972438687,-0.9973261733108068,1.362690543900065,1.7886424272256878,1.2598448636039932,-0.8153261891116952,-4.767843695605626,0.9691544525996731,4.479099951732502,4.59487395571686,-1.2251468152207245,-4.378727611352465,-1.9541361110105115,2.6615018054093253,0.5004738491504754,-0.661798800209169
2024-02-29,-0.4868886576530298,1.3291301845187482,-2.4101587471481096,4.13049105583621,-0.019166590838217368,1.331729441358716,0.6463286703128545,5.242189155169665,-4.813475544050724,8.311466523577598,-4.153676034545387,5.015356391709123,2.391524971997794,3.7487573174433946,-5.3249223941848856,-0.3118553788434746,0.9504689301720683,3.740044207325595,1.1704149902021384,-0.4295145422115969,-1.3379857669919182,-0.1214724807388742,-0.6270866777394449,-1.6968826233330403,4.449331833394068,2.7762907434008097,-1.2999032259464427,0.003399304805967507,2.8533145062139393,0.14220690923045676,6.059223015082288,2.238684036820085,0.5314973784519564,0.5917916022696996,2.8395730144106697,-0.8270639533906118,2.4974694967734763,-2.3138133505307383,2.64963909167669,-3.1904797216901475,-4.567565477503576,-2.397178266332398,-5.986793752005655,1.128963710815157,-2.022777863375233,-3.8390255400271363
2024-03-31,5.5563583630451,5.09179416912597,1.5306056831990718,-5.3336769981287855,-5.919141086286336,3.0087002702560066,0.5939472695529093,-0.20436372210682557,1.253785163562407,2.6113000116109966,-1.2643318020459582,0.6478429287878589,4.7310938473239705,5.728556808324612,-1.7041159319234358,6.029393385186481,-1.0613971093224575,11.037025792364995,0.010639039521567029,-0.4384818174475426,-0.3849973043898883,-0.16033022655662255,-0.35589363442766053,-1.5315844514622525,-3.6960706291236964,-3.7193513110725607,-0.2528369895641527,0.019771363457922297,1.4317861702054429,8.081444166439757,-0.0759799596421431,-9.16639171617146,-1.1469287337700667,0.11787533126672844,-0.6428854869329108,-7.260461960470329,-1.459131138182882,-0.3660386343396453,0.7028311171483661,-3.160494437103908,2.243612240685463,-1.0224420352133152,-3.5104770122439652,-1.808868257689879,4.3461736252472685,-2.2097779486765132
2024-04-30,-3.2372018220876537,-1.1648816886471218,-3.5702054951662676,0.5137522705144703,2.3500959899046916,1.5069376328819715,5.568849452798099,-0.4297937804068199,2.5368251711101215,6.440023376857828,-3.962900831170828,7.489126902003529,2.1608163145134864,-1.434926136773523,-0.3002862952157481,-0.39453185136282176,-3.1820913690330515,-1.905322015032124,0.7487708610373666,0.15838282287582872,-2.558304416824305,-0.1178626331936499,-0.0511838716014148,-1.379288229169338,-0.6608316799163411,2.520566915245916,-1.9643580407826549,-0.014981637258405012,6.788896076767688,6.628728748973666,0.37671294025396806,3.236795426060194,-1.2607721608187017,-1.5361124920555569,-1.0201054089990378,3.4605021387958828,-0.08664617208743364,0.8192900361811092,5.400553920360197,-1.6854488414631263,-0.07280333454063148,-2.0890887010997403,3.4768326586604035,-2.688720292402642,-0.9682351803551873,4.147880077585131
2024-05-31,-3.162975350373266,-3.907132583235055,-0.9487268553751305,0.27771331378809294,5.245985792474807,4.209885571336222,-2.8986531054807916,1.4202519010190446,3.5238036520171976,8.741616386447351,-1.2527516021906746,2.291197259034907,-3.7475621217828117,-1.5307446070213178,-2.4810213466299693,2.4137527608039333,6.372254595421283,-4.557011825516016,0.3033314261858955,-0.12665737156532852,3.718659978019099,-0.12178183688630359,-0.6680932673156006,0.6112215856819874,1.4250859401051168,-3.5793927969410277,1.028097897028605,-0.01805452375866795,-1.6402937196199594,6.2803446713117825,1.4080722064545137,0.049083936994020194,-2.7698144341730586,-2.205359317104828,-0.4130332207655253,1.6335490117916127,1.6921826127925472,2.175376251348682,-3.279663465148964,3.9360932185229567,-6.370982317432995,3.7550124743734647,2.3595056851561584,2.5739525856777368,-0.10649328785117451,-2.146986137761188
2024-06-30,-3.6596868593935263,4.322782363255797,-0.316147667412804,-2.6477441268145387,-5.995390651187612,5.7451848263996625,0.0019098081747265239,-2.825697121110696,-0.9171796890846134,-1.9659675437622743,5.781117308555072,3.139366973090225,4.260031986325207,-6.514552992140102,3.022748566316949,-0.2397912119996265,-0.4940506972730577,0.18255680629860727,-0.21781380821305596,0.139676031335208,-2.8946378915872426,-0.12758611114957033,-0.14772199163536773,-0.2404703898230332,-3.079849937247183,2.82991038866593,-2.7616242091663223,-0.014946152411457747,-4.490262409315747,3.270864063256064,-0.9659501567846881,3.261973614905037,2.0798903674052327,-1.1812951484095442,4.080859446793377,-0.29646805583484903,-0.18421237798205065,1.0231084950443607,-0.42956931804500675,0.03623369476701038,3.640543028446154,-0.5226135213789073,2.424519485940565,-2.4226388642729995,5.8921911552399555,1.5555888106256743
2024-07-31,4.48846377839066,-3.6400935165174015,4.481504406793921,-1.1453149022252893,0.7764763588615841,-0.19652861368819707,-5.056621985286287,5.751368293470427,1.1423094265360172,-2.3528460053310507,5.072702822351687,2.448946958168697,1.8517487369419556,1.6882156195763192,2.7930531732237136,-7.339984931268001,-2.1908848436890147,-2.041255228200822,0.5855957796463535,-0.7025850034580555,1.880080027275031,0.044570331444831635,-0.36650873400404516,-0.549058518720961,2.3156999397059197,-0.17626751044730815,1.533707848190283,0.00800970133987361,1.3046829695989306,2.2908010964871224,-1.807435294212294,1.107829957727004,2.370851146168765,-4.809895265401608,-2.042726138632046,6.235547010788581,0.49275809583418684,-2.186120715078003,3.8996392364372356,-2.590392151084319,-3.2980353723371287,3.749485822695611,-2.537383780855939,-0.19193021234854468,3.6019204425255706,0.03059913892695898
2024-08-31,-3.1758704269081504,-1.1905630608824802,-2.216029632663869,-0.4009787311824179,-6.141371513880079,2.9831851092397796,2.5180226586860064,-1.3371675257472946,-2.992597226325101,5.03684549605309,5.369119586548517,2.433281839970477,-2.9300027066648116,0.5375271067886844,0.8094546618157804,0.4244771485398595,-2.7793140100673006,0.4866229983797111,0.5650816424572201,-0.3954022688660087,-0.3524811923081257,-0.15749553774661126,0.24254863871018706,-1.1241022267905345,-0.7466720828379575,-1.637885520259955,1.3907895294899415,-0.015571232754492736,3.5091064627859136,0.4767704924641424,3.562757638215437,-0.8763786113203925,-1.4542639648474411,0.33110494903257537,-2.0034170650955385,-2.5994129964722634,1.8547937670399315,4.026020129130531,0.10182652048456747,-1.058237144726995,2.9613922111472735,0.6236333177805362,-1.779116576470757,-1.906441402131608,1.3948700564617864,-1.4001367962377773
2024-09-30,1.3801159839665782,-2.7251577145126884,6.078001109630938,3.094793113191748,2.971349060835221,-4.000099663204029,1.3526667982415548,4.525113020939498,1.235026509478018,-0.9800050897507042,1.333219972651055,1.9125411866096833,8.50024136996581,1.5920920172480229,0.7950794126115004,2.7770542743586404,0.0583984281009155,2.2890162115308526,0.09766364371175446,-0.16862958785661636,0.2863398324649556,0.08471024127806426,-0.38278122364831174,0.9423680143603632,2.1531616470823436,-2.2639090750722066,-1.6435379963284047,0.00013928675064056595,-4.996574386839206,-4.110575656676157,3.3682691088509995,-2.363078379550362,2.00777133604341,3.1818275678257106,1.8680800318215742,2.102930995552455,-0.8799111379240256,2.838676738465004,7.5924374225240046,-2.1076856408653266,1.6811497942826068,-0.23070031264750385,1.809377704719601,-6.027090148625054,-0.05383634617060379,5.157300897319052
2024-10-31,6.312601125728562,-0.13825891560517561,1.2361323207478756,-3.0077220373182847,0.1643576185214748,6.404148974967798,1.2426674493971102,-3.289314332690741,1.9933412964207076,-0.7541335119447891,0.19481410694090084,-3.0907910881482334,-1.8804462706913339,1.8104849064339454,-0.12945398051614432,4.665896516304712,2.7185784087138987,-1.7324820307871875,-0.10576950930360862,-0.35886839798976267,0.5764418587992326,-0.11842873025872183,0.4867683334231597,0.19405209373437748,3.8936830242821685,0.9843511705261414,-3.8254689475328565,-0.008735946163810404,4.20251182981135,-1.703063982802137,0.36967412682574485,2.012231766168288,-1.1300754036121141,-2.7991283299637737,2.2025091467056126,-3.1786218861769218,0.41335791143546996,0.6761731988868871,-3.1689743629796587,2.6304480253910656,-5.793540528296646,-4.086951861610222,0.46204192683031897,-2.6237682309894295,0.23266037142953333,1.7937868926387717
2024-11-30,0.15132681039884432,0.4533024592824979,4.929290485288446,-3.6178108380453775,-4.831164969086778,-7.31633323403702,-3.5997911490438836,-2.2653591193329805,-1.3194495031589688,-3.5204596436915727,3.03556255322996,0.44384282622110227,0.32036152493507475,0.3986027415692649,-2.1117616730394198,-1.6146598558272576,5.703664212067994,0.12109721028691628,0.12981672198394978,-0.01574297838378691,-1.0363294583572031,-0.050204715477868145,0.40377362128553274,0.44036758593951497,-7.359133704133526,1.5069354636502728,2.8501574594837726,0.0069432630352156965,-3.3027306508274332,2.5102902063928934,2.7664657956054937,-0.7607358996766145,0.8821680765585892,-6.109690181674065,-0.016948037351703304,1.7407087559726624,-2.9113720841346336,2.3818844589971637,-2.7697586192664128,-1.9053993947316892,-2.726689048684091,3.3523785164909734,1.109001613896686,2.129338846827742,-2.3117034706857815,-9.890237432713437
2024-12-31,2.4903127363429816,6.679868695935834,-2.9462347088932623,1.5623914814388018,-2.168882464816365,4.721972154875639,-5.732877278480736,1.7173096942294115,-2.3704217051128205,5.0704098590451405,-0.63084517366706,5.016276549556849,0.7949571512242439,-0.8348698863118027,2.2486116413801,-0.016112550670211057,-3.865310650543313,-1.914866824824713,0.31259792340594617,-0.8007937965769796,2.0649886759554525,0.05680574962310608,0.23021050790717168,-0.029698273389083485,3.3539607970970633,-0.14502072528170448,-2.384481442597952,0.015173871704094788,-2.613780609801713,0.6347300887274523,2.2918223368936097,2.1679278303863945,6.225167632529189,-1.847948752687219,-3.616163254687906,1.8361790938231226,-2.074179716583817,3.180713179522443,0.1635050327126727,1.4995810071885065,1.5346212080445558,-0.7613608835592729,-0.29999629555736507,-0.6146012349106069,4.5548812968323915,-2.769867837102331
2025-01-31,-4.706045289874555,-0.32438148404884687,1.626574484987748,3.4484134581025954,2.8307110539378746,-4.848581221108086,-0.6161355460728197,2.3089751953137996,-2.02597534709142,-3.7390331945574027,-6.073144754222717,-0.7394557694121255,-0.7944713245690724,-0.6766557865727256,3.4010830988186775,-1.1198189406997647,-6.16871791671979,3.760084822078623,0.5841522227561775,-0.319151011602055,-0.6315762657803392,0.038781207529434536,0.06238257157377414,1.1496464946204474,2.7101227910851504,2.858950815535522,2.4490564275924913,-0.01471474903003217,1.6671058770860676,3.0642579571457054,5.043184965952493,-0.7925882008817264,-0.07957812368619571,0.1266453390028418,0.7068632623081978,5.613285180208546,-0.671191512512793,3.390489941838978,1.850511384866631,0.8897039145048578,-0.9560099101007313,0.19474300934281003,-0.08904577744689948,-2.3873420171778017,-0.18533831231163617,-4.450908128377395
2025-02-28,5.398782139246366,9.56998409071467,0.76432126387841,-1.194735025801901,2.2311718282028377,-1.1805406506879583,4.009785454068576,2.5837110872089246,1.006948808444669,-3.358094873935097,-1.9216266919630771,-0.7106555447104743,4.035798290253697,3.6803383213132617,-0.5968317946243022,3.3750307198518605,-1.9871826475747172,2.6632673402798073,-0.036247843524480794,-0.7513989103806487,0.5475249195889569,0.043429584353550155,0.535022458665005,-0.4679799440548275,-0.6147753101003725,-1.4019099891370512,-1.1948966869556796,-0.01775133859773209,1.3414615044938363,7.659367070355454,-4.646690764806249,-3.2257606976690045,-3.0098234717519814,-1.8824374272149396,-7.077285417196905,1.106937099082836,-0.3839122952763134,2.9841250224587084,1.3800942055672925,-2.758295806821967,0.39711937301594785,1.8129809789878442,2.185531982912166,-1.3689656255332439,-6.269560737922183,2.507965548744443
2025-03-31,1.3924711291864198,2.859673412300558,5.511043089945556,-2.8538167788623015,-3.3391281134055677,4.16772152416898,3.2517222533315757,3.385649603374204,-2.792876608845147,-8.845476241566677,5.043547254607564,-3.2628526047598374,3.3070028545200536,2.1333980931130387,0.18726139161810573,-1.7969466624029327,-3.307790199183114,-4.050127059824076,0.5721554540159567,-0.26157755426924123,2.6759403127451535,0.03517539369919015,0.020154264554413603,0.9939087368060405,-0.7501841992698126,1.7060794214849087,-0.526596756192292,-0.0010747265435166464,4.4602418631767495,5.659751795255669,1.862498871839608,-2.7259263043843234,0.7707838445152276,1.4181405634508906,3.069864114160495,1.4122845343657238,-2.750457026642829,-4.416320045562946,-0.36534159582041237,2.7176037540145304,-0.31739122971293043,-0.899898421460178,-1.8513319695499977,-4.424202484711749,-2.0314972681064725,2.5635849105824096
2025-04-30,3.855491145418585,6.843487595889155,1.769821720152198,1.9381117360798898,-4.231404561421429,3.213894374872115,8.750836252653242,0.5639577243492278,3.230698794301926,1.9619599275957171,1.9712100876678538,2.19499327971342,-5.324738914552786,-4.45720861202392,-1.7423311549608889,-0.5830359021587777,4.784857582899005,0.9101323839832458,0.14011352971247898,0.10449312369091529,-0.7478301666711515,-0.07753085210374897,0.003962675219907563,0.7471800980312266,2.7519221822836193,-0.7572816547474361,0.9072518823807552,-0.010747237647004249,-6.045882187019739,6.856516443153108,3.892908636631566,-0.369878606225238,6.889633822196616,0.6764849806793243,2.078894829604268,-0.9673610694404593,7.071412059959324,-3.1425300777652314,-0.016275597894508775,1.2370636125311563,-1.2960635431658147,3.0405393172685775,0.9791331928745624,-4.351349207425442,2.813264690713469,0.7971940405910583
2025-05-31,-2.911868065770595,10.120488710486146,0.1848939750307223,-2.567230851747686,-4.690246687867652,2.8817706803466243,0.42118917610199963,6.35528612760502,0.7921325802235424,1.2949966297820066,-7.610474654988691,3.2392905052264136,0.19942248061887963,-0.40010461489157795,5.239678025083371,-2.5660311839779695,1.8319932885363064,2.110478135215017,0.5097022885727671,0.05770805275500174,-0.5235858947766951,-0.005330437939110089,-0.1378685851503851,0.6660752314889062,-2.7275681109694907,0.46189236645564663,3.973057865189985,0.002795667958436776,1.6750618238970278,-1.2041777954206616,0.4350811034671736,-2.393691720512856,0.28203610053958345,1.8889038042400184,1.259600809036395,-7.297464663472231,0.7716993581835341,-2.989939943664609,-0.15512413109350393,-3.0533226369812634,-1.0130534101311626,-2.0076965532987616,2.070664473573508,1.6967463592484193,4.7724403315547415,2.7205454388278425
2025-06-30,-1.483063459819935,5.0322189685429635,1.9219425693037504,0.5853124465568402,-2.537181358426984,-2.7464365567091,-0.8310584957172974,5.544631604162231,2.9391346652727868,-0.820711451450891,0.29015462135712355,5.301817341994261,3.151866257160865,1.7430780230068037,1.8106010346576809,1.2258536437601135,2.925336830215919,2.4296353209475394,0.827335224719068,-0.5323893163269466,0.8504192135092774,0.007060847979271201,0.06350812341717821,-0.9418830078643894,3.4240231816748343,-0.5743300893875776,-0.6591086254959849,0.007330099269117596,-0.7083329672451739,-4.933313135315742,-1.340776725755158,1.0727074877021032,2.8723131070575034,-1.23911513055411,-0.23795319162591771,3.3630637848269673,-1.4042882864328659,3.303058431670622,-6.482901618936416,-3.711249296026401,3.4420534240336282,-0.8731797026272856,-4.248851621127748,1.1847226946522347,-1.6942629171685282,5.414065361649248
2025-07-31,5.269935067434342,-0.22202607872629454,-1.9430233894953823,0.6547489348427185,-2.458550525729721,-0.8291498801839555,1.5978723918313205,2.536427882699343,5.059754939528812,-2.5241325534187626,1.286628194471958,2.5897190400470076,-4.849882042049425,-4.291205162352763,5.613564305118851,-0.5628645006850508,0.48476368108263557,-0.8192206715826617,-0.2870360367225743,-0.022079281393392214,0.834854125574651,-0.03672065121256757,0.5047024113715047,0.4057308954043728,-2.375029113425233,2.208491831099705,-2.5978770912029328,0.004498753394611643,-6.525245166412597,1.9865162526348588,2.097586751703099,2.662093094079489,1.1653605842832726,1.2217608055379579,2.03045905032596,5.311359718242931,-1.7731258535794971,0.4190784390494414,3.4589705684739624,-2.477751531346344,0.40909369654845884,0.7004463643392344,-0.2797538010376486,2.974265896707689,2.8286719302422143,2.435485110556072
2025-08-31,2.956277503385503,0.6331047634283695,2.276029291869391,1.732938593173861,7.556114783811212,5.406101259077375,-1.3557244674475233,-1.322644224052318,2.307397211174462,0.6036432205892203,3.5227016184232345,1.9642392429339202,-1.5798732502150754,-1.265882698392201,-3.2578844063772197,-5.429301284921687,0.7073434669731679,3.6385872590125237,0.7280920058933934,-0.22909845787526006,-1.941001620224704,-0.06074930124330927,-0.35552869773304324,0.6241486643140537,3.364273348710343,-0.8714885810614019,-0.9759839852232779,0.022655895004535298,0.42714589844654116,4.490909961660672,1.676770723480082,0.8023776644474386,4.209979383792501,3.8845117578064343,-0.609093665902667,1.1247023262862896,0.7859360888475312,4.00588930253013,-1.0409797214386618,-5.013166639839006,0.40947851042316474,-3.7065407549244886,-1.8030395672023234,-4.078268261957759,0.033780537931922705,0.18778110924481267
2025-09-30,2.0519181539210503,5.128731555192846,4.108738198681047,1.1510073983032267,3.2662058569881633,-4.996577805126803,0.17090715177435412,-1.7133747695561856,2.7013625197295945,1.700409914371097,2.005918906027687,-2.92170684527084,2.27096246548519,1.2563261894501763,-4.611439833967814,-2.1654630703013567,-2.2650111785190865,4.93626818441893,-0.01751184278933121,0.534376916364953,1.5406609974457954,-0.0740123990252401,0.010415829377057984,-1.0649639090853806,0.8373935454722865,0.08611325554390814,-0.6297511830971294,0.006425499416967573,4.017505263723946,1.5869140973486686,2.566344528865071,0.9252281485585241,4.516484619565744,-1.995054443708182,-3.94216024732144,-0.060411152827194725,0.4924721250352429,6.126700173797546,3.454726506714893,-4.18760968553187,-1.0115785407711866,4.235853209781213,1.6925052979207307,-3.12837310543304,-3.750280229606279,-6.0326674176199155
2025-10-31,-3.281449818874424,-5.411660898378972,-2.0032851896755193,-3.3337690522469807,-2.1348931496333328,-0.5785318233416603,1.1096993593849267,8.284672439023453,-5.250687159581046,3.5286418062351452,-0.08518768583652714,0.48165682551973776,-2.691250543103066,-1.449605604327521,-7.906521303959236,-0.4870063245294912,8.34942181566972,-1.2699721742670584,1.01303830181338,0.6113034636710374,-0.3462444570560572,0.1320141713101033,0.12604637458901746,-0.8743874496595183,-2.5988950303844143,-3.580474238428784,0.8450375949870351,-0.007940694621689504,6.655450700708081,1.0118349332723735,-6.3732679945754525,0.730613518778393,2.728005471390606,-4.346119562247412,-1.9920472130829703,-0.4257379568870956,4.495203200903055,2.9615352586510344,-1.6995727481624985,0.2540079097546437,1.586606287641748,0.1932083224070852,-0.7078463836300094,0.24951718566683345,-2.0180890931715894,-0.6694439861490535
2025-11-30,-3.10679871243664,-1.1773337414878715,4.465677446798328,1.4684696872882639,2.52885363880232,-4.405402676373434,1.4063366109878443,1.6940881198531836,7.023877919270012,1.3004473079296277,7.022457844825386,2.2116589468736247,2.0865722362316648,1.1336502215290585,-4.095360186558811,6.989231044552137,-2.048558152243595,-5.743780398517177,0.21324178181153464,0.05143428268335981,0.6966535508874105,-0.2552923995934312,-0.7155390465333773,-0.09293219681125453,-0.14238139840918687,3.7564953540603048,-0.5395931089638096,-0.010830242155867198,-0.5485667926032616,1.481920904963366,-0.26246180083906,1.947013410291392,0.8072052083819752,0.08287565815045467,-4.383332628815234,2.756424640762528,-2.6684407826936596,3.3909125087276406,-5.6527015206641575,1.1102642688607998,-3.777163928050178,5.0658167285015505,-2.8149379748189407,-2.8488701229963187,4.437999795891219,0.2609336007801
2025-12-31,-0.3242873463489484,5.412313815827691,3.7892810088100477,-0.1466032748221212,-1.7764364261089673,3.0481639229391915,2.493390354679132,0.41233738359916416,0.3432564194732932,-1.110726148820799,-0.34736639767318944,2.5089989693998085,2.0281596028643714,2.8213626770606384,-1.608819070484962,3.1411627784084226,-3.9235623327911133,5.252718116011615,-0.3423352831204671,0.3766483228183162,-0.7985906567936595,-0.011038691640353482,-0.23225172617790182,-0.11668988172072625,2.119645869360137,0.7059344968299535,-0.5466323497083929,-0.014100118141781193,4.747573337061096,4.730650535385594,-1.0418848897430628,0.5509089997622472,-2.458029647459301,0.22702846815316713,2.1461940503033503,-1.8262030246514376,-3.4903627153251513,-2.602373822348947,-2.437203526295276,-0.5210542840096479,-1.9199101651392587,0.8529283250785793,0.726508253998053,0.07071786065545804,-5.637119725051298,2.4078688892796984
2026-01-31,-3.9203014295702223,-1.8923702733866294,1.182755836019548,-2.5698034165093584,3.9945497521387003,-3.5389748714251996,2.5335201342960736,2.1589931777621683,6.966754024786588,-0.14979925957477297,0.23284922823667337,1.3124389840882797,7.468216788540016,4.148633172737063,-7.796545442015768,0.4587305061019786,3.7098773326898846,0.6091905932156547,0.6034685074372494,0.28347951937242627,0.8321697163901756,-0.1788298363951302,0.1859520162462583,-0.9678362833214023,-3.538945189246733,1.0736800509356543,0.15620048553550303,-0.026273523275649358,2.813858191508128,0.796372909503017,0.04385193855742059,1.2560278605261965,1.0009882323435135,-0.23119676026617725,5.914027477531115,-0.9518610386176396,-2.247501451747355,-5.688792459174793,-2.754194136943682,0.3773540027379462,1.3420550598083758,0.8848047550231777,-5.069928733163725,-0.9331431644692407,-2.199789974198769,-3.003662408380812
2026-02-28,1.3266879243974319,3.7173656894992284,3.2060699551620755,-3.7156625553764417,7.286176496448876,6.235455928667204,1.6881165173947732,0.8583940796527183,-0.38350874439328075,-3.2150915787650227,-0.044598199976370156,-0.2961145575783982,-4.975742118589168,0.3782394215038811,-3.628661068256581,6.472818945380597,-3.888233661407617,-0.5894267569298101,-0.16360054725551887,-0.255157906276696,1.2522267530786353,-0.10540055062867054,-0.1831113689662069,0.49191507849579985,3.578432402563189,-1.910382703225503,-3.787117965314257,-0.03062690347436764,-0.5986547505193953,-3.4909538732160916,-1.4145655079918171,-1.4073479412330312,1.9624522826187416,4.151022597754601,6.384695909165389,-2.556011901084165,0.2508550254031817,-4.20459582722067,1.7014439270136892,0.7066563261163599,0.7981001248109507,-2.5281196843846057,0.06815616751405418,-1.4787831114345908,-4.189825357767136,6.783573377449242
2026-03-31,-0.33049477789883697,1.935923336531431,-3.364920860763964,1.7922354082964622,2.960888908256761,2.6607333579717416,-6.7877334495580195,-1.2740008689079998,2.9469112335708925,1.2437696073015805,1.8386410502379311,0.7510403243020797,-3.050783945658488,-0.35400921014105335,2.8445088496521134,2.236473540674394,0.19876730222312056,0.34487071522741897,-0.13378196106932794,-0.3038589036653149,-1.5099149909472644,-0.1049673436947198,-0.5626068785110506,-0.2562800110559723,0.293431909278017,-1.51288669510941,2.352967562708582,-0.02766158937575347,-8.246611799977556,1.1037948338174841,-5.203959838529296,0.945448869620742,2.9321807325765556,0.7086408601978392,-5.150619029160872,-4.220483215653504,3.4919996622387126,2.206034708286551,-1.4032144425889146,-2.436972078417879,-1.3381435557137569,-0.1398585237354154,-0.3816709211610675,3.672539152370418,-0.1814028114030919,0.18559156471442506
2026-04-30,0.36661296509456875,-0.1989017323877772,-3.013562316553745,0.32426300595558144,1.8492777481415783,3.3298044726783065,-2.924107857808693,-1.4273554015664027,0.4365062242130059,5.15287400679595,0.16048671262947511,4.349898622252446,-4.388055562303604,3.265596366919663,-4.057731484128358,0.04444092460161375,-1.6300853339865276,3.170873351815259,1.1243927434006942,0.3144415014972993,-0.43971314125272143,0.04486725671889896,-0.10369612843569795,-0.5415213375620744,-2.0662624171672332,-0.6925057141557744,-0.7963858717142136,0.01499147994408545,6.288596722683606,6.501643625122822,5.805203922607365,5.292147079672824,-3.054093781419839,-2.225628154825727,0.3838387201146899,-0.3735968477907581,-2.0345280196532025,4.202789077123961,0.3664763063229661,4.2391926045016435,0.4605961075620505,-0.5015190182224998,-0.4321635965958073,-3.884061289221985,4.274245365590178,2.427987316676648
2026-05-31,-6.814780485860212,-1.9969243688288187,3.1726331919968613,-2.1561330826197214,0.6126202696223803,2.118701793711871,-1.5127992776919974,0.37511770728927996,-3.9890328722353594,0.060710371254297735,-1.4161733754924655,4.022590484087734,-3.5603303482242143,-1.3987360458746358,-1.5283406273391786,0.4609135485284853,2.481273331879808,-0.8564322095541829,0.7092996267616398,0.79205145583029,1.5880079529976745,-0.18022727680951456,-0.23398659056343296,-0.901753158524734,1.6716100491182464,0.427710071762442,-3.4481652883298324,0.012470292323472743,0.04492346515479062,1.5785847354198266,-1.7446533893132943,2.3148155352655904,1.6988664402819704,1.6536101875655456,-6.05937073358648,-8.11463756347279,4.179343718182576,2.5030466890456173,-3.4267640267727453,-2.7773269166624477,1.5517536506642389,3.363582103240474,3.1295253329758577,1.3989258775423699,-0.09876356297255706,2.5009405358141565
2026-06-30,-1.3071753758917395,2.9988567665526804,2.516261374777784,3.7489725891541337,-3.4824390259651974,-4.728216998723691,-3.97220585717868,1.5947185647695203,0.7214949260853492,0.021764896298597125,1.2961983176566783,-1.095874102022148,0.6791751811439193,-2.6640411358342195,1.1731328950134965,-5.784189837057872,-3.0005921536412865,5.942806097633878,0.7497990449983378,0.38075620290939755,-0.2338824957782159,-0.05938760205686605,0.06351046061903143,-0.3342488117739643,-1.8911987288205756,0.1228712063291788,6.112195273052259,0.01945760821681536,3.76050690739988,1.7111140667231317,1.369847403102658,1.625978316541958,-0.5234456773136116,-1.9721461436820449,0.4289135892599147,2.0512775441274345,-0.2296726742435345,0.7418042148756259,-7.039997298415348,-3.7156693259423643,2.7917371724290176,1.6695646430076119,0.8460066102869268,1.6165340328534676,1.7967808592051555,-0.43320214253913186
2026-07-31,-1.3661387288184974,4.405163635391111,0.10544493893671592,-2.0496363408619396,-5.160633019227356,0.6056347606837895,2.8252304810765643,-3.418023733230781,0.9519541156341559,-0.07717671008015914,-3.5959390763964247,-2.174606258649569,1.063007731489845,0.6103355986382051,-6.468705716622701,3.6168167059972873,3.252664698593413,-2.7339471752543063,0.10914928545906999,0.06240035867267035,-0.41549422083525256,-0.016631520290702917,0.1685374653284165,0.062439946903695476,-0.6055818058321174,3.039491430322567,1.0272735770242658,-0.005720497002843827,-0.6327630148037259,-7.1987526084509526,4.475838232179559,-4.290980739181863,0.7366155075285773,-1.4105386988184923,3.2154653722112445,-3.6561778592483036,1.2476365105695204,2.0862506190584926,0.7709135647278279,-1.1803209239321137,2.215983969992194,1.574655976534196,-3.648848038801193,5.1451438787995345,0.35515224964333025,-0.2222218586215559
2026-08-31,0.08719373058575741,-1.7201427206310647,3.3007542938274534,-1.8409194399627689,-1.698032258452181,-0.9288437714060659,4.028158992493699,2.160602620322348,-0.22837113459430425,1.620554315042485,0.7247359866619438,0.2609458703890697,1.007847424653212,-3.7755411091471744,3.1790686059466826,-1.272442404272493,8.24006330098604,-3.568049636802721,1.075559357421219,1.0303388513209004,2.663425964691291,0.2649511847547765,0.490477346391901,-0.5882887012175032,1.1759058288036963,-1.853966105126558,-2.4489677342453144,0.009516210218724563,1.4214167720933886,3.420807990929826,-3.0524924927061656,-0.6725868380991756,1.2436697041131226,-0.7528160645684715,-0.1676530615599795,-3.3702589862543526,3.0906702963289874,2.2624603989462466,-1.0178261828657518,1.9178267337882167,1.8733917920027707,6.395745309051761,-0.6384967985512713,1.5189636035814444,0.124010342774452,5.380561273396831
